document_id,processed_path,page,chars,alnum_ratio,replacement_chars,page_status
PISA_001,dados_intermediarios/processed/OECD_PISA/PISA_001.md,1,86,0.8256,0,OK
PISA_001,dados_intermediarios/processed/OECD_PISA/PISA_001.md,3,75,0.8,0,OK
PISA_001,dados_intermediarios/processed/OECD_PISA/PISA_001.md,4,2514,0.8095,0,OK
PISA_001,dados_intermediarios/processed/OECD_PISA/PISA_001.md,5,3567,0.8068,0,OK
PISA_001,dados_intermediarios/processed/OECD_PISA/PISA_001.md,6,4146,0.8227,0,OK
PISA_001,dados_intermediarios/processed/OECD_PISA/PISA_001.md,7,3991,0.8111,0,OK
PISA_001,dados_intermediarios/processed/OECD_PISA/PISA_001.md,8,2051,0.8108,0,OK
PISA_001,dados_intermediarios/processed/OECD_PISA/PISA_001.md,9,4251,0.8175,0,OK
PISA_001,dados_intermediarios/processed/OECD_PISA/PISA_001.md,10,1341,0.7778,0,OK
PISA_001,dados_intermediarios/processed/OECD_PISA/PISA_001.md,11,1469,0.8101,0,OK
PISA_001,dados_intermediarios/processed/OECD_PISA/PISA_001.md,12,1813,0.7921,0,OK
PISA_001,dados_intermediarios/processed/OECD_PISA/PISA_001.md,13,2509,0.8079,0,OK
PISA_001,dados_intermediarios/processed/OECD_PISA/PISA_001.md,14,3675,0.782,0,OK
PISA_001,dados_intermediarios/processed/OECD_PISA/PISA_001.md,15,3939,0.7837,0,OK
PISA_001,dados_intermediarios/processed/OECD_PISA/PISA_001.md,16,4494,0.7866,0,OK
PISA_001,dados_intermediarios/processed/OECD_PISA/PISA_001.md,17,2197,0.7715,0,OK
PISA_001,dados_intermediarios/processed/OECD_PISA/PISA_001.md,18,3141,0.8029,0,OK
PISA_001,dados_intermediarios/processed/OECD_PISA/PISA_001.md,19,3860,0.8034,0,OK
PISA_001,dados_intermediarios/processed/OECD_PISA/PISA_001.md,20,4190,0.8019,0,OK
PISA_001,dados_intermediarios/processed/OECD_PISA/PISA_001.md,21,4388,0.8093,0,OK
PISA_001,dados_intermediarios/processed/OECD_PISA/PISA_001.md,22,4219,0.8109,0,OK
PISA_001,dados_intermediarios/processed/OECD_PISA/PISA_001.md,23,3581,0.7975,0,OK
PISA_001,dados_intermediarios/processed/OECD_PISA/PISA_001.md,24,2457,0.7981,0,OK
PISA_001,dados_intermediarios/processed/OECD_PISA/PISA_001.md,25,530,0.7906,0,OK
PISA_001,dados_intermediarios/processed/OECD_PISA/PISA_001.md,26,4237,0.8041,0,OK
PISA_001,dados_intermediarios/processed/OECD_PISA/PISA_001.md,27,787,0.7637,0,OK
PISA_001,dados_intermediarios/processed/OECD_PISA/PISA_001.md,28,2750,0.7916,0,OK
PISA_001,dados_intermediarios/processed/OECD_PISA/PISA_001.md,29,3664,0.7926,0,OK
PISA_001,dados_intermediarios/processed/OECD_PISA/PISA_001.md,30,3946,0.7025,0,OK
PISA_001,dados_intermediarios/processed/OECD_PISA/PISA_001.md,31,3597,0.7198,0,OK
PISA_001,dados_intermediarios/processed/OECD_PISA/PISA_001.md,32,3888,0.7495,0,OK
PISA_001,dados_intermediarios/processed/OECD_PISA/PISA_001.md,33,3967,0.7507,0,OK
PISA_001,dados_intermediarios/processed/OECD_PISA/PISA_001.md,34,3707,0.7211,0,OK
PISA_001,dados_intermediarios/processed/OECD_PISA/PISA_001.md,35,3561,0.7324,0,OK
PISA_001,dados_intermediarios/processed/OECD_PISA/PISA_001.md,36,2976,0.7658,0,OK
PISA_001,dados_intermediarios/processed/OECD_PISA/PISA_001.md,37,2949,0.7555,0,OK
PISA_001,dados_intermediarios/processed/OECD_PISA/PISA_001.md,38,97,0.6598,0,OK
PISA_001,dados_intermediarios/processed/OECD_PISA/PISA_001.md,39,95,0.6737,0,OK
PISA_001,dados_intermediarios/processed/OECD_PISA/PISA_001.md,40,2660,0.8,0,OK
PISA_001,dados_intermediarios/processed/OECD_PISA/PISA_001.md,41,554,0.7906,0,OK
PISA_001,dados_intermediarios/processed/OECD_PISA/PISA_001.md,42,3786,0.8038,0,OK
PISA_001,dados_intermediarios/processed/OECD_PISA/PISA_001.md,43,4191,0.8208,0,OK
PISA_001,dados_intermediarios/processed/OECD_PISA/PISA_001.md,44,3270,0.7902,0,OK
PISA_001,dados_intermediarios/processed/OECD_PISA/PISA_001.md,45,1089,0.7897,0,OK
PISA_001,dados_intermediarios/processed/OECD_PISA/PISA_001.md,46,4095,0.7941,0,OK
PISA_001,dados_intermediarios/processed/OECD_PISA/PISA_001.md,47,4121,0.8115,0,OK
PISA_001,dados_intermediarios/processed/OECD_PISA/PISA_001.md,48,3877,0.8174,0,OK
PISA_001,dados_intermediarios/processed/OECD_PISA/PISA_001.md,49,1145,0.8087,0,OK
PISA_001,dados_intermediarios/processed/OECD_PISA/PISA_001.md,50,487,0.7906,0,OK
PISA_001,dados_intermediarios/processed/OECD_PISA/PISA_001.md,51,766,0.7467,0,OK
PISA_001,dados_intermediarios/processed/OECD_PISA/PISA_001.md,52,3798,0.8046,0,OK
PISA_001,dados_intermediarios/processed/OECD_PISA/PISA_001.md,53,3201,0.7951,0,OK
PISA_001,dados_intermediarios/processed/OECD_PISA/PISA_001.md,54,4794,0.7843,0,OK
PISA_001,dados_intermediarios/processed/OECD_PISA/PISA_001.md,55,2324,0.8128,0,OK
PISA_001,dados_intermediarios/processed/OECD_PISA/PISA_001.md,56,5061,0.7787,0,OK
PISA_001,dados_intermediarios/processed/OECD_PISA/PISA_001.md,57,2537,0.8124,0,OK
PISA_001,dados_intermediarios/processed/OECD_PISA/PISA_001.md,58,4921,0.7838,0,OK
PISA_001,dados_intermediarios/processed/OECD_PISA/PISA_001.md,59,4155,0.8026,0,OK
PISA_001,dados_intermediarios/processed/OECD_PISA/PISA_001.md,60,2749,0.7985,0,OK
PISA_001,dados_intermediarios/processed/OECD_PISA/PISA_001.md,61,4889,0.8032,0,OK
PISA_001,dados_intermediarios/processed/OECD_PISA/PISA_001.md,62,2663,0.8085,0,OK
PISA_001,dados_intermediarios/processed/OECD_PISA/PISA_001.md,63,1578,0.7953,0,OK
PISA_001,dados_intermediarios/processed/OECD_PISA/PISA_001.md,64,1392,0.8197,0,OK
PISA_001,dados_intermediarios/processed/OECD_PISA/PISA_001.md,65,2818,0.8109,0,OK
PISA_001,dados_intermediarios/processed/OECD_PISA/PISA_001.md,66,2200,0.8077,0,OK
PISA_001,dados_intermediarios/processed/OECD_PISA/PISA_001.md,67,1336,0.7964,0,OK
PISA_001,dados_intermediarios/processed/OECD_PISA/PISA_001.md,68,3562,0.7316,0,OK
PISA_001,dados_intermediarios/processed/OECD_PISA/PISA_001.md,69,3476,0.7486,0,OK
PISA_001,dados_intermediarios/processed/OECD_PISA/PISA_001.md,70,3783,0.7354,0,OK
PISA_001,dados_intermediarios/processed/OECD_PISA/PISA_001.md,71,3692,0.7514,0,OK
PISA_001,dados_intermediarios/processed/OECD_PISA/PISA_001.md,72,3551,0.7313,0,OK
PISA_001,dados_intermediarios/processed/OECD_PISA/PISA_001.md,73,3481,0.7472,0,OK
PISA_001,dados_intermediarios/processed/OECD_PISA/PISA_001.md,74,3334,0.8212,0,OK
PISA_001,dados_intermediarios/processed/OECD_PISA/PISA_001.md,75,3683,0.7744,0,OK
PISA_001,dados_intermediarios/processed/OECD_PISA/PISA_001.md,76,3760,0.7886,0,OK
PISA_001,dados_intermediarios/processed/OECD_PISA/PISA_001.md,77,731,0.8057,0,OK
PISA_001,dados_intermediarios/processed/OECD_PISA/PISA_001.md,78,3840,0.7664,0,OK
PISA_001,dados_intermediarios/processed/OECD_PISA/PISA_001.md,79,1530,0.7752,0,OK
PISA_001,dados_intermediarios/processed/OECD_PISA/PISA_001.md,80,3561,0.7961,0,OK
PISA_001,dados_intermediarios/processed/OECD_PISA/PISA_001.md,81,3091,0.7907,0,OK
PISA_001,dados_intermediarios/processed/OECD_PISA/PISA_001.md,82,4226,0.8216,0,OK
PISA_001,dados_intermediarios/processed/OECD_PISA/PISA_001.md,83,3113,0.8301,0,OK
PISA_001,dados_intermediarios/processed/OECD_PISA/PISA_001.md,84,3356,0.8182,0,OK
PISA_001,dados_intermediarios/processed/OECD_PISA/PISA_001.md,85,3644,0.8167,0,OK
PISA_001,dados_intermediarios/processed/OECD_PISA/PISA_001.md,86,3636,0.8122,0,OK
PISA_001,dados_intermediarios/processed/OECD_PISA/PISA_001.md,87,3748,0.7713,0,OK
PISA_001,dados_intermediarios/processed/OECD_PISA/PISA_001.md,88,3032,0.7302,0,OK
PISA_001,dados_intermediarios/processed/OECD_PISA/PISA_001.md,89,268,0.7127,0,OK
PISA_001,dados_intermediarios/processed/OECD_PISA/PISA_001.md,90,791,0.7661,0,OK
PISA_001,dados_intermediarios/processed/OECD_PISA/PISA_001.md,91,2651,0.7971,0,OK
PISA_001,dados_intermediarios/processed/OECD_PISA/PISA_001.md,92,2330,0.8026,0,OK
PISA_001,dados_intermediarios/processed/OECD_PISA/PISA_001.md,93,2397,0.7839,0,OK
PISA_001,dados_intermediarios/processed/OECD_PISA/PISA_001.md,94,5891,0.8272,0,OK
PISA_001,dados_intermediarios/processed/OECD_PISA/PISA_001.md,95,3196,0.7875,0,OK
PISA_001,dados_intermediarios/processed/OECD_PISA/PISA_001.md,96,2001,0.7996,0,OK
PISA_001,dados_intermediarios/processed/OECD_PISA/PISA_001.md,97,2556,0.804,0,OK
PISA_001,dados_intermediarios/processed/OECD_PISA/PISA_001.md,98,2833,0.8136,0,OK
PISA_001,dados_intermediarios/processed/OECD_PISA/PISA_001.md,99,2302,0.8002,0,OK
PISA_001,dados_intermediarios/processed/OECD_PISA/PISA_001.md,100,2523,0.7848,0,OK
PISA_001,dados_intermediarios/processed/OECD_PISA/PISA_001.md,101,4255,0.8216,0,OK
PISA_001,dados_intermediarios/processed/OECD_PISA/PISA_001.md,102,4964,0.8145,0,OK
PISA_001,dados_intermediarios/processed/OECD_PISA/PISA_001.md,103,1668,0.8082,0,OK
PISA_001,dados_intermediarios/processed/OECD_PISA/PISA_001.md,104,2783,0.7855,0,OK
PISA_001,dados_intermediarios/processed/OECD_PISA/PISA_001.md,105,4144,0.8277,0,OK
PISA_001,dados_intermediarios/processed/OECD_PISA/PISA_001.md,106,3356,0.806,0,OK
PISA_001,dados_intermediarios/processed/OECD_PISA/PISA_001.md,107,863,0.7752,0,OK
PISA_001,dados_intermediarios/processed/OECD_PISA/PISA_001.md,108,2961,0.7991,0,OK
PISA_001,dados_intermediarios/processed/OECD_PISA/PISA_001.md,109,370,0.7811,0,OK
PISA_001,dados_intermediarios/processed/OECD_PISA/PISA_001.md,110,2737,0.7673,0,OK
PISA_001,dados_intermediarios/processed/OECD_PISA/PISA_001.md,111,800,0.7688,0,OK
PISA_001,dados_intermediarios/processed/OECD_PISA/PISA_001.md,112,4314,0.7949,0,OK
PISA_001,dados_intermediarios/processed/OECD_PISA/PISA_001.md,113,4728,0.8143,0,OK
PISA_001,dados_intermediarios/processed/OECD_PISA/PISA_001.md,114,1492,0.7902,0,OK
PISA_001,dados_intermediarios/processed/OECD_PISA/PISA_001.md,115,2371,0.803,0,OK
PISA_001,dados_intermediarios/processed/OECD_PISA/PISA_001.md,116,3866,0.8029,0,OK
PISA_001,dados_intermediarios/processed/OECD_PISA/PISA_001.md,117,2783,0.8045,0,OK
PISA_001,dados_intermediarios/processed/OECD_PISA/PISA_001.md,118,1428,0.7941,0,OK
PISA_001,dados_intermediarios/processed/OECD_PISA/PISA_001.md,119,1148,0.804,0,OK
PISA_001,dados_intermediarios/processed/OECD_PISA/PISA_001.md,120,1440,0.8021,0,OK
PISA_001,dados_intermediarios/processed/OECD_PISA/PISA_001.md,121,1281,0.8009,0,OK
PISA_001,dados_intermediarios/processed/OECD_PISA/PISA_001.md,122,1090,0.7862,0,OK
PISA_001,dados_intermediarios/processed/OECD_PISA/PISA_001.md,123,2838,0.7717,0,OK
PISA_001,dados_intermediarios/processed/OECD_PISA/PISA_001.md,124,1810,0.8011,0,OK
PISA_001,dados_intermediarios/processed/OECD_PISA/PISA_001.md,125,4054,0.8046,0,OK
PISA_001,dados_intermediarios/processed/OECD_PISA/PISA_001.md,126,1178,0.7895,0,OK
PISA_001,dados_intermediarios/processed/OECD_PISA/PISA_001.md,127,1200,0.7958,0,OK
PISA_001,dados_intermediarios/processed/OECD_PISA/PISA_001.md,128,1401,0.7923,0,OK
PISA_001,dados_intermediarios/processed/OECD_PISA/PISA_001.md,129,1020,0.7833,0,OK
PISA_001,dados_intermediarios/processed/OECD_PISA/PISA_001.md,130,1132,0.7774,0,OK
PISA_001,dados_intermediarios/processed/OECD_PISA/PISA_001.md,131,1005,0.7861,0,OK
PISA_001,dados_intermediarios/processed/OECD_PISA/PISA_001.md,132,665,0.7789,0,OK
PISA_001,dados_intermediarios/processed/OECD_PISA/PISA_001.md,133,2206,0.8019,0,OK
PISA_001,dados_intermediarios/processed/OECD_PISA/PISA_001.md,134,3076,0.8202,0,OK
PISA_001,dados_intermediarios/processed/OECD_PISA/PISA_001.md,135,4378,0.8081,0,OK
PISA_001,dados_intermediarios/processed/OECD_PISA/PISA_001.md,136,4704,0.8257,0,OK
PISA_001,dados_intermediarios/processed/OECD_PISA/PISA_001.md,137,1974,0.8191,0,OK
PISA_001,dados_intermediarios/processed/OECD_PISA/PISA_001.md,138,1885,0.8032,0,OK
PISA_001,dados_intermediarios/processed/OECD_PISA/PISA_001.md,139,1668,0.8046,0,OK
PISA_001,dados_intermediarios/processed/OECD_PISA/PISA_001.md,140,2198,0.8035,0,OK
PISA_001,dados_intermediarios/processed/OECD_PISA/PISA_001.md,141,1997,0.8027,0,OK
PISA_001,dados_intermediarios/processed/OECD_PISA/PISA_001.md,142,869,0.8101,0,OK
PISA_001,dados_intermediarios/processed/OECD_PISA/PISA_001.md,143,646,0.7817,0,OK
PISA_001,dados_intermediarios/processed/OECD_PISA/PISA_001.md,144,648,0.7793,0,OK
PISA_001,dados_intermediarios/processed/OECD_PISA/PISA_001.md,145,4329,0.8071,0,OK
PISA_001,dados_intermediarios/processed/OECD_PISA/PISA_001.md,146,4849,0.7958,0,OK
PISA_001,dados_intermediarios/processed/OECD_PISA/PISA_001.md,147,2367,0.8112,0,OK
PISA_001,dados_intermediarios/processed/OECD_PISA/PISA_001.md,148,1511,0.7849,0,OK
PISA_001,dados_intermediarios/processed/OECD_PISA/PISA_001.md,149,3308,0.7923,0,OK
PISA_001,dados_intermediarios/processed/OECD_PISA/PISA_001.md,150,3414,0.7671,0,OK
PISA_001,dados_intermediarios/processed/OECD_PISA/PISA_001.md,151,3097,0.7388,0,OK
PISA_001,dados_intermediarios/processed/OECD_PISA/PISA_001.md,152,3211,0.7453,0,OK
PISA_001,dados_intermediarios/processed/OECD_PISA/PISA_001.md,153,860,0.7453,0,OK
PISA_001,dados_intermediarios/processed/OECD_PISA/PISA_001.md,154,707,0.7567,0,OK
PISA_001,dados_intermediarios/processed/OECD_PISA/PISA_001.md,155,3843,0.808,0,OK
PISA_001,dados_intermediarios/processed/OECD_PISA/PISA_001.md,156,3636,0.8045,0,OK
PISA_001,dados_intermediarios/processed/OECD_PISA/PISA_001.md,157,2118,0.8022,0,OK
PISA_001,dados_intermediarios/processed/OECD_PISA/PISA_001.md,158,3594,0.7919,0,OK
PISA_001,dados_intermediarios/processed/OECD_PISA/PISA_001.md,159,2972,0.8065,0,OK
PISA_001,dados_intermediarios/processed/OECD_PISA/PISA_001.md,160,3372,0.78,0,OK
PISA_001,dados_intermediarios/processed/OECD_PISA/PISA_001.md,161,762,0.7638,0,OK
PISA_001,dados_intermediarios/processed/OECD_PISA/PISA_001.md,162,3834,0.7846,0,OK
PISA_001,dados_intermediarios/processed/OECD_PISA/PISA_001.md,163,4660,0.8086,0,OK
PISA_001,dados_intermediarios/processed/OECD_PISA/PISA_001.md,164,1061,0.7879,0,OK
PISA_001,dados_intermediarios/processed/OECD_PISA/PISA_001.md,165,1262,0.7805,0,OK
PISA_001,dados_intermediarios/processed/OECD_PISA/PISA_001.md,166,4265,0.8094,0,OK
PISA_001,dados_intermediarios/processed/OECD_PISA/PISA_001.md,167,3332,0.8139,0,OK
PISA_001,dados_intermediarios/processed/OECD_PISA/PISA_001.md,168,1479,0.8046,0,OK
PISA_001,dados_intermediarios/processed/OECD_PISA/PISA_001.md,169,3301,0.8055,0,OK
PISA_001,dados_intermediarios/processed/OECD_PISA/PISA_001.md,170,3331,0.8121,0,OK
PISA_001,dados_intermediarios/processed/OECD_PISA/PISA_001.md,171,937,0.8026,0,OK
PISA_001,dados_intermediarios/processed/OECD_PISA/PISA_001.md,172,2178,0.8021,0,OK
PISA_001,dados_intermediarios/processed/OECD_PISA/PISA_001.md,173,945,0.8,0,OK
PISA_001,dados_intermediarios/processed/OECD_PISA/PISA_001.md,174,4362,0.8042,0,OK
PISA_001,dados_intermediarios/processed/OECD_PISA/PISA_001.md,175,4171,0.7919,0,OK
PISA_001,dados_intermediarios/processed/OECD_PISA/PISA_001.md,176,2705,0.7963,0,OK
PISA_001,dados_intermediarios/processed/OECD_PISA/PISA_001.md,177,2494,0.7971,0,OK
PISA_001,dados_intermediarios/processed/OECD_PISA/PISA_001.md,178,857,0.7911,0,OK
PISA_001,dados_intermediarios/processed/OECD_PISA/PISA_001.md,179,1835,0.7973,0,OK
PISA_001,dados_intermediarios/processed/OECD_PISA/PISA_001.md,180,864,0.7894,0,OK
PISA_001,dados_intermediarios/processed/OECD_PISA/PISA_001.md,181,4040,0.8059,0,OK
PISA_001,dados_intermediarios/processed/OECD_PISA/PISA_001.md,182,1915,0.7567,0,OK
PISA_001,dados_intermediarios/processed/OECD_PISA/PISA_001.md,183,583,0.789,0,OK
PISA_001,dados_intermediarios/processed/OECD_PISA/PISA_001.md,184,4083,0.8141,0,OK
PISA_001,dados_intermediarios/processed/OECD_PISA/PISA_001.md,185,3383,0.8085,0,OK
PISA_001,dados_intermediarios/processed/OECD_PISA/PISA_001.md,186,1210,0.7917,0,OK
PISA_001,dados_intermediarios/processed/OECD_PISA/PISA_001.md,187,1764,0.8022,0,OK
PISA_001,dados_intermediarios/processed/OECD_PISA/PISA_001.md,188,1895,0.7984,0,OK
PISA_001,dados_intermediarios/processed/OECD_PISA/PISA_001.md,189,2572,0.7974,0,OK
PISA_001,dados_intermediarios/processed/OECD_PISA/PISA_001.md,190,1282,0.7886,0,OK
PISA_001,dados_intermediarios/processed/OECD_PISA/PISA_001.md,191,4368,0.815,0,OK
PISA_001,dados_intermediarios/processed/OECD_PISA/PISA_001.md,192,6820,0.762,0,OK
PISA_001,dados_intermediarios/processed/OECD_PISA/PISA_001.md,193,1488,0.8071,0,OK
PISA_001,dados_intermediarios/processed/OECD_PISA/PISA_001.md,194,2835,0.8134,0,OK
PISA_001,dados_intermediarios/processed/OECD_PISA/PISA_001.md,195,804,0.7935,0,OK
PISA_001,dados_intermediarios/processed/OECD_PISA/PISA_001.md,196,3654,0.7696,0,OK
PISA_001,dados_intermediarios/processed/OECD_PISA/PISA_001.md,197,3139,0.7993,0,OK
PISA_001,dados_intermediarios/processed/OECD_PISA/PISA_001.md,198,2805,0.81,0,OK
PISA_001,dados_intermediarios/processed/OECD_PISA/PISA_001.md,199,597,0.7571,0,OK
PISA_001,dados_intermediarios/processed/OECD_PISA/PISA_001.md,200,2208,0.8139,0,OK
PISA_001,dados_intermediarios/processed/OECD_PISA/PISA_001.md,201,2052,0.8007,0,OK
PISA_001,dados_intermediarios/processed/OECD_PISA/PISA_001.md,202,1834,0.789,0,OK
PISA_001,dados_intermediarios/processed/OECD_PISA/PISA_001.md,203,1446,0.7925,0,OK
PISA_001,dados_intermediarios/processed/OECD_PISA/PISA_001.md,204,4263,0.8037,0,OK
PISA_001,dados_intermediarios/processed/OECD_PISA/PISA_001.md,205,4467,0.8079,0,OK
PISA_001,dados_intermediarios/processed/OECD_PISA/PISA_001.md,206,1773,0.7501,0,OK
PISA_001,dados_intermediarios/processed/OECD_PISA/PISA_001.md,207,813,0.8069,0,OK
PISA_001,dados_intermediarios/processed/OECD_PISA/PISA_001.md,208,4183,0.8131,0,OK
PISA_001,dados_intermediarios/processed/OECD_PISA/PISA_001.md,209,2294,0.799,0,OK
PISA_001,dados_intermediarios/processed/OECD_PISA/PISA_001.md,210,1092,0.7958,0,OK
PISA_001,dados_intermediarios/processed/OECD_PISA/PISA_001.md,211,1979,0.7948,0,OK
PISA_001,dados_intermediarios/processed/OECD_PISA/PISA_001.md,212,2366,0.8145,0,OK
PISA_001,dados_intermediarios/processed/OECD_PISA/PISA_001.md,213,2055,0.7985,0,OK
PISA_001,dados_intermediarios/processed/OECD_PISA/PISA_001.md,214,2220,0.7842,0,OK
PISA_001,dados_intermediarios/processed/OECD_PISA/PISA_001.md,215,2603,0.7899,0,OK
PISA_001,dados_intermediarios/processed/OECD_PISA/PISA_001.md,216,2087,0.8112,0,OK
PISA_001,dados_intermediarios/processed/OECD_PISA/PISA_001.md,217,1962,0.8109,0,OK
PISA_001,dados_intermediarios/processed/OECD_PISA/PISA_001.md,218,5167,0.8181,0,OK
PISA_001,dados_intermediarios/processed/OECD_PISA/PISA_001.md,219,2055,0.8204,0,OK
PISA_001,dados_intermediarios/processed/OECD_PISA/PISA_001.md,220,1795,0.8234,0,OK
PISA_001,dados_intermediarios/processed/OECD_PISA/PISA_001.md,221,2515,0.804,0,OK
PISA_001,dados_intermediarios/processed/OECD_PISA/PISA_001.md,222,1857,0.7959,0,OK
PISA_001,dados_intermediarios/processed/OECD_PISA/PISA_001.md,223,1994,0.8054,0,OK
PISA_001,dados_intermediarios/processed/OECD_PISA/PISA_001.md,224,4357,0.8081,0,OK
PISA_001,dados_intermediarios/processed/OECD_PISA/PISA_001.md,225,2176,0.7417,0,OK
PISA_001,dados_intermediarios/processed/OECD_PISA/PISA_001.md,226,711,0.7525,0,OK
PISA_001,dados_intermediarios/processed/OECD_PISA/PISA_001.md,227,4018,0.8024,0,OK
PISA_001,dados_intermediarios/processed/OECD_PISA/PISA_001.md,228,3669,0.8046,0,OK
PISA_001,dados_intermediarios/processed/OECD_PISA/PISA_001.md,229,3931,0.8041,0,OK
PISA_001,dados_intermediarios/processed/OECD_PISA/PISA_001.md,230,4507,0.8116,0,OK
PISA_001,dados_intermediarios/processed/OECD_PISA/PISA_001.md,231,3302,0.7953,0,OK
PISA_001,dados_intermediarios/processed/OECD_PISA/PISA_001.md,232,4393,0.8042,0,OK
PISA_001,dados_intermediarios/processed/OECD_PISA/PISA_001.md,233,4449,0.8101,0,OK
PISA_001,dados_intermediarios/processed/OECD_PISA/PISA_001.md,234,4302,0.8066,0,OK
PISA_001,dados_intermediarios/processed/OECD_PISA/PISA_001.md,235,4054,0.8187,0,OK
PISA_001,dados_intermediarios/processed/OECD_PISA/PISA_001.md,236,3764,0.8082,0,OK
PISA_001,dados_intermediarios/processed/OECD_PISA/PISA_001.md,237,2925,0.7986,0,OK
PISA_001,dados_intermediarios/processed/OECD_PISA/PISA_001.md,238,3066,0.816,0,OK
PISA_001,dados_intermediarios/processed/OECD_PISA/PISA_001.md,239,4205,0.8136,0,OK
PISA_001,dados_intermediarios/processed/OECD_PISA/PISA_001.md,240,2961,0.8122,0,OK
PISA_001,dados_intermediarios/processed/OECD_PISA/PISA_001.md,241,2999,0.8116,0,OK
PISA_001,dados_intermediarios/processed/OECD_PISA/PISA_001.md,242,149,0.7517,0,OK
PISA_001,dados_intermediarios/processed/OECD_PISA/PISA_001.md,243,160,0.775,0,OK
PISA_001,dados_intermediarios/processed/OECD_PISA/PISA_001.md,244,178,0.764,0,OK
PISA_001,dados_intermediarios/processed/OECD_PISA/PISA_001.md,245,281,0.79,0,OK
PISA_001,dados_intermediarios/processed/OECD_PISA/PISA_001.md,246,135,0.7333,0,OK
PISA_001,dados_intermediarios/processed/OECD_PISA/PISA_001.md,247,623,0.8074,0,OK
PISA_001,dados_intermediarios/processed/OECD_PISA/PISA_001.md,248,5038,0.7952,0,OK
PISA_001,dados_intermediarios/processed/OECD_PISA/PISA_001.md,249,3160,0.7927,0,OK
PISA_001,dados_intermediarios/processed/OECD_PISA/PISA_001.md,250,622,0.7428,0,OK
PISA_001,dados_intermediarios/processed/OECD_PISA/PISA_001.md,251,486,0.8045,0,OK
PISA_001,dados_intermediarios/processed/OECD_PISA/PISA_001.md,252,4473,0.818,0,OK
PISA_001,dados_intermediarios/processed/OECD_PISA/PISA_001.md,253,4667,0.7939,0,OK
PISA_001,dados_intermediarios/processed/OECD_PISA/PISA_001.md,254,3994,0.7822,0,OK
PISA_001,dados_intermediarios/processed/OECD_PISA/PISA_001.md,255,4037,0.8016,0,OK
PISA_001,dados_intermediarios/processed/OECD_PISA/PISA_001.md,256,4152,0.7895,0,OK
PISA_001,dados_intermediarios/processed/OECD_PISA/PISA_001.md,257,3931,0.8107,0,OK
PISA_001,dados_intermediarios/processed/OECD_PISA/PISA_001.md,258,3254,0.7422,0,OK
PISA_001,dados_intermediarios/processed/OECD_PISA/PISA_001.md,259,3487,0.737,0,OK
PISA_001,dados_intermediarios/processed/OECD_PISA/PISA_001.md,260,2216,0.7112,0,OK
PISA_001,dados_intermediarios/processed/OECD_PISA/PISA_001.md,261,2589,0.7165,0,OK
PISA_001,dados_intermediarios/processed/OECD_PISA/PISA_001.md,262,3826,0.7509,0,OK
PISA_001,dados_intermediarios/processed/OECD_PISA/PISA_001.md,263,4203,0.7457,0,OK
PISA_001,dados_intermediarios/processed/OECD_PISA/PISA_001.md,264,3859,0.7505,0,OK
PISA_001,dados_intermediarios/processed/OECD_PISA/PISA_001.md,265,3599,0.7385,0,OK
PISA_001,dados_intermediarios/processed/OECD_PISA/PISA_001.md,266,4911,0.7436,0,OK
PISA_001,dados_intermediarios/processed/OECD_PISA/PISA_001.md,267,4015,0.7198,0,OK
PISA_001,dados_intermediarios/processed/OECD_PISA/PISA_001.md,268,1828,0.7292,0,OK
PISA_001,dados_intermediarios/processed/OECD_PISA/PISA_001.md,269,2204,0.726,0,OK
PISA_001,dados_intermediarios/processed/OECD_PISA/PISA_001.md,270,2343,0.7435,0,OK
PISA_001,dados_intermediarios/processed/OECD_PISA/PISA_001.md,271,2259,0.7353,0,OK
PISA_001,dados_intermediarios/processed/OECD_PISA/PISA_001.md,272,3178,0.7561,0,OK
PISA_001,dados_intermediarios/processed/OECD_PISA/PISA_001.md,273,3691,0.7567,0,OK
PISA_001,dados_intermediarios/processed/OECD_PISA/PISA_001.md,274,1914,0.7424,0,OK
PISA_001,dados_intermediarios/processed/OECD_PISA/PISA_001.md,275,2278,0.7414,0,OK
PISA_001,dados_intermediarios/processed/OECD_PISA/PISA_001.md,276,3585,0.7997,0,OK
PISA_001,dados_intermediarios/processed/OECD_PISA/PISA_001.md,277,662,0.7644,0,OK
PISA_001,dados_intermediarios/processed/OECD_PISA/PISA_001.md,278,3710,0.8078,0,OK
PISA_001,dados_intermediarios/processed/OECD_PISA/PISA_001.md,279,3928,0.7996,0,OK
PISA_001,dados_intermediarios/processed/OECD_PISA/PISA_001.md,280,2749,0.7846,0,OK
PISA_001,dados_intermediarios/processed/OECD_PISA/PISA_001.md,281,500,0.724,0,OK
PISA_001,dados_intermediarios/processed/OECD_PISA/PISA_001.md,282,4362,0.8237,0,OK
PISA_001,dados_intermediarios/processed/OECD_PISA/PISA_001.md,283,4480,0.8127,0,OK
PISA_001,dados_intermediarios/processed/OECD_PISA/PISA_001.md,284,4901,0.8015,0,OK
PISA_001,dados_intermediarios/processed/OECD_PISA/PISA_001.md,285,276,0.7319,0,OK
PISA_001,dados_intermediarios/processed/OECD_PISA/PISA_001.md,286,2779,0.7988,0,OK
PISA_001,dados_intermediarios/processed/OECD_PISA/PISA_001.md,287,3130,0.8109,0,OK
PISA_001,dados_intermediarios/processed/OECD_PISA/PISA_001.md,288,883,0.7588,0,OK
PISA_001,dados_intermediarios/processed/OECD_PISA/PISA_001.md,289,2870,0.8073,0,OK
PISA_001,dados_intermediarios/processed/OECD_PISA/PISA_001.md,290,502,0.7769,0,OK
PISA_001,dados_intermediarios/processed/OECD_PISA/PISA_001.md,291,4250,0.8078,0,OK
PISA_001,dados_intermediarios/processed/OECD_PISA/PISA_001.md,292,379,0.7625,0,OK
PISA_001,dados_intermediarios/processed/OECD_PISA/PISA_001.md,293,1246,0.7689,0,OK
PISA_001,dados_intermediarios/processed/OECD_PISA/PISA_001.md,294,3494,0.8183,0,OK
PISA_001,dados_intermediarios/processed/OECD_PISA/PISA_001.md,295,3457,0.8021,0,OK
PISA_001,dados_intermediarios/processed/OECD_PISA/PISA_001.md,296,3017,0.7925,0,OK
PISA_001,dados_intermediarios/processed/OECD_PISA/PISA_001.md,297,4133,0.7856,0,OK
PISA_001,dados_intermediarios/processed/OECD_PISA/PISA_001.md,298,3956,0.8097,0,OK
PISA_001,dados_intermediarios/processed/OECD_PISA/PISA_001.md,299,889,0.7514,0,OK
PISA_001,dados_intermediarios/processed/OECD_PISA/PISA_001.md,300,3999,0.8082,0,OK
PISA_001,dados_intermediarios/processed/OECD_PISA/PISA_001.md,301,2147,0.8053,0,OK
PISA_001,dados_intermediarios/processed/OECD_PISA/PISA_001.md,302,4792,0.797,0,OK
PISA_001,dados_intermediarios/processed/OECD_PISA/PISA_001.md,303,4678,0.8076,0,OK
PISA_001,dados_intermediarios/processed/OECD_PISA/PISA_001.md,304,4535,0.7921,0,OK
PISA_001,dados_intermediarios/processed/OECD_PISA/PISA_001.md,305,4545,0.7954,0,OK
PISA_001,dados_intermediarios/processed/OECD_PISA/PISA_001.md,306,3908,0.8002,0,OK
PISA_001,dados_intermediarios/processed/OECD_PISA/PISA_001.md,307,3026,0.7588,0,OK
PISA_001,dados_intermediarios/processed/OECD_PISA/PISA_001.md,308,1651,0.7311,0,OK
PISA_001,dados_intermediarios/processed/OECD_PISA/PISA_001.md,309,3668,0.7876,0,OK
PISA_001,dados_intermediarios/processed/OECD_PISA/PISA_001.md,310,1775,0.7786,0,OK
PISA_001,dados_intermediarios/processed/OECD_PISA/PISA_001.md,311,1465,0.7754,0,OK
PISA_001,dados_intermediarios/processed/OECD_PISA/PISA_001.md,312,547,0.7331,0,OK
PISA_001,dados_intermediarios/processed/OECD_PISA/PISA_001.md,313,3972,0.5642,0,OK
PISA_001,dados_intermediarios/processed/OECD_PISA/PISA_001.md,314,4545,0.5639,0,OK
PISA_001,dados_intermediarios/processed/OECD_PISA/PISA_001.md,315,4157,0.5757,0,OK
PISA_001,dados_intermediarios/processed/OECD_PISA/PISA_001.md,316,4766,0.5749,0,OK
PISA_001,dados_intermediarios/processed/OECD_PISA/PISA_001.md,317,3932,0.5623,0,OK
PISA_001,dados_intermediarios/processed/OECD_PISA/PISA_001.md,318,4542,0.5632,0,OK
PISA_001,dados_intermediarios/processed/OECD_PISA/PISA_001.md,319,4778,0.5069,0,OK
PISA_001,dados_intermediarios/processed/OECD_PISA/PISA_001.md,320,5440,0.5092,0,OK
PISA_001,dados_intermediarios/processed/OECD_PISA/PISA_001.md,321,4987,0.521,0,OK
PISA_001,dados_intermediarios/processed/OECD_PISA/PISA_001.md,322,5634,0.5209,0,OK
PISA_001,dados_intermediarios/processed/OECD_PISA/PISA_001.md,323,4315,0.5136,0,OK
PISA_001,dados_intermediarios/processed/OECD_PISA/PISA_001.md,324,4901,0.5156,0,OK
PISA_001,dados_intermediarios/processed/OECD_PISA/PISA_001.md,325,5708,0.5452,0,OK
PISA_001,dados_intermediarios/processed/OECD_PISA/PISA_001.md,326,6739,0.5397,0,OK
PISA_001,dados_intermediarios/processed/OECD_PISA/PISA_001.md,327,4497,0.5844,0,OK
PISA_001,dados_intermediarios/processed/OECD_PISA/PISA_001.md,328,5152,0.5792,0,OK
PISA_001,dados_intermediarios/processed/OECD_PISA/PISA_001.md,329,2714,0.584,0,OK
PISA_001,dados_intermediarios/processed/OECD_PISA/PISA_001.md,330,3154,0.5878,0,OK
PISA_001,dados_intermediarios/processed/OECD_PISA/PISA_001.md,331,2724,0.5855,0,OK
PISA_001,dados_intermediarios/processed/OECD_PISA/PISA_001.md,332,3161,0.5887,0,OK
PISA_001,dados_intermediarios/processed/OECD_PISA/PISA_001.md,333,2554,0.5403,0,OK
PISA_001,dados_intermediarios/processed/OECD_PISA/PISA_001.md,334,3001,0.5332,0,OK
PISA_001,dados_intermediarios/processed/OECD_PISA/PISA_001.md,335,4834,0.6307,0,OK
PISA_001,dados_intermediarios/processed/OECD_PISA/PISA_001.md,336,4452,0.6503,0,OK
PISA_001,dados_intermediarios/processed/OECD_PISA/PISA_001.md,337,7187,0.5664,0,OK
PISA_001,dados_intermediarios/processed/OECD_PISA/PISA_001.md,338,6167,0.6084,0,OK
PISA_001,dados_intermediarios/processed/OECD_PISA/PISA_001.md,339,5398,0.6299,0,OK
PISA_001,dados_intermediarios/processed/OECD_PISA/PISA_001.md,340,4891,0.6508,0,OK
PISA_001,dados_intermediarios/processed/OECD_PISA/PISA_001.md,341,5021,0.5901,0,OK
PISA_001,dados_intermediarios/processed/OECD_PISA/PISA_001.md,342,4515,0.6399,0,OK
PISA_001,dados_intermediarios/processed/OECD_PISA/PISA_001.md,343,4763,0.6473,0,OK
PISA_001,dados_intermediarios/processed/OECD_PISA/PISA_001.md,344,4271,0.6849,0,OK
PISA_001,dados_intermediarios/processed/OECD_PISA/PISA_001.md,345,4459,0.6392,0,OK
PISA_001,dados_intermediarios/processed/OECD_PISA/PISA_001.md,346,4180,0.6572,0,OK
PISA_001,dados_intermediarios/processed/OECD_PISA/PISA_001.md,347,4016,0.6026,0,OK
PISA_001,dados_intermediarios/processed/OECD_PISA/PISA_001.md,348,3737,0.6503,0,OK
PISA_001,dados_intermediarios/processed/OECD_PISA/PISA_001.md,349,4554,0.6388,0,OK
PISA_001,dados_intermediarios/processed/OECD_PISA/PISA_001.md,350,4028,0.6807,0,OK
PISA_001,dados_intermediarios/processed/OECD_PISA/PISA_001.md,351,3045,0.5481,0,OK
PISA_001,dados_intermediarios/processed/OECD_PISA/PISA_001.md,352,3481,0.5467,0,OK
PISA_001,dados_intermediarios/processed/OECD_PISA/PISA_001.md,353,3316,0.5926,0,OK
PISA_001,dados_intermediarios/processed/OECD_PISA/PISA_001.md,354,3682,0.6002,0,OK
PISA_001,dados_intermediarios/processed/OECD_PISA/PISA_001.md,355,4230,0.7943,0,OK
PISA_001,dados_intermediarios/processed/OECD_PISA/PISA_001.md,356,4231,0.7743,0,OK
PISA_001,dados_intermediarios/processed/OECD_PISA/PISA_001.md,357,4467,0.7829,0,OK
PISA_001,dados_intermediarios/processed/OECD_PISA/PISA_001.md,358,5088,0.7856,0,OK
PISA_001,dados_intermediarios/processed/OECD_PISA/PISA_001.md,359,1607,0.7946,0,OK
PISA_001,dados_intermediarios/processed/OECD_PISA/PISA_001.md,360,4332,0.5815,0,OK
PISA_001,dados_intermediarios/processed/OECD_PISA/PISA_001.md,361,3190,0.5944,0,OK
PISA_001,dados_intermediarios/processed/OECD_PISA/PISA_001.md,362,4538,0.5921,0,OK
PISA_001,dados_intermediarios/processed/OECD_PISA/PISA_001.md,363,3435,0.6079,0,OK
PISA_001,dados_intermediarios/processed/OECD_PISA/PISA_001.md,364,4306,0.5804,0,OK
PISA_001,dados_intermediarios/processed/OECD_PISA/PISA_001.md,365,3191,0.5935,0,OK
PISA_001,dados_intermediarios/processed/OECD_PISA/PISA_001.md,366,6073,0.5574,0,OK
PISA_001,dados_intermediarios/processed/OECD_PISA/PISA_001.md,367,4615,0.5647,0,OK
PISA_001,dados_intermediarios/processed/OECD_PISA/PISA_001.md,368,4263,0.5991,0,OK
PISA_001,dados_intermediarios/processed/OECD_PISA/PISA_001.md,369,3280,0.6198,0,OK
PISA_001,dados_intermediarios/processed/OECD_PISA/PISA_001.md,370,2754,0.5821,0,OK
PISA_001,dados_intermediarios/processed/OECD_PISA/PISA_001.md,371,2047,0.5975,0,OK
PISA_001,dados_intermediarios/processed/OECD_PISA/PISA_001.md,372,3624,0.612,0,OK
PISA_001,dados_intermediarios/processed/OECD_PISA/PISA_001.md,373,2381,0.656,0,OK
PISA_001,dados_intermediarios/processed/OECD_PISA/PISA_001.md,374,4077,0.7957,0,OK
PISA_001,dados_intermediarios/processed/OECD_PISA/PISA_001.md,375,3043,0.8061,0,OK
PISA_001,dados_intermediarios/processed/OECD_PISA/PISA_001.md,376,848,0.7842,0,OK
PISA_001,dados_intermediarios/processed/OECD_PISA/PISA_001.md,377,1447,0.7823,0,OK
PISA_001,dados_intermediarios/processed/OECD_PISA/PISA_001.md,378,1051,0.7821,0,OK
PISA_001,dados_intermediarios/processed/OECD_PISA/PISA_001.md,379,1125,0.7724,0,OK
PISA_001,dados_intermediarios/processed/OECD_PISA/PISA_001.md,380,1190,0.7748,0,OK
PISA_001,dados_intermediarios/processed/OECD_PISA/PISA_001.md,381,1921,0.7939,0,OK
PISA_001,dados_intermediarios/processed/OECD_PISA/PISA_001.md,382,2009,0.7521,0,OK
PISA_001,dados_intermediarios/processed/OECD_PISA/PISA_001.md,383,965,0.7803,0,OK
PISA_001,dados_intermediarios/processed/OECD_PISA/PISA_001.md,384,2768,0.7677,0,OK
PISA_001,dados_intermediarios/processed/OECD_PISA/PISA_001.md,385,1341,0.7629,0,OK
PISA_001,dados_intermediarios/processed/OECD_PISA/PISA_001.md,386,416,0.7692,0,OK
PISA_001,dados_intermediarios/processed/OECD_PISA/PISA_001.md,387,1246,0.7929,0,OK
PISA_001,dados_intermediarios/processed/OECD_PISA/PISA_001.md,388,923,0.7768,0,OK
PISA_001,dados_intermediarios/processed/OECD_PISA/PISA_001.md,389,1532,0.7846,0,OK
PISA_001,dados_intermediarios/processed/OECD_PISA/PISA_001.md,390,2077,0.7833,0,OK
PISA_001,dados_intermediarios/processed/OECD_PISA/PISA_001.md,391,1780,0.7775,0,OK
PISA_001,dados_intermediarios/processed/OECD_PISA/PISA_001.md,392,323,0.7523,0,OK
PISA_001,dados_intermediarios/processed/OECD_PISA/PISA_001.md,393,1548,0.7823,0,OK
PISA_001,dados_intermediarios/processed/OECD_PISA/PISA_001.md,394,1773,0.7924,0,OK
PISA_001,dados_intermediarios/processed/OECD_PISA/PISA_001.md,395,1469,0.7883,0,OK
PISA_001,dados_intermediarios/processed/OECD_PISA/PISA_001.md,396,1854,0.7681,0,OK
PISA_001,dados_intermediarios/processed/OECD_PISA/PISA_001.md,397,1002,0.7735,0,OK
PISA_001,dados_intermediarios/processed/OECD_PISA/PISA_001.md,398,2099,0.7175,0,OK
PISA_001,dados_intermediarios/processed/OECD_PISA/PISA_001.md,399,2183,0.727,0,OK
PISA_001,dados_intermediarios/processed/OECD_PISA/PISA_001.md,400,2632,0.7382,0,OK
PISA_001,dados_intermediarios/processed/OECD_PISA/PISA_001.md,401,2120,0.7212,0,OK
PISA_001,dados_intermediarios/processed/OECD_PISA/PISA_001.md,402,2035,0.7174,0,OK
PISA_001,dados_intermediarios/processed/OECD_PISA/PISA_001.md,403,2146,0.7139,0,OK
PISA_001,dados_intermediarios/processed/OECD_PISA/PISA_001.md,404,2101,0.7225,0,OK
PISA_001,dados_intermediarios/processed/OECD_PISA/PISA_001.md,405,2031,0.7203,0,OK
PISA_001,dados_intermediarios/processed/OECD_PISA/PISA_001.md,406,2138,0.718,0,OK
PISA_001,dados_intermediarios/processed/OECD_PISA/PISA_001.md,407,2113,0.7312,0,OK
PISA_001,dados_intermediarios/processed/OECD_PISA/PISA_001.md,408,2609,0.7286,0,OK
PISA_001,dados_intermediarios/processed/OECD_PISA/PISA_001.md,409,2110,0.7227,0,OK
PISA_001,dados_intermediarios/processed/OECD_PISA/PISA_001.md,410,2100,0.7238,0,OK
PISA_001,dados_intermediarios/processed/OECD_PISA/PISA_001.md,411,2050,0.7215,0,OK
PISA_001,dados_intermediarios/processed/OECD_PISA/PISA_001.md,412,2098,0.7216,0,OK
PISA_001,dados_intermediarios/processed/OECD_PISA/PISA_001.md,413,2134,0.7156,0,OK
PISA_001,dados_intermediarios/processed/OECD_PISA/PISA_001.md,414,2127,0.7236,0,OK
PISA_001,dados_intermediarios/processed/OECD_PISA/PISA_001.md,415,2682,0.7379,0,OK
PISA_001,dados_intermediarios/processed/OECD_PISA/PISA_001.md,416,2132,0.7205,0,OK
PISA_001,dados_intermediarios/processed/OECD_PISA/PISA_001.md,417,2120,0.7203,0,OK
PISA_001,dados_intermediarios/processed/OECD_PISA/PISA_001.md,418,2168,0.7149,0,OK
PISA_001,dados_intermediarios/processed/OECD_PISA/PISA_001.md,419,2139,0.7158,0,OK
PISA_001,dados_intermediarios/processed/OECD_PISA/PISA_001.md,420,2099,0.7199,0,OK
PISA_001,dados_intermediarios/processed/OECD_PISA/PISA_001.md,421,2148,0.7165,0,OK
PISA_001,dados_intermediarios/processed/OECD_PISA/PISA_001.md,422,2153,0.7144,0,OK
PISA_001,dados_intermediarios/processed/OECD_PISA/PISA_001.md,423,2020,0.7302,0,OK
PISA_001,dados_intermediarios/processed/OECD_PISA/PISA_001.md,424,2666,0.7296,0,OK
PISA_001,dados_intermediarios/processed/OECD_PISA/PISA_001.md,425,512,0.8027,0,OK
PISA_001,dados_intermediarios/processed/OECD_PISA/PISA_001.md,426,2107,0.7209,0,OK
PISA_001,dados_intermediarios/processed/OECD_PISA/PISA_001.md,427,2654,0.7332,0,OK
PISA_001,dados_intermediarios/processed/OECD_PISA/PISA_001.md,428,801,0.794,0,OK
PISA_001,dados_intermediarios/processed/OECD_PISA/PISA_001.md,429,2141,0.7212,0,OK
PISA_001,dados_intermediarios/processed/OECD_PISA/PISA_001.md,430,2599,0.7384,0,OK
PISA_001,dados_intermediarios/processed/OECD_PISA/PISA_001.md,431,480,0.7854,0,OK
PISA_001,dados_intermediarios/processed/OECD_PISA/PISA_001.md,432,2086,0.7234,0,OK
PISA_001,dados_intermediarios/processed/OECD_PISA/PISA_001.md,433,2111,0.72,0,OK
PISA_001,dados_intermediarios/processed/OECD_PISA/PISA_001.md,434,2114,0.7195,0,OK
PISA_001,dados_intermediarios/processed/OECD_PISA/PISA_001.md,435,2288,0.7382,0,OK
PISA_001,dados_intermediarios/processed/OECD_PISA/PISA_001.md,436,2107,0.7214,0,OK
PISA_001,dados_intermediarios/processed/OECD_PISA/PISA_001.md,437,2109,0.7193,0,OK
PISA_001,dados_intermediarios/processed/OECD_PISA/PISA_001.md,438,2339,0.7255,0,OK
PISA_001,dados_intermediarios/processed/OECD_PISA/PISA_001.md,439,2327,0.7284,0,OK
PISA_001,dados_intermediarios/processed/OECD_PISA/PISA_001.md,440,2092,0.7247,0,OK
PISA_001,dados_intermediarios/processed/OECD_PISA/PISA_001.md,441,2152,0.7161,0,OK
PISA_001,dados_intermediarios/processed/OECD_PISA/PISA_001.md,442,2112,0.7183,0,OK
PISA_001,dados_intermediarios/processed/OECD_PISA/PISA_001.md,443,2089,0.7204,0,OK
PISA_001,dados_intermediarios/processed/OECD_PISA/PISA_001.md,444,2110,0.7204,0,OK
PISA_001,dados_intermediarios/processed/OECD_PISA/PISA_001.md,445,2101,0.7206,0,OK
PISA_001,dados_intermediarios/processed/OECD_PISA/PISA_001.md,446,2136,0.7191,0,OK
PISA_001,dados_intermediarios/processed/OECD_PISA/PISA_001.md,447,1992,0.7189,0,OK
PISA_001,dados_intermediarios/processed/OECD_PISA/PISA_001.md,448,2561,0.729,0,OK
PISA_001,dados_intermediarios/processed/OECD_PISA/PISA_001.md,449,2617,0.7394,0,OK
PISA_001,dados_intermediarios/processed/OECD_PISA/PISA_001.md,450,749,0.8011,0,OK
PISA_001,dados_intermediarios/processed/OECD_PISA/PISA_001.md,451,2141,0.7202,0,OK
PISA_001,dados_intermediarios/processed/OECD_PISA/PISA_001.md,452,2978,0.7424,0,OK
PISA_001,dados_intermediarios/processed/OECD_PISA/PISA_001.md,453,2473,0.7396,0,OK
PISA_001,dados_intermediarios/processed/OECD_PISA/PISA_001.md,454,652,0.8052,0,OK
PISA_001,dados_intermediarios/processed/OECD_PISA/PISA_001.md,455,2024,0.7292,0,OK
PISA_001,dados_intermediarios/processed/OECD_PISA/PISA_001.md,456,2114,0.7171,0,OK
PISA_001,dados_intermediarios/processed/OECD_PISA/PISA_001.md,457,2004,0.725,0,OK
PISA_001,dados_intermediarios/processed/OECD_PISA/PISA_001.md,458,2146,0.7162,0,OK
PISA_001,dados_intermediarios/processed/OECD_PISA/PISA_001.md,459,2413,0.7319,0,OK
PISA_001,dados_intermediarios/processed/OECD_PISA/PISA_001.md,460,2135,0.7148,0,OK
PISA_001,dados_intermediarios/processed/OECD_PISA/PISA_001.md,461,2110,0.7242,0,OK
PISA_001,dados_intermediarios/processed/OECD_PISA/PISA_001.md,462,2020,0.7223,0,OK
PISA_001,dados_intermediarios/processed/OECD_PISA/PISA_001.md,463,2086,0.7239,0,OK
PISA_001,dados_intermediarios/processed/OECD_PISA/PISA_001.md,464,2109,0.7212,0,OK
PISA_001,dados_intermediarios/processed/OECD_PISA/PISA_001.md,465,2154,0.7201,0,OK
PISA_001,dados_intermediarios/processed/OECD_PISA/PISA_001.md,466,2145,0.7147,0,OK
PISA_001,dados_intermediarios/processed/OECD_PISA/PISA_001.md,467,2009,0.7222,0,OK
PISA_001,dados_intermediarios/processed/OECD_PISA/PISA_001.md,468,2136,0.72,0,OK
PISA_001,dados_intermediarios/processed/OECD_PISA/PISA_001.md,469,2138,0.7226,0,OK
PISA_001,dados_intermediarios/processed/OECD_PISA/PISA_001.md,470,2140,0.7201,0,OK
PISA_001,dados_intermediarios/processed/OECD_PISA/PISA_001.md,471,2159,0.7147,0,OK
PISA_001,dados_intermediarios/processed/OECD_PISA/PISA_001.md,472,2117,0.7185,0,OK
PISA_001,dados_intermediarios/processed/OECD_PISA/PISA_001.md,473,2168,0.7228,0,OK
PISA_001,dados_intermediarios/processed/OECD_PISA/PISA_001.md,474,2939,0.7509,0,OK
PISA_001,dados_intermediarios/processed/OECD_PISA/PISA_001.md,475,2961,0.7501,0,OK
PISA_001,dados_intermediarios/processed/OECD_PISA/PISA_001.md,476,2118,0.7195,0,OK
PISA_001,dados_intermediarios/processed/OECD_PISA/PISA_001.md,477,3945,0.8276,0,OK
PISA_001,dados_intermediarios/processed/OECD_PISA/PISA_001.md,478,2028,0.7751,0,OK
PISA_001,dados_intermediarios/processed/OECD_PISA/PISA_001.md,479,1940,0.7727,0,OK
PISA_001,dados_intermediarios/processed/OECD_PISA/PISA_001.md,480,1898,0.7756,0,OK
PISA_001,dados_intermediarios/processed/OECD_PISA/PISA_001.md,481,1642,0.7777,0,OK
PISA_001,dados_intermediarios/processed/OECD_PISA/PISA_001.md,482,1622,0.7744,0,OK
PISA_001,dados_intermediarios/processed/OECD_PISA/PISA_001.md,483,1551,0.8001,0,OK
PISA_001,dados_intermediarios/processed/OECD_PISA/PISA_001.md,484,1479,0.8012,0,OK
PISA_001,dados_intermediarios/processed/OECD_PISA/PISA_001.md,485,1807,0.8002,0,OK
PISA_001,dados_intermediarios/processed/OECD_PISA/PISA_001.md,486,1620,0.7975,0,OK
PISA_001,dados_intermediarios/processed/OECD_PISA/PISA_001.md,487,1775,0.7955,0,OK
PISA_001,dados_intermediarios/processed/OECD_PISA/PISA_001.md,488,1528,0.7919,0,OK
PISA_001,dados_intermediarios/processed/OECD_PISA/PISA_001.md,489,1536,0.7956,0,OK
PISA_001,dados_intermediarios/processed/OECD_PISA/PISA_001.md,490,1504,0.8019,0,OK
PISA_001,dados_intermediarios/processed/OECD_PISA/PISA_001.md,491,652,0.7975,0,OK
PISA_001,dados_intermediarios/processed/OECD_PISA/PISA_001.md,492,1110,0.8162,0,OK
UNESCO_001,dados_intermediarios/processed/UNESCO/UNESCO_001.md,1,155,0.8194,0,OK
UNESCO_001,dados_intermediarios/processed/UNESCO/UNESCO_001.md,2,209,0.7799,0,OK
UNESCO_001,dados_intermediarios/processed/UNESCO/UNESCO_001.md,3,2713,0.794,0,OK
UNESCO_001,dados_intermediarios/processed/UNESCO/UNESCO_001.md,4,2262,0.8099,0,OK
UNESCO_001,dados_intermediarios/processed/UNESCO/UNESCO_001.md,5,2530,0.4486,0,OK
UNESCO_001,dados_intermediarios/processed/UNESCO/UNESCO_001.md,6,2676,0.4178,0,OK
UNESCO_001,dados_intermediarios/processed/UNESCO/UNESCO_001.md,7,2227,0.8294,0,OK
UNESCO_001,dados_intermediarios/processed/UNESCO/UNESCO_001.md,8,2489,0.8292,0,OK
UNESCO_001,dados_intermediarios/processed/UNESCO/UNESCO_001.md,9,2549,0.8188,0,OK
UNESCO_001,dados_intermediarios/processed/UNESCO/UNESCO_001.md,10,1964,0.8243,0,OK
UNESCO_001,dados_intermediarios/processed/UNESCO/UNESCO_001.md,11,3468,0.3304,0,OK
UNESCO_001,dados_intermediarios/processed/UNESCO/UNESCO_001.md,12,4537,0.3624,0,OK
UNESCO_001,dados_intermediarios/processed/UNESCO/UNESCO_001.md,13,3057,0.2251,0,REVIEW_TEXT_QUALITY
UNESCO_001,dados_intermediarios/processed/UNESCO/UNESCO_001.md,14,2282,0.816,0,OK
UNESCO_001,dados_intermediarios/processed/UNESCO/UNESCO_001.md,15,1210,0.824,0,OK
UNESCO_001,dados_intermediarios/processed/UNESCO/UNESCO_001.md,16,2457,0.8136,0,OK
UNESCO_001,dados_intermediarios/processed/UNESCO/UNESCO_001.md,17,3845,0.7997,0,OK
UNESCO_001,dados_intermediarios/processed/UNESCO/UNESCO_001.md,18,2594,0.8165,0,OK
UNESCO_001,dados_intermediarios/processed/UNESCO/UNESCO_001.md,19,2880,0.8142,0,OK
UNESCO_001,dados_intermediarios/processed/UNESCO/UNESCO_001.md,20,604,0.8377,0,OK
UNESCO_001,dados_intermediarios/processed/UNESCO/UNESCO_001.md,21,3118,0.8082,0,OK
UNESCO_001,dados_intermediarios/processed/UNESCO/UNESCO_001.md,22,2908,0.825,0,OK
UNESCO_001,dados_intermediarios/processed/UNESCO/UNESCO_001.md,23,2943,0.8186,0,OK
UNESCO_001,dados_intermediarios/processed/UNESCO/UNESCO_001.md,24,2674,0.8093,0,OK
UNESCO_001,dados_intermediarios/processed/UNESCO/UNESCO_001.md,25,2921,0.8216,0,OK
UNESCO_001,dados_intermediarios/processed/UNESCO/UNESCO_001.md,26,3030,0.8122,0,OK
UNESCO_001,dados_intermediarios/processed/UNESCO/UNESCO_001.md,27,2646,0.825,0,OK
UNESCO_001,dados_intermediarios/processed/UNESCO/UNESCO_001.md,28,2816,0.82,0,OK
UNESCO_001,dados_intermediarios/processed/UNESCO/UNESCO_001.md,29,2962,0.8224,0,OK
UNESCO_001,dados_intermediarios/processed/UNESCO/UNESCO_001.md,30,2734,0.8135,0,OK
UNESCO_001,dados_intermediarios/processed/UNESCO/UNESCO_001.md,31,3115,0.8193,0,OK
UNESCO_001,dados_intermediarios/processed/UNESCO/UNESCO_001.md,32,2809,0.8152,0,OK
UNESCO_001,dados_intermediarios/processed/UNESCO/UNESCO_001.md,33,2576,0.8141,0,OK
UNESCO_001,dados_intermediarios/processed/UNESCO/UNESCO_001.md,34,2903,0.8192,0,OK
UNESCO_001,dados_intermediarios/processed/UNESCO/UNESCO_001.md,35,1377,0.8155,0,OK
UNESCO_001,dados_intermediarios/processed/UNESCO/UNESCO_001.md,36,3039,0.8226,0,OK
UNESCO_001,dados_intermediarios/processed/UNESCO/UNESCO_001.md,37,1355,0.8266,0,OK
UNESCO_001,dados_intermediarios/processed/UNESCO/UNESCO_001.md,38,65,0.8,0,OK
UNESCO_001,dados_intermediarios/processed/UNESCO/UNESCO_001.md,39,2728,0.8163,0,OK
UNESCO_001,dados_intermediarios/processed/UNESCO/UNESCO_001.md,40,3131,0.8221,0,OK
UNESCO_001,dados_intermediarios/processed/UNESCO/UNESCO_001.md,41,3168,0.8213,0,OK
UNESCO_001,dados_intermediarios/processed/UNESCO/UNESCO_001.md,42,2472,0.8269,0,OK
UNESCO_001,dados_intermediarios/processed/UNESCO/UNESCO_001.md,43,2047,0.8021,0,OK
UNESCO_001,dados_intermediarios/processed/UNESCO/UNESCO_001.md,44,1854,0.7476,0,OK
UNESCO_001,dados_intermediarios/processed/UNESCO/UNESCO_001.md,45,1880,0.7612,0,OK
UNESCO_001,dados_intermediarios/processed/UNESCO/UNESCO_001.md,46,2964,0.8202,0,OK
UNESCO_001,dados_intermediarios/processed/UNESCO/UNESCO_001.md,47,2668,0.8197,0,OK
UNESCO_001,dados_intermediarios/processed/UNESCO/UNESCO_001.md,48,2896,0.8046,0,OK
UNESCO_001,dados_intermediarios/processed/UNESCO/UNESCO_001.md,49,2952,0.8103,0,OK
UNESCO_001,dados_intermediarios/processed/UNESCO/UNESCO_001.md,50,1983,0.7136,0,OK
UNESCO_001,dados_intermediarios/processed/UNESCO/UNESCO_001.md,51,2010,0.807,0,OK
UNESCO_001,dados_intermediarios/processed/UNESCO/UNESCO_001.md,52,2534,0.8193,0,OK
UNESCO_001,dados_intermediarios/processed/UNESCO/UNESCO_001.md,53,2200,0.8041,0,OK
UNESCO_001,dados_intermediarios/processed/UNESCO/UNESCO_001.md,54,2668,0.8253,0,OK
UNESCO_001,dados_intermediarios/processed/UNESCO/UNESCO_001.md,55,2627,0.8013,0,OK
UNESCO_001,dados_intermediarios/processed/UNESCO/UNESCO_001.md,56,2815,0.805,0,OK
UNESCO_001,dados_intermediarios/processed/UNESCO/UNESCO_001.md,57,1734,0.812,0,OK
UNESCO_001,dados_intermediarios/processed/UNESCO/UNESCO_001.md,58,2967,0.817,0,OK
UNESCO_001,dados_intermediarios/processed/UNESCO/UNESCO_001.md,59,2913,0.8177,0,OK
UNESCO_001,dados_intermediarios/processed/UNESCO/UNESCO_001.md,60,2860,0.8122,0,OK
UNESCO_001,dados_intermediarios/processed/UNESCO/UNESCO_001.md,61,2616,0.8215,0,OK
UNESCO_001,dados_intermediarios/processed/UNESCO/UNESCO_001.md,62,1757,0.819,0,OK
UNESCO_001,dados_intermediarios/processed/UNESCO/UNESCO_001.md,63,2883,0.8196,0,OK
UNESCO_001,dados_intermediarios/processed/UNESCO/UNESCO_001.md,64,2748,0.8195,0,OK
UNESCO_001,dados_intermediarios/processed/UNESCO/UNESCO_001.md,65,2674,0.8194,0,OK
UNESCO_001,dados_intermediarios/processed/UNESCO/UNESCO_001.md,66,2989,0.8143,0,OK
UNESCO_001,dados_intermediarios/processed/UNESCO/UNESCO_001.md,67,2550,0.8192,0,OK
UNESCO_001,dados_intermediarios/processed/UNESCO/UNESCO_001.md,68,2967,0.822,0,OK
UNESCO_001,dados_intermediarios/processed/UNESCO/UNESCO_001.md,69,2580,0.8116,0,OK
UNESCO_001,dados_intermediarios/processed/UNESCO/UNESCO_001.md,70,1799,0.8227,0,OK
UNESCO_001,dados_intermediarios/processed/UNESCO/UNESCO_001.md,71,2659,0.8116,0,OK
UNESCO_001,dados_intermediarios/processed/UNESCO/UNESCO_001.md,72,2776,0.8105,0,OK
UNESCO_001,dados_intermediarios/processed/UNESCO/UNESCO_001.md,73,2105,0.8214,0,OK
UNESCO_001,dados_intermediarios/processed/UNESCO/UNESCO_001.md,74,1866,0.8237,0,OK
UNESCO_001,dados_intermediarios/processed/UNESCO/UNESCO_001.md,75,1202,0.8245,0,OK
UNESCO_001,dados_intermediarios/processed/UNESCO/UNESCO_001.md,76,69,0.7826,0,OK
UNESCO_001,dados_intermediarios/processed/UNESCO/UNESCO_001.md,77,2503,0.817,0,OK
UNESCO_001,dados_intermediarios/processed/UNESCO/UNESCO_001.md,78,2703,0.8294,0,OK
UNESCO_001,dados_intermediarios/processed/UNESCO/UNESCO_001.md,79,2863,0.8285,0,OK
UNESCO_001,dados_intermediarios/processed/UNESCO/UNESCO_001.md,80,2860,0.821,0,OK
UNESCO_001,dados_intermediarios/processed/UNESCO/UNESCO_001.md,81,2880,0.824,0,OK
UNESCO_001,dados_intermediarios/processed/UNESCO/UNESCO_001.md,82,2544,0.8211,0,OK
UNESCO_001,dados_intermediarios/processed/UNESCO/UNESCO_001.md,83,2512,0.8197,0,OK
UNESCO_001,dados_intermediarios/processed/UNESCO/UNESCO_001.md,84,2850,0.8263,0,OK
UNESCO_001,dados_intermediarios/processed/UNESCO/UNESCO_001.md,85,2840,0.8201,0,OK
UNESCO_001,dados_intermediarios/processed/UNESCO/UNESCO_001.md,86,2062,0.8143,0,OK
UNESCO_001,dados_intermediarios/processed/UNESCO/UNESCO_001.md,87,2651,0.8118,0,OK
UNESCO_001,dados_intermediarios/processed/UNESCO/UNESCO_001.md,88,2587,0.823,0,OK
UNESCO_001,dados_intermediarios/processed/UNESCO/UNESCO_001.md,89,2741,0.8293,0,OK
UNESCO_001,dados_intermediarios/processed/UNESCO/UNESCO_001.md,90,2511,0.8196,0,OK
UNESCO_001,dados_intermediarios/processed/UNESCO/UNESCO_001.md,91,3044,0.8259,0,OK
UNESCO_001,dados_intermediarios/processed/UNESCO/UNESCO_001.md,92,2900,0.8276,0,OK
UNESCO_001,dados_intermediarios/processed/UNESCO/UNESCO_001.md,93,2654,0.8165,0,OK
UNESCO_001,dados_intermediarios/processed/UNESCO/UNESCO_001.md,94,2859,0.8185,0,OK
UNESCO_001,dados_intermediarios/processed/UNESCO/UNESCO_001.md,95,2277,0.8235,0,OK
UNESCO_001,dados_intermediarios/processed/UNESCO/UNESCO_001.md,96,2949,0.826,0,OK
UNESCO_001,dados_intermediarios/processed/UNESCO/UNESCO_001.md,97,2719,0.8249,0,OK
UNESCO_001,dados_intermediarios/processed/UNESCO/UNESCO_001.md,98,2606,0.8243,0,OK
UNESCO_001,dados_intermediarios/processed/UNESCO/UNESCO_001.md,99,2890,0.8253,0,OK
UNESCO_001,dados_intermediarios/processed/UNESCO/UNESCO_001.md,100,58,0.8448,0,OK
UNESCO_001,dados_intermediarios/processed/UNESCO/UNESCO_001.md,101,1994,0.8119,0,OK
UNESCO_001,dados_intermediarios/processed/UNESCO/UNESCO_001.md,102,3224,0.8204,0,OK
UNESCO_001,dados_intermediarios/processed/UNESCO/UNESCO_001.md,103,2144,0.8088,0,OK
UNESCO_001,dados_intermediarios/processed/UNESCO/UNESCO_001.md,104,4041,0.8191,0,OK
UNESCO_001,dados_intermediarios/processed/UNESCO/UNESCO_001.md,105,2819,0.823,0,OK
UNESCO_001,dados_intermediarios/processed/UNESCO/UNESCO_001.md,106,2978,0.8203,0,OK
UNESCO_001,dados_intermediarios/processed/UNESCO/UNESCO_001.md,107,2593,0.8218,0,OK
UNESCO_001,dados_intermediarios/processed/UNESCO/UNESCO_001.md,108,2526,0.8068,0,OK
UNESCO_001,dados_intermediarios/processed/UNESCO/UNESCO_001.md,109,2416,0.8204,0,OK
UNESCO_001,dados_intermediarios/processed/UNESCO/UNESCO_001.md,110,2814,0.8166,0,OK
UNESCO_001,dados_intermediarios/processed/UNESCO/UNESCO_001.md,111,2470,0.8296,0,OK
UNESCO_001,dados_intermediarios/processed/UNESCO/UNESCO_001.md,112,2315,0.8281,0,OK
UNESCO_001,dados_intermediarios/processed/UNESCO/UNESCO_001.md,113,2188,0.8245,0,OK
UNESCO_001,dados_intermediarios/processed/UNESCO/UNESCO_001.md,114,3192,0.8239,0,OK
UNESCO_001,dados_intermediarios/processed/UNESCO/UNESCO_001.md,115,2800,0.8221,0,OK
UNESCO_001,dados_intermediarios/processed/UNESCO/UNESCO_001.md,116,2762,0.8219,0,OK
UNESCO_001,dados_intermediarios/processed/UNESCO/UNESCO_001.md,117,3776,0.8032,0,OK
UNESCO_001,dados_intermediarios/processed/UNESCO/UNESCO_001.md,118,2545,0.824,0,OK
UNESCO_001,dados_intermediarios/processed/UNESCO/UNESCO_001.md,119,2544,0.8247,0,OK
UNESCO_001,dados_intermediarios/processed/UNESCO/UNESCO_001.md,120,2129,0.8182,0,OK
UNESCO_001,dados_intermediarios/processed/UNESCO/UNESCO_001.md,121,3670,0.8234,0,OK
UNESCO_001,dados_intermediarios/processed/UNESCO/UNESCO_001.md,122,2311,0.8157,0,OK
UNESCO_001,dados_intermediarios/processed/UNESCO/UNESCO_001.md,123,2705,0.8292,0,OK
UNESCO_001,dados_intermediarios/processed/UNESCO/UNESCO_001.md,124,2736,0.8205,0,OK
UNESCO_001,dados_intermediarios/processed/UNESCO/UNESCO_001.md,125,2641,0.8137,0,OK
UNESCO_001,dados_intermediarios/processed/UNESCO/UNESCO_001.md,126,2613,0.8297,0,OK
UNESCO_001,dados_intermediarios/processed/UNESCO/UNESCO_001.md,127,2654,0.8127,0,OK
UNESCO_001,dados_intermediarios/processed/UNESCO/UNESCO_001.md,128,896,0.8147,0,OK
UNESCO_001,dados_intermediarios/processed/UNESCO/UNESCO_001.md,129,3082,0.8209,0,OK
UNESCO_001,dados_intermediarios/processed/UNESCO/UNESCO_001.md,130,2602,0.8151,0,OK
UNESCO_001,dados_intermediarios/processed/UNESCO/UNESCO_001.md,131,2686,0.8321,0,OK
UNESCO_001,dados_intermediarios/processed/UNESCO/UNESCO_001.md,132,2819,0.8148,0,OK
UNESCO_001,dados_intermediarios/processed/UNESCO/UNESCO_001.md,133,2745,0.8262,0,OK
UNESCO_001,dados_intermediarios/processed/UNESCO/UNESCO_001.md,134,2531,0.8171,0,OK
UNESCO_001,dados_intermediarios/processed/UNESCO/UNESCO_001.md,135,2452,0.8275,0,OK
UNESCO_001,dados_intermediarios/processed/UNESCO/UNESCO_001.md,136,2010,0.8269,0,OK
UNESCO_001,dados_intermediarios/processed/UNESCO/UNESCO_001.md,137,3292,0.8226,0,OK
UNESCO_001,dados_intermediarios/processed/UNESCO/UNESCO_001.md,138,1791,0.8169,0,OK
UNESCO_001,dados_intermediarios/processed/UNESCO/UNESCO_001.md,139,2690,0.8193,0,OK
UNESCO_001,dados_intermediarios/processed/UNESCO/UNESCO_001.md,140,2554,0.8273,0,OK
UNESCO_001,dados_intermediarios/processed/UNESCO/UNESCO_001.md,141,2899,0.8227,0,OK
UNESCO_001,dados_intermediarios/processed/UNESCO/UNESCO_001.md,142,2697,0.8239,0,OK
UNESCO_001,dados_intermediarios/processed/UNESCO/UNESCO_001.md,143,2944,0.8302,0,OK
UNESCO_001,dados_intermediarios/processed/UNESCO/UNESCO_001.md,144,2504,0.8183,0,OK
UNESCO_001,dados_intermediarios/processed/UNESCO/UNESCO_001.md,145,3607,0.8145,0,OK
UNESCO_001,dados_intermediarios/processed/UNESCO/UNESCO_001.md,146,2040,0.8152,0,OK
UNESCO_001,dados_intermediarios/processed/UNESCO/UNESCO_001.md,147,2776,0.8019,0,OK
UNESCO_001,dados_intermediarios/processed/UNESCO/UNESCO_001.md,148,2800,0.8154,0,OK
UNESCO_001,dados_intermediarios/processed/UNESCO/UNESCO_001.md,149,2488,0.8312,0,OK
UNESCO_001,dados_intermediarios/processed/UNESCO/UNESCO_001.md,150,2792,0.8087,0,OK
UNESCO_001,dados_intermediarios/processed/UNESCO/UNESCO_001.md,151,2877,0.8227,0,OK
UNESCO_001,dados_intermediarios/processed/UNESCO/UNESCO_001.md,152,2722,0.8251,0,OK
UNESCO_001,dados_intermediarios/processed/UNESCO/UNESCO_001.md,153,2567,0.8153,0,OK
UNESCO_001,dados_intermediarios/processed/UNESCO/UNESCO_001.md,154,73,0.8356,0,OK
UNESCO_001,dados_intermediarios/processed/UNESCO/UNESCO_001.md,155,3046,0.8168,0,OK
UNESCO_001,dados_intermediarios/processed/UNESCO/UNESCO_001.md,156,3018,0.8254,0,OK
UNESCO_001,dados_intermediarios/processed/UNESCO/UNESCO_001.md,157,1450,0.8076,0,OK
UNESCO_001,dados_intermediarios/processed/UNESCO/UNESCO_001.md,158,2866,0.814,0,OK
UNESCO_001,dados_intermediarios/processed/UNESCO/UNESCO_001.md,159,2901,0.8201,0,OK
UNESCO_001,dados_intermediarios/processed/UNESCO/UNESCO_001.md,160,2732,0.8309,0,OK
UNESCO_001,dados_intermediarios/processed/UNESCO/UNESCO_001.md,161,2548,0.8218,0,OK
UNESCO_001,dados_intermediarios/processed/UNESCO/UNESCO_001.md,162,2698,0.8206,0,OK
UNESCO_001,dados_intermediarios/processed/UNESCO/UNESCO_001.md,163,2884,0.8304,0,OK
UNESCO_001,dados_intermediarios/processed/UNESCO/UNESCO_001.md,164,2914,0.8212,0,OK
UNESCO_001,dados_intermediarios/processed/UNESCO/UNESCO_001.md,165,2804,0.821,0,OK
UNESCO_001,dados_intermediarios/processed/UNESCO/UNESCO_001.md,166,2583,0.8169,0,OK
UNESCO_001,dados_intermediarios/processed/UNESCO/UNESCO_001.md,167,2824,0.8201,0,OK
UNESCO_001,dados_intermediarios/processed/UNESCO/UNESCO_001.md,168,2732,0.8221,0,OK
UNESCO_001,dados_intermediarios/processed/UNESCO/UNESCO_001.md,169,2646,0.8182,0,OK
UNESCO_001,dados_intermediarios/processed/UNESCO/UNESCO_001.md,170,2591,0.8132,0,OK
UNESCO_001,dados_intermediarios/processed/UNESCO/UNESCO_001.md,171,2704,0.8203,0,OK
UNESCO_001,dados_intermediarios/processed/UNESCO/UNESCO_001.md,172,3027,0.8163,0,OK
UNESCO_001,dados_intermediarios/processed/UNESCO/UNESCO_001.md,173,2828,0.8094,0,OK
UNESCO_001,dados_intermediarios/processed/UNESCO/UNESCO_001.md,174,2781,0.8206,0,OK
UNESCO_001,dados_intermediarios/processed/UNESCO/UNESCO_001.md,175,2719,0.8238,0,OK
UNESCO_001,dados_intermediarios/processed/UNESCO/UNESCO_001.md,176,2680,0.8216,0,OK
UNESCO_001,dados_intermediarios/processed/UNESCO/UNESCO_001.md,177,2730,0.8231,0,OK
UNESCO_001,dados_intermediarios/processed/UNESCO/UNESCO_001.md,178,2951,0.8295,0,OK
UNESCO_001,dados_intermediarios/processed/UNESCO/UNESCO_001.md,179,3193,0.8184,0,OK
UNESCO_001,dados_intermediarios/processed/UNESCO/UNESCO_001.md,180,50,0.86,0,OK
UNESCO_001,dados_intermediarios/processed/UNESCO/UNESCO_001.md,181,2942,0.8311,0,OK
UNESCO_001,dados_intermediarios/processed/UNESCO/UNESCO_001.md,182,2977,0.8347,0,OK
UNESCO_001,dados_intermediarios/processed/UNESCO/UNESCO_001.md,183,3788,0.8244,0,OK
UNESCO_001,dados_intermediarios/processed/UNESCO/UNESCO_001.md,184,2835,0.8233,0,OK
UNESCO_001,dados_intermediarios/processed/UNESCO/UNESCO_001.md,185,2850,0.8232,0,OK
UNESCO_001,dados_intermediarios/processed/UNESCO/UNESCO_001.md,186,2723,0.8116,0,OK
UNESCO_001,dados_intermediarios/processed/UNESCO/UNESCO_001.md,187,2913,0.8205,0,OK
UNESCO_001,dados_intermediarios/processed/UNESCO/UNESCO_001.md,188,2944,0.8196,0,OK
UNESCO_001,dados_intermediarios/processed/UNESCO/UNESCO_001.md,189,2780,0.836,0,OK
UNESCO_001,dados_intermediarios/processed/UNESCO/UNESCO_001.md,190,2970,0.8293,0,OK
UNESCO_001,dados_intermediarios/processed/UNESCO/UNESCO_001.md,191,2894,0.8186,0,OK
UNESCO_001,dados_intermediarios/processed/UNESCO/UNESCO_001.md,192,2942,0.8222,0,OK
UNESCO_001,dados_intermediarios/processed/UNESCO/UNESCO_001.md,193,2728,0.8255,0,OK
UNESCO_001,dados_intermediarios/processed/UNESCO/UNESCO_001.md,194,2912,0.8183,0,OK
UNESCO_001,dados_intermediarios/processed/UNESCO/UNESCO_001.md,195,2805,0.8196,0,OK
UNESCO_001,dados_intermediarios/processed/UNESCO/UNESCO_001.md,196,3032,0.8219,0,OK
UNESCO_001,dados_intermediarios/processed/UNESCO/UNESCO_001.md,197,2664,0.8262,0,OK
UNESCO_001,dados_intermediarios/processed/UNESCO/UNESCO_001.md,198,2447,0.8222,0,OK
UNESCO_001,dados_intermediarios/processed/UNESCO/UNESCO_001.md,199,3283,0.827,0,OK
UNESCO_001,dados_intermediarios/processed/UNESCO/UNESCO_001.md,200,29,0.8621,0,LOW_TEXT
UNESCO_001,dados_intermediarios/processed/UNESCO/UNESCO_001.md,201,2976,0.8155,0,OK
UNESCO_001,dados_intermediarios/processed/UNESCO/UNESCO_001.md,202,2954,0.8128,0,OK
UNESCO_001,dados_intermediarios/processed/UNESCO/UNESCO_001.md,203,2739,0.8164,0,OK
UNESCO_001,dados_intermediarios/processed/UNESCO/UNESCO_001.md,204,2999,0.8136,0,OK
UNESCO_001,dados_intermediarios/processed/UNESCO/UNESCO_001.md,205,3093,0.8267,0,OK
UNESCO_001,dados_intermediarios/processed/UNESCO/UNESCO_001.md,206,2713,0.8257,0,OK
UNESCO_001,dados_intermediarios/processed/UNESCO/UNESCO_001.md,207,3083,0.8151,0,OK
UNESCO_001,dados_intermediarios/processed/UNESCO/UNESCO_001.md,208,3157,0.8258,0,OK
UNESCO_001,dados_intermediarios/processed/UNESCO/UNESCO_001.md,209,2813,0.823,0,OK
UNESCO_001,dados_intermediarios/processed/UNESCO/UNESCO_001.md,210,2535,0.8233,0,OK
UNESCO_001,dados_intermediarios/processed/UNESCO/UNESCO_001.md,211,3100,0.819,0,OK
UNESCO_001,dados_intermediarios/processed/UNESCO/UNESCO_001.md,212,3008,0.8191,0,OK
UNESCO_001,dados_intermediarios/processed/UNESCO/UNESCO_001.md,213,3353,0.8276,0,OK
UNESCO_001,dados_intermediarios/processed/UNESCO/UNESCO_001.md,214,2990,0.8231,0,OK
UNESCO_001,dados_intermediarios/processed/UNESCO/UNESCO_001.md,215,3008,0.7886,0,OK
UNESCO_001,dados_intermediarios/processed/UNESCO/UNESCO_001.md,216,3247,0.786,0,OK
UNESCO_001,dados_intermediarios/processed/UNESCO/UNESCO_001.md,217,3475,0.7888,0,OK
UNESCO_001,dados_intermediarios/processed/UNESCO/UNESCO_001.md,218,3305,0.7933,0,OK
UNESCO_001,dados_intermediarios/processed/UNESCO/UNESCO_001.md,219,3147,0.8008,0,OK
UNESCO_001,dados_intermediarios/processed/UNESCO/UNESCO_001.md,220,3369,0.7854,0,OK
UNESCO_001,dados_intermediarios/processed/UNESCO/UNESCO_001.md,221,2972,0.7904,0,OK
UNESCO_001,dados_intermediarios/processed/UNESCO/UNESCO_001.md,222,3115,0.7872,0,OK
UNESCO_001,dados_intermediarios/processed/UNESCO/UNESCO_001.md,223,3328,0.7776,0,OK
UNESCO_001,dados_intermediarios/processed/UNESCO/UNESCO_001.md,224,3053,0.7789,0,OK
UNESCO_001,dados_intermediarios/processed/UNESCO/UNESCO_001.md,225,2993,0.7835,0,OK
UNESCO_001,dados_intermediarios/processed/UNESCO/UNESCO_001.md,226,3184,0.7842,0,OK
UNESCO_001,dados_intermediarios/processed/UNESCO/UNESCO_001.md,227,3225,0.7926,0,OK
UNESCO_001,dados_intermediarios/processed/UNESCO/UNESCO_001.md,228,3165,0.7953,0,OK
UNESCO_001,dados_intermediarios/processed/UNESCO/UNESCO_001.md,229,2717,0.7851,0,OK
UNESCO_001,dados_intermediarios/processed/UNESCO/UNESCO_001.md,230,1986,0.7996,0,OK
UNESCO_001,dados_intermediarios/processed/UNESCO/UNESCO_001.md,231,1294,0.8199,0,OK
UNESCO_002,dados_intermediarios/processed/UNESCO/UNESCO_002.md,1,68,0.8676,0,OK
UNESCO_002,dados_intermediarios/processed/UNESCO/UNESCO_002.md,2,68,0.8676,0,OK
UNESCO_002,dados_intermediarios/processed/UNESCO/UNESCO_002.md,3,2547,0.8013,0,OK
UNESCO_002,dados_intermediarios/processed/UNESCO/UNESCO_002.md,4,3384,0.8088,0,OK
UNESCO_002,dados_intermediarios/processed/UNESCO/UNESCO_002.md,5,1022,0.7769,0,OK
UNESCO_002,dados_intermediarios/processed/UNESCO/UNESCO_002.md,6,2685,0.8447,0,OK
UNESCO_002,dados_intermediarios/processed/UNESCO/UNESCO_002.md,7,778,0.7609,0,OK
UNESCO_002,dados_intermediarios/processed/UNESCO/UNESCO_002.md,8,2518,0.8197,0,OK
UNESCO_002,dados_intermediarios/processed/UNESCO/UNESCO_002.md,9,2,1.0,0,LOW_TEXT
UNESCO_002,dados_intermediarios/processed/UNESCO/UNESCO_002.md,10,16,0.8125,0,LOW_TEXT
UNESCO_002,dados_intermediarios/processed/UNESCO/UNESCO_002.md,11,3029,0.8108,0,OK
UNESCO_002,dados_intermediarios/processed/UNESCO/UNESCO_002.md,12,1864,0.8181,0,OK
UNESCO_002,dados_intermediarios/processed/UNESCO/UNESCO_002.md,13,2127,0.8082,0,OK
UNESCO_002,dados_intermediarios/processed/UNESCO/UNESCO_002.md,14,1914,0.8156,0,OK
UNESCO_002,dados_intermediarios/processed/UNESCO/UNESCO_002.md,15,2129,0.8206,0,OK
UNESCO_002,dados_intermediarios/processed/UNESCO/UNESCO_002.md,16,804,0.8259,0,OK
UNESCO_002,dados_intermediarios/processed/UNESCO/UNESCO_002.md,17,2,1.0,0,LOW_TEXT
UNESCO_002,dados_intermediarios/processed/UNESCO/UNESCO_002.md,18,78,0.7821,0,OK
UNESCO_002,dados_intermediarios/processed/UNESCO/UNESCO_002.md,19,2362,0.812,0,OK
UNESCO_002,dados_intermediarios/processed/UNESCO/UNESCO_002.md,20,2998,0.8266,0,OK
UNESCO_002,dados_intermediarios/processed/UNESCO/UNESCO_002.md,21,2320,0.8194,0,OK
UNESCO_002,dados_intermediarios/processed/UNESCO/UNESCO_002.md,22,1033,0.8199,0,OK
UNESCO_002,dados_intermediarios/processed/UNESCO/UNESCO_002.md,23,3774,0.801,0,OK
UNESCO_002,dados_intermediarios/processed/UNESCO/UNESCO_002.md,24,1615,0.8093,0,OK
UNESCO_002,dados_intermediarios/processed/UNESCO/UNESCO_002.md,25,347,0.8213,0,OK
UNESCO_002,dados_intermediarios/processed/UNESCO/UNESCO_002.md,26,2596,0.7681,0,OK
UNESCO_002,dados_intermediarios/processed/UNESCO/UNESCO_002.md,27,506,0.7945,0,OK
UNESCO_002,dados_intermediarios/processed/UNESCO/UNESCO_002.md,28,4902,0.7948,0,OK
UNESCO_002,dados_intermediarios/processed/UNESCO/UNESCO_002.md,29,3218,0.793,0,OK
UNESCO_002,dados_intermediarios/processed/UNESCO/UNESCO_002.md,30,3306,0.7979,0,OK
UNESCO_002,dados_intermediarios/processed/UNESCO/UNESCO_002.md,31,2848,0.8009,0,OK
UNESCO_002,dados_intermediarios/processed/UNESCO/UNESCO_002.md,32,3219,0.7928,0,OK
UNESCO_002,dados_intermediarios/processed/UNESCO/UNESCO_002.md,33,2261,0.7926,0,OK
UNESCO_002,dados_intermediarios/processed/UNESCO/UNESCO_002.md,34,3245,0.7926,0,OK
UNESCO_002,dados_intermediarios/processed/UNESCO/UNESCO_002.md,35,3637,0.8029,0,OK
UNESCO_002,dados_intermediarios/processed/UNESCO/UNESCO_002.md,36,3355,0.8015,0,OK
UNESCO_002,dados_intermediarios/processed/UNESCO/UNESCO_002.md,37,3175,0.789,0,OK
UNESCO_002,dados_intermediarios/processed/UNESCO/UNESCO_002.md,38,512,0.8281,0,OK
UNESCO_002,dados_intermediarios/processed/UNESCO/UNESCO_002.md,39,3198,0.8024,0,OK
UNESCO_002,dados_intermediarios/processed/UNESCO/UNESCO_002.md,40,2,1.0,0,LOW_TEXT
UNESCO_002,dados_intermediarios/processed/UNESCO/UNESCO_002.md,41,56,0.8214,0,OK
UNESCO_002,dados_intermediarios/processed/UNESCO/UNESCO_002.md,42,1462,0.7989,0,OK
UNESCO_002,dados_intermediarios/processed/UNESCO/UNESCO_002.md,43,3271,0.8157,0,OK
UNESCO_002,dados_intermediarios/processed/UNESCO/UNESCO_002.md,44,3036,0.8225,0,OK
UNESCO_002,dados_intermediarios/processed/UNESCO/UNESCO_002.md,45,3384,0.8135,0,OK
UNESCO_002,dados_intermediarios/processed/UNESCO/UNESCO_002.md,46,3401,0.8165,0,OK
UNESCO_002,dados_intermediarios/processed/UNESCO/UNESCO_002.md,47,2600,0.8146,0,OK
UNESCO_002,dados_intermediarios/processed/UNESCO/UNESCO_002.md,48,3103,0.8141,0,OK
UNESCO_002,dados_intermediarios/processed/UNESCO/UNESCO_002.md,49,3233,0.8054,0,OK
UNESCO_002,dados_intermediarios/processed/UNESCO/UNESCO_002.md,50,3412,0.8168,0,OK
UNESCO_002,dados_intermediarios/processed/UNESCO/UNESCO_002.md,51,3768,0.8156,0,OK
UNESCO_002,dados_intermediarios/processed/UNESCO/UNESCO_002.md,52,2573,0.8053,0,OK
UNESCO_002,dados_intermediarios/processed/UNESCO/UNESCO_002.md,53,3525,0.8264,0,OK
UNESCO_002,dados_intermediarios/processed/UNESCO/UNESCO_002.md,54,2942,0.8178,0,OK
UNESCO_002,dados_intermediarios/processed/UNESCO/UNESCO_002.md,55,9,0.8889,0,LOW_TEXT
UNESCO_002,dados_intermediarios/processed/UNESCO/UNESCO_002.md,56,1913,0.8071,0,OK
UNESCO_002,dados_intermediarios/processed/UNESCO/UNESCO_002.md,57,2880,0.7927,0,OK
UNESCO_002,dados_intermediarios/processed/UNESCO/UNESCO_002.md,58,2349,0.7846,0,OK
UNESCO_002,dados_intermediarios/processed/UNESCO/UNESCO_002.md,59,2236,0.797,0,OK
UNESCO_002,dados_intermediarios/processed/UNESCO/UNESCO_002.md,60,1866,0.791,0,OK
UNESCO_002,dados_intermediarios/processed/UNESCO/UNESCO_002.md,61,1875,0.7829,0,OK
UNESCO_002,dados_intermediarios/processed/UNESCO/UNESCO_002.md,62,1433,0.7948,0,OK
UNESCO_002,dados_intermediarios/processed/UNESCO/UNESCO_002.md,63,2534,0.7751,0,OK
UNESCO_002,dados_intermediarios/processed/UNESCO/UNESCO_002.md,64,2849,0.7694,0,OK
UNESCO_002,dados_intermediarios/processed/UNESCO/UNESCO_002.md,65,2761,0.7631,0,OK
UNESCO_002,dados_intermediarios/processed/UNESCO/UNESCO_002.md,66,3032,0.7642,0,OK
UNESCO_002,dados_intermediarios/processed/UNESCO/UNESCO_002.md,67,2698,0.758,0,OK
UNESCO_002,dados_intermediarios/processed/UNESCO/UNESCO_002.md,68,2741,0.7815,0,OK
UNESCO_002,dados_intermediarios/processed/UNESCO/UNESCO_002.md,69,2676,0.7664,0,OK
UNESCO_002,dados_intermediarios/processed/UNESCO/UNESCO_002.md,70,1053,0.8091,0,OK
UNESCO_003,dados_intermediarios/processed/UNESCO/UNESCO_003.md,1,96,0.8438,0,OK
UNESCO_003,dados_intermediarios/processed/UNESCO/UNESCO_003.md,2,4526,0.8073,0,OK
UNESCO_003,dados_intermediarios/processed/UNESCO/UNESCO_003.md,3,96,0.8438,0,OK
UNESCO_003,dados_intermediarios/processed/UNESCO/UNESCO_003.md,4,454,0.8106,0,OK
UNESCO_003,dados_intermediarios/processed/UNESCO/UNESCO_003.md,5,3199,0.8103,0,OK
UNESCO_003,dados_intermediarios/processed/UNESCO/UNESCO_003.md,6,533,0.8143,0,OK
UNESCO_003,dados_intermediarios/processed/UNESCO/UNESCO_003.md,7,1888,0.7934,0,OK
UNESCO_003,dados_intermediarios/processed/UNESCO/UNESCO_003.md,8,914,0.7856,0,OK
UNESCO_003,dados_intermediarios/processed/UNESCO/UNESCO_003.md,9,1127,0.8447,0,OK
UNESCO_003,dados_intermediarios/processed/UNESCO/UNESCO_003.md,10,1,1.0,0,LOW_TEXT
UNESCO_003,dados_intermediarios/processed/UNESCO/UNESCO_003.md,11,2733,0.8075,0,OK
UNESCO_003,dados_intermediarios/processed/UNESCO/UNESCO_003.md,12,2733,0.8079,0,OK
UNESCO_003,dados_intermediarios/processed/UNESCO/UNESCO_003.md,13,2298,0.8207,0,OK
UNESCO_003,dados_intermediarios/processed/UNESCO/UNESCO_003.md,14,2,1.0,0,LOW_TEXT
UNESCO_003,dados_intermediarios/processed/UNESCO/UNESCO_003.md,15,887,0.7542,0,OK
UNESCO_003,dados_intermediarios/processed/UNESCO/UNESCO_003.md,16,2,1.0,0,LOW_TEXT
UNESCO_003,dados_intermediarios/processed/UNESCO/UNESCO_003.md,17,21,0.8571,0,LOW_TEXT
UNESCO_003,dados_intermediarios/processed/UNESCO/UNESCO_003.md,18,3033,0.8094,0,OK
UNESCO_003,dados_intermediarios/processed/UNESCO/UNESCO_003.md,19,2604,0.8057,0,OK
UNESCO_003,dados_intermediarios/processed/UNESCO/UNESCO_003.md,20,3902,0.7981,0,OK
UNESCO_003,dados_intermediarios/processed/UNESCO/UNESCO_003.md,21,67,0.8209,0,OK
UNESCO_003,dados_intermediarios/processed/UNESCO/UNESCO_003.md,22,2634,0.8052,0,OK
UNESCO_003,dados_intermediarios/processed/UNESCO/UNESCO_003.md,23,3178,0.7989,0,OK
UNESCO_003,dados_intermediarios/processed/UNESCO/UNESCO_003.md,24,2890,0.8104,0,OK
UNESCO_003,dados_intermediarios/processed/UNESCO/UNESCO_003.md,25,3401,0.8165,0,OK
UNESCO_003,dados_intermediarios/processed/UNESCO/UNESCO_003.md,26,2309,0.8042,0,OK
UNESCO_003,dados_intermediarios/processed/UNESCO/UNESCO_003.md,27,67,0.806,0,OK
UNESCO_003,dados_intermediarios/processed/UNESCO/UNESCO_003.md,28,2756,0.8211,0,OK
UNESCO_003,dados_intermediarios/processed/UNESCO/UNESCO_003.md,29,3184,0.8072,0,OK
UNESCO_003,dados_intermediarios/processed/UNESCO/UNESCO_003.md,30,3314,0.799,0,OK
UNESCO_003,dados_intermediarios/processed/UNESCO/UNESCO_003.md,31,2956,0.815,0,OK
UNESCO_003,dados_intermediarios/processed/UNESCO/UNESCO_003.md,32,3493,0.7973,0,OK
UNESCO_003,dados_intermediarios/processed/UNESCO/UNESCO_003.md,33,3459,0.8228,0,OK
UNESCO_003,dados_intermediarios/processed/UNESCO/UNESCO_003.md,34,3525,0.8037,0,OK
UNESCO_003,dados_intermediarios/processed/UNESCO/UNESCO_003.md,35,5953,0.8011,0,OK
UNESCO_003,dados_intermediarios/processed/UNESCO/UNESCO_003.md,36,3326,0.8178,0,OK
UNESCO_003,dados_intermediarios/processed/UNESCO/UNESCO_003.md,37,2462,0.814,0,OK
UNESCO_003,dados_intermediarios/processed/UNESCO/UNESCO_003.md,38,2454,0.802,0,OK
UNESCO_003,dados_intermediarios/processed/UNESCO/UNESCO_003.md,39,3281,0.8068,0,OK
UNESCO_003,dados_intermediarios/processed/UNESCO/UNESCO_003.md,40,3844,0.8057,0,OK
UNESCO_003,dados_intermediarios/processed/UNESCO/UNESCO_003.md,41,2882,0.8102,0,OK
UNESCO_003,dados_intermediarios/processed/UNESCO/UNESCO_003.md,42,3465,0.8147,0,OK
UNESCO_003,dados_intermediarios/processed/UNESCO/UNESCO_003.md,43,37,0.8649,0,LOW_TEXT
UNESCO_003,dados_intermediarios/processed/UNESCO/UNESCO_003.md,44,2787,0.8181,0,OK
UNESCO_003,dados_intermediarios/processed/UNESCO/UNESCO_003.md,45,2890,0.8055,0,OK
UNESCO_003,dados_intermediarios/processed/UNESCO/UNESCO_003.md,46,3225,0.8245,0,OK
UNESCO_003,dados_intermediarios/processed/UNESCO/UNESCO_003.md,47,3295,0.8158,0,OK
UNESCO_003,dados_intermediarios/processed/UNESCO/UNESCO_003.md,48,3198,0.8149,0,OK
UNESCO_003,dados_intermediarios/processed/UNESCO/UNESCO_003.md,49,3752,0.8201,0,OK
UNESCO_003,dados_intermediarios/processed/UNESCO/UNESCO_003.md,50,3218,0.8139,0,OK
UNESCO_003,dados_intermediarios/processed/UNESCO/UNESCO_003.md,51,3167,0.8087,0,OK
UNESCO_003,dados_intermediarios/processed/UNESCO/UNESCO_003.md,52,3453,0.8155,0,OK
UNESCO_003,dados_intermediarios/processed/UNESCO/UNESCO_003.md,53,2972,0.8035,0,OK
UNESCO_003,dados_intermediarios/processed/UNESCO/UNESCO_003.md,54,3137,0.8084,0,OK
UNESCO_003,dados_intermediarios/processed/UNESCO/UNESCO_003.md,55,3396,0.8104,0,OK
UNESCO_003,dados_intermediarios/processed/UNESCO/UNESCO_003.md,56,3295,0.8049,0,OK
UNESCO_003,dados_intermediarios/processed/UNESCO/UNESCO_003.md,57,3206,0.8216,0,OK
UNESCO_003,dados_intermediarios/processed/UNESCO/UNESCO_003.md,58,3071,0.8043,0,OK
UNESCO_003,dados_intermediarios/processed/UNESCO/UNESCO_003.md,59,2855,0.8119,0,OK
UNESCO_003,dados_intermediarios/processed/UNESCO/UNESCO_003.md,60,1741,0.8283,0,OK
UNESCO_003,dados_intermediarios/processed/UNESCO/UNESCO_003.md,61,33,0.8788,0,LOW_TEXT
UNESCO_003,dados_intermediarios/processed/UNESCO/UNESCO_003.md,62,2716,0.8082,0,OK
UNESCO_003,dados_intermediarios/processed/UNESCO/UNESCO_003.md,63,2820,0.8082,0,OK
UNESCO_003,dados_intermediarios/processed/UNESCO/UNESCO_003.md,64,890,0.8112,0,OK
UNESCO_003,dados_intermediarios/processed/UNESCO/UNESCO_003.md,65,29,0.931,0,LOW_TEXT
UNESCO_003,dados_intermediarios/processed/UNESCO/UNESCO_003.md,66,3622,0.7612,0,OK
UNESCO_003,dados_intermediarios/processed/UNESCO/UNESCO_003.md,67,3669,0.7795,0,OK
UNESCO_003,dados_intermediarios/processed/UNESCO/UNESCO_003.md,68,3545,0.7749,0,OK
UNESCO_003,dados_intermediarios/processed/UNESCO/UNESCO_003.md,69,3527,0.7797,0,OK
UNESCO_003,dados_intermediarios/processed/UNESCO/UNESCO_003.md,70,2602,0.7813,0,OK
UNESCO_003,dados_intermediarios/processed/UNESCO/UNESCO_003.md,71,1081,0.8159,0,OK
UNESCO_004,dados_intermediarios/processed/UNESCO/UNESCO_004.md,1,52,0.8462,0,OK
UNESCO_004,dados_intermediarios/processed/UNESCO/UNESCO_004.md,2,82,0.8537,0,OK
UNESCO_004,dados_intermediarios/processed/UNESCO/UNESCO_004.md,3,2905,0.7955,0,OK
UNESCO_004,dados_intermediarios/processed/UNESCO/UNESCO_004.md,4,2294,0.7663,0,OK
UNESCO_004,dados_intermediarios/processed/UNESCO/UNESCO_004.md,5,1774,0.8095,0,OK
UNESCO_004,dados_intermediarios/processed/UNESCO/UNESCO_004.md,6,5023,0.8238,0,OK
UNESCO_004,dados_intermediarios/processed/UNESCO/UNESCO_004.md,7,1297,0.8188,0,OK
UNESCO_004,dados_intermediarios/processed/UNESCO/UNESCO_004.md,8,3576,0.2357,2330,REVIEW_TEXT_QUALITY
UNESCO_004,dados_intermediarios/processed/UNESCO/UNESCO_004.md,9,3336,0.2065,2388,REVIEW_TEXT_QUALITY
UNESCO_004,dados_intermediarios/processed/UNESCO/UNESCO_004.md,10,3767,0.4078,1846,REVIEW_TEXT_QUALITY
UNESCO_004,dados_intermediarios/processed/UNESCO/UNESCO_004.md,11,3809,0.8249,0,OK
UNESCO_004,dados_intermediarios/processed/UNESCO/UNESCO_004.md,12,3525,0.8199,0,OK
UNESCO_004,dados_intermediarios/processed/UNESCO/UNESCO_004.md,13,3451,0.827,0,OK
UNESCO_004,dados_intermediarios/processed/UNESCO/UNESCO_004.md,14,2429,0.8193,0,OK
UNESCO_004,dados_intermediarios/processed/UNESCO/UNESCO_004.md,15,3592,0.8207,0,OK
UNESCO_004,dados_intermediarios/processed/UNESCO/UNESCO_004.md,16,1748,0.8221,0,OK
UNESCO_004,dados_intermediarios/processed/UNESCO/UNESCO_004.md,17,3701,0.8271,0,OK
UNESCO_004,dados_intermediarios/processed/UNESCO/UNESCO_004.md,18,3810,0.8239,0,OK
UNESCO_004,dados_intermediarios/processed/UNESCO/UNESCO_004.md,19,2108,0.8174,0,OK
UNESCO_004,dados_intermediarios/processed/UNESCO/UNESCO_004.md,20,2409,0.812,0,OK
UNESCO_004,dados_intermediarios/processed/UNESCO/UNESCO_004.md,21,3755,0.8173,0,OK
UNESCO_004,dados_intermediarios/processed/UNESCO/UNESCO_004.md,22,2805,0.8196,0,OK
UNESCO_004,dados_intermediarios/processed/UNESCO/UNESCO_004.md,23,3912,0.8142,0,OK
UNESCO_004,dados_intermediarios/processed/UNESCO/UNESCO_004.md,24,3833,0.8098,0,OK
UNESCO_004,dados_intermediarios/processed/UNESCO/UNESCO_004.md,25,4491,0.8065,0,OK
UNESCO_004,dados_intermediarios/processed/UNESCO/UNESCO_004.md,26,4538,0.8125,0,OK
UNESCO_004,dados_intermediarios/processed/UNESCO/UNESCO_004.md,27,2549,0.8211,0,OK
UNESCO_004,dados_intermediarios/processed/UNESCO/UNESCO_004.md,28,3625,0.8201,0,OK
UNESCO_004,dados_intermediarios/processed/UNESCO/UNESCO_004.md,29,3419,0.8192,0,OK
UNESCO_004,dados_intermediarios/processed/UNESCO/UNESCO_004.md,30,1261,0.816,0,OK
UNESCO_004,dados_intermediarios/processed/UNESCO/UNESCO_004.md,31,4295,0.8091,0,OK
UNESCO_004,dados_intermediarios/processed/UNESCO/UNESCO_004.md,32,2591,0.8263,0,OK
UNESCO_004,dados_intermediarios/processed/UNESCO/UNESCO_004.md,33,3714,0.8298,0,OK
UNESCO_004,dados_intermediarios/processed/UNESCO/UNESCO_004.md,34,4172,0.815,0,OK
UNESCO_004,dados_intermediarios/processed/UNESCO/UNESCO_004.md,35,3484,0.8177,0,OK
UNESCO_004,dados_intermediarios/processed/UNESCO/UNESCO_004.md,36,4368,0.8139,0,OK
UNESCO_004,dados_intermediarios/processed/UNESCO/UNESCO_004.md,37,722,0.8338,0,OK
UNESCO_004,dados_intermediarios/processed/UNESCO/UNESCO_004.md,38,3847,0.817,0,OK
UNESCO_004,dados_intermediarios/processed/UNESCO/UNESCO_004.md,39,2844,0.8136,0,OK
UNESCO_004,dados_intermediarios/processed/UNESCO/UNESCO_004.md,40,2175,0.7752,0,OK
UNESCO_004,dados_intermediarios/processed/UNESCO/UNESCO_004.md,41,3654,0.8041,0,OK
UNESCO_004,dados_intermediarios/processed/UNESCO/UNESCO_004.md,42,1968,0.8125,0,OK
UNESCO_004,dados_intermediarios/processed/UNESCO/UNESCO_004.md,43,3461,0.8211,0,OK
UNESCO_004,dados_intermediarios/processed/UNESCO/UNESCO_004.md,44,1818,0.7926,0,OK
UNESCO_004,dados_intermediarios/processed/UNESCO/UNESCO_004.md,45,1553,0.8255,0,OK
UNESCO_004,dados_intermediarios/processed/UNESCO/UNESCO_004.md,46,2721,0.8129,0,OK
UNESCO_004,dados_intermediarios/processed/UNESCO/UNESCO_004.md,47,2864,0.8142,0,OK
UNESCO_004,dados_intermediarios/processed/UNESCO/UNESCO_004.md,48,3091,0.8133,0,OK
UNESCO_004,dados_intermediarios/processed/UNESCO/UNESCO_004.md,49,3675,0.8275,0,OK
UNESCO_004,dados_intermediarios/processed/UNESCO/UNESCO_004.md,50,3294,0.8291,0,OK
UNESCO_004,dados_intermediarios/processed/UNESCO/UNESCO_004.md,51,2908,0.8129,0,OK
UNESCO_004,dados_intermediarios/processed/UNESCO/UNESCO_004.md,52,388,0.8505,0,OK
UNESCO_004,dados_intermediarios/processed/UNESCO/UNESCO_004.md,53,1977,0.8118,0,OK
UNESCO_004,dados_intermediarios/processed/UNESCO/UNESCO_004.md,54,4668,0.8149,0,OK
UNESCO_004,dados_intermediarios/processed/UNESCO/UNESCO_004.md,55,3105,0.8164,0,OK
UNESCO_004,dados_intermediarios/processed/UNESCO/UNESCO_004.md,56,3386,0.8169,0,OK
UNESCO_004,dados_intermediarios/processed/UNESCO/UNESCO_004.md,57,2586,0.8086,0,OK
UNESCO_004,dados_intermediarios/processed/UNESCO/UNESCO_004.md,58,1538,0.8179,0,OK
UNESCO_004,dados_intermediarios/processed/UNESCO/UNESCO_004.md,59,2216,0.8199,0,OK
UNESCO_004,dados_intermediarios/processed/UNESCO/UNESCO_004.md,60,1350,0.8193,0,OK
UNESCO_004,dados_intermediarios/processed/UNESCO/UNESCO_004.md,61,4140,0.8157,0,OK
UNESCO_004,dados_intermediarios/processed/UNESCO/UNESCO_004.md,62,3206,0.8238,0,OK
UNESCO_004,dados_intermediarios/processed/UNESCO/UNESCO_004.md,63,2427,0.8249,0,OK
UNESCO_004,dados_intermediarios/processed/UNESCO/UNESCO_004.md,64,2183,0.8186,0,OK
UNESCO_004,dados_intermediarios/processed/UNESCO/UNESCO_004.md,65,3132,0.8119,0,OK
UNESCO_004,dados_intermediarios/processed/UNESCO/UNESCO_004.md,66,2291,0.8254,0,OK
UNESCO_004,dados_intermediarios/processed/UNESCO/UNESCO_004.md,67,2269,0.8184,0,OK
UNESCO_004,dados_intermediarios/processed/UNESCO/UNESCO_004.md,68,3192,0.8233,0,OK
UNESCO_004,dados_intermediarios/processed/UNESCO/UNESCO_004.md,69,2686,0.8209,0,OK
UNESCO_004,dados_intermediarios/processed/UNESCO/UNESCO_004.md,70,1874,0.834,0,OK
UNESCO_004,dados_intermediarios/processed/UNESCO/UNESCO_004.md,71,2883,0.8241,0,OK
UNESCO_004,dados_intermediarios/processed/UNESCO/UNESCO_004.md,72,3241,0.8201,0,OK
UNESCO_004,dados_intermediarios/processed/UNESCO/UNESCO_004.md,73,3904,0.8294,0,OK
UNESCO_004,dados_intermediarios/processed/UNESCO/UNESCO_004.md,74,1618,0.8195,0,OK
UNESCO_004,dados_intermediarios/processed/UNESCO/UNESCO_004.md,75,2871,0.8227,0,OK
UNESCO_004,dados_intermediarios/processed/UNESCO/UNESCO_004.md,76,3539,0.82,0,OK
UNESCO_004,dados_intermediarios/processed/UNESCO/UNESCO_004.md,77,3119,0.8166,0,OK
UNESCO_004,dados_intermediarios/processed/UNESCO/UNESCO_004.md,78,1784,0.7982,0,OK
UNESCO_004,dados_intermediarios/processed/UNESCO/UNESCO_004.md,79,3669,0.8019,0,OK
UNESCO_004,dados_intermediarios/processed/UNESCO/UNESCO_004.md,80,2338,0.8157,0,OK
UNESCO_004,dados_intermediarios/processed/UNESCO/UNESCO_004.md,81,3750,0.804,0,OK
UNESCO_004,dados_intermediarios/processed/UNESCO/UNESCO_004.md,82,3100,0.8239,0,OK
UNESCO_004,dados_intermediarios/processed/UNESCO/UNESCO_004.md,83,2888,0.8193,0,OK
UNESCO_004,dados_intermediarios/processed/UNESCO/UNESCO_004.md,84,1601,0.8195,0,OK
UNESCO_004,dados_intermediarios/processed/UNESCO/UNESCO_004.md,85,1652,0.8293,0,OK
UNESCO_004,dados_intermediarios/processed/UNESCO/UNESCO_004.md,86,2975,0.8182,0,OK
UNESCO_004,dados_intermediarios/processed/UNESCO/UNESCO_004.md,87,3185,0.8192,0,OK
UNESCO_004,dados_intermediarios/processed/UNESCO/UNESCO_004.md,88,2550,0.8349,0,OK
UNESCO_004,dados_intermediarios/processed/UNESCO/UNESCO_004.md,89,3091,0.8046,0,OK
UNESCO_004,dados_intermediarios/processed/UNESCO/UNESCO_004.md,90,2561,0.8196,0,OK
UNESCO_004,dados_intermediarios/processed/UNESCO/UNESCO_004.md,91,3565,0.8202,0,OK
UNESCO_004,dados_intermediarios/processed/UNESCO/UNESCO_004.md,92,1835,0.8044,0,OK
UNESCO_004,dados_intermediarios/processed/UNESCO/UNESCO_004.md,93,2780,0.8205,0,OK
UNESCO_004,dados_intermediarios/processed/UNESCO/UNESCO_004.md,94,3169,0.8258,0,OK
UNESCO_004,dados_intermediarios/processed/UNESCO/UNESCO_004.md,95,1552,0.8331,0,OK
UNESCO_004,dados_intermediarios/processed/UNESCO/UNESCO_004.md,96,2246,0.8295,0,OK
UNESCO_004,dados_intermediarios/processed/UNESCO/UNESCO_004.md,97,3560,0.8239,0,OK
UNESCO_004,dados_intermediarios/processed/UNESCO/UNESCO_004.md,98,2273,0.8297,0,OK
UNESCO_004,dados_intermediarios/processed/UNESCO/UNESCO_004.md,99,3104,0.8257,0,OK
UNESCO_004,dados_intermediarios/processed/UNESCO/UNESCO_004.md,100,2577,0.8285,0,OK
UNESCO_004,dados_intermediarios/processed/UNESCO/UNESCO_004.md,101,1615,0.8223,0,OK
UNESCO_004,dados_intermediarios/processed/UNESCO/UNESCO_004.md,102,4155,0.8238,0,OK
UNESCO_004,dados_intermediarios/processed/UNESCO/UNESCO_004.md,103,2255,0.8186,0,OK
UNESCO_004,dados_intermediarios/processed/UNESCO/UNESCO_004.md,104,3123,0.8287,0,OK
UNESCO_004,dados_intermediarios/processed/UNESCO/UNESCO_004.md,105,2057,0.8226,0,OK
UNESCO_004,dados_intermediarios/processed/UNESCO/UNESCO_004.md,106,1570,0.8261,0,OK
UNESCO_004,dados_intermediarios/processed/UNESCO/UNESCO_004.md,107,2179,0.8274,0,OK
UNESCO_004,dados_intermediarios/processed/UNESCO/UNESCO_004.md,108,3115,0.8196,0,OK
UNESCO_004,dados_intermediarios/processed/UNESCO/UNESCO_004.md,109,3478,0.8125,0,OK
UNESCO_004,dados_intermediarios/processed/UNESCO/UNESCO_004.md,110,1909,0.8167,0,OK
UNESCO_004,dados_intermediarios/processed/UNESCO/UNESCO_004.md,111,2675,0.8183,0,OK
UNESCO_004,dados_intermediarios/processed/UNESCO/UNESCO_004.md,112,1417,0.8186,0,OK
UNESCO_004,dados_intermediarios/processed/UNESCO/UNESCO_004.md,113,3289,0.8191,0,OK
UNESCO_004,dados_intermediarios/processed/UNESCO/UNESCO_004.md,114,1837,0.8187,0,OK
UNESCO_004,dados_intermediarios/processed/UNESCO/UNESCO_004.md,115,1933,0.8205,0,OK
UNESCO_004,dados_intermediarios/processed/UNESCO/UNESCO_004.md,116,2818,0.813,0,OK
UNESCO_004,dados_intermediarios/processed/UNESCO/UNESCO_004.md,117,3496,0.8172,0,OK
UNESCO_004,dados_intermediarios/processed/UNESCO/UNESCO_004.md,118,3250,0.8095,0,OK
UNESCO_004,dados_intermediarios/processed/UNESCO/UNESCO_004.md,119,1558,0.8074,0,OK
UNESCO_004,dados_intermediarios/processed/UNESCO/UNESCO_004.md,120,3990,0.8216,0,OK
UNESCO_004,dados_intermediarios/processed/UNESCO/UNESCO_004.md,121,2181,0.8024,0,OK
UNESCO_004,dados_intermediarios/processed/UNESCO/UNESCO_004.md,122,2463,0.7495,0,OK
UNESCO_004,dados_intermediarios/processed/UNESCO/UNESCO_004.md,123,2010,0.7627,0,OK
UNESCO_004,dados_intermediarios/processed/UNESCO/UNESCO_004.md,124,3855,0.8195,0,OK
UNESCO_004,dados_intermediarios/processed/UNESCO/UNESCO_004.md,125,4461,0.8243,0,OK
UNESCO_004,dados_intermediarios/processed/UNESCO/UNESCO_004.md,126,2216,0.8245,0,OK
UNESCO_004,dados_intermediarios/processed/UNESCO/UNESCO_004.md,127,3576,0.8249,0,OK
UNESCO_004,dados_intermediarios/processed/UNESCO/UNESCO_004.md,128,1437,0.8135,0,OK
UNESCO_004,dados_intermediarios/processed/UNESCO/UNESCO_004.md,129,4331,0.8208,0,OK
UNESCO_004,dados_intermediarios/processed/UNESCO/UNESCO_004.md,130,2559,0.803,0,OK
UNESCO_004,dados_intermediarios/processed/UNESCO/UNESCO_004.md,131,2910,0.8265,0,OK
UNESCO_004,dados_intermediarios/processed/UNESCO/UNESCO_004.md,132,1694,0.8105,0,OK
UNESCO_004,dados_intermediarios/processed/UNESCO/UNESCO_004.md,133,1799,0.8255,0,OK
UNESCO_004,dados_intermediarios/processed/UNESCO/UNESCO_004.md,134,2620,0.816,0,OK
UNESCO_004,dados_intermediarios/processed/UNESCO/UNESCO_004.md,135,2101,0.8196,0,OK
UNESCO_004,dados_intermediarios/processed/UNESCO/UNESCO_004.md,136,404,0.802,0,OK
UNESCO_004,dados_intermediarios/processed/UNESCO/UNESCO_004.md,137,3629,0.8126,0,OK
UNESCO_004,dados_intermediarios/processed/UNESCO/UNESCO_004.md,138,2623,0.8159,0,OK
UNESCO_004,dados_intermediarios/processed/UNESCO/UNESCO_004.md,139,3047,0.8106,0,OK
UNESCO_004,dados_intermediarios/processed/UNESCO/UNESCO_004.md,140,1595,0.8176,0,OK
UNESCO_004,dados_intermediarios/processed/UNESCO/UNESCO_004.md,141,1372,0.82,0,OK
UNESCO_004,dados_intermediarios/processed/UNESCO/UNESCO_004.md,142,1476,0.8611,0,OK
UNESCO_004,dados_intermediarios/processed/UNESCO/UNESCO_004.md,143,1336,0.8615,0,OK
UNESCO_004,dados_intermediarios/processed/UNESCO/UNESCO_004.md,144,1230,0.8585,0,OK
UNESCO_004,dados_intermediarios/processed/UNESCO/UNESCO_004.md,145,1399,0.8613,0,OK
UNESCO_004,dados_intermediarios/processed/UNESCO/UNESCO_004.md,146,294,0.8571,0,OK
UNESCO_004,dados_intermediarios/processed/UNESCO/UNESCO_004.md,147,3460,0.7382,0,OK
UNESCO_004,dados_intermediarios/processed/UNESCO/UNESCO_004.md,148,3787,0.7349,0,OK
UNESCO_004,dados_intermediarios/processed/UNESCO/UNESCO_004.md,149,3681,0.7452,0,OK
UNESCO_004,dados_intermediarios/processed/UNESCO/UNESCO_004.md,150,3918,0.7675,0,OK
UNESCO_004,dados_intermediarios/processed/UNESCO/UNESCO_004.md,151,3592,0.7681,0,OK
UNESCO_004,dados_intermediarios/processed/UNESCO/UNESCO_004.md,152,3887,0.7718,0,OK
UNESCO_004,dados_intermediarios/processed/UNESCO/UNESCO_004.md,153,3463,0.7479,0,OK
UNESCO_004,dados_intermediarios/processed/UNESCO/UNESCO_004.md,154,3618,0.7344,0,OK
UNESCO_004,dados_intermediarios/processed/UNESCO/UNESCO_004.md,155,3372,0.7485,0,OK
UNESCO_004,dados_intermediarios/processed/UNESCO/UNESCO_004.md,156,3167,0.7534,0,OK
UNESCO_004,dados_intermediarios/processed/UNESCO/UNESCO_004.md,157,3579,0.7614,0,OK
UNESCO_004,dados_intermediarios/processed/UNESCO/UNESCO_004.md,158,3631,0.7772,0,OK
UNESCO_004,dados_intermediarios/processed/UNESCO/UNESCO_004.md,159,3264,0.735,0,OK
UNESCO_004,dados_intermediarios/processed/UNESCO/UNESCO_004.md,160,84,0.869,0,OK
UNESCO_004,dados_intermediarios/processed/UNESCO/UNESCO_004.md,161,35,0.8286,0,LOW_TEXT
UNESCO_005,dados_intermediarios/processed/UNESCO/UNESCO_005.md,1,241,0.8672,0,OK
UNESCO_005,dados_intermediarios/processed/UNESCO/UNESCO_005.md,2,4353,0.8059,0,OK
UNESCO_005,dados_intermediarios/processed/UNESCO/UNESCO_005.md,3,91,0.8791,0,OK
UNESCO_005,dados_intermediarios/processed/UNESCO/UNESCO_005.md,4,5165,0.8091,0,OK
UNESCO_005,dados_intermediarios/processed/UNESCO/UNESCO_005.md,5,839,0.8057,0,OK
UNESCO_005,dados_intermediarios/processed/UNESCO/UNESCO_005.md,6,574,0.8031,0,OK
UNESCO_005,dados_intermediarios/processed/UNESCO/UNESCO_005.md,7,2081,0.8111,0,OK
UNESCO_005,dados_intermediarios/processed/UNESCO/UNESCO_005.md,8,3445,0.8186,0,OK
UNESCO_005,dados_intermediarios/processed/UNESCO/UNESCO_005.md,9,846,0.7293,0,OK
UNESCO_005,dados_intermediarios/processed/UNESCO/UNESCO_005.md,10,20,0.85,0,LOW_TEXT
UNESCO_005,dados_intermediarios/processed/UNESCO/UNESCO_005.md,11,4226,0.8121,0,OK
UNESCO_005,dados_intermediarios/processed/UNESCO/UNESCO_005.md,12,2646,0.8088,0,OK
UNESCO_005,dados_intermediarios/processed/UNESCO/UNESCO_005.md,13,45,0.7778,0,OK
UNESCO_005,dados_intermediarios/processed/UNESCO/UNESCO_005.md,14,2898,0.8012,0,OK
UNESCO_005,dados_intermediarios/processed/UNESCO/UNESCO_005.md,15,2744,0.8079,0,OK
UNESCO_005,dados_intermediarios/processed/UNESCO/UNESCO_005.md,16,5313,0.7986,0,OK
UNESCO_005,dados_intermediarios/processed/UNESCO/UNESCO_005.md,17,4210,0.8171,0,OK
UNESCO_005,dados_intermediarios/processed/UNESCO/UNESCO_005.md,18,3913,0.8155,0,OK
UNESCO_005,dados_intermediarios/processed/UNESCO/UNESCO_005.md,19,2595,0.815,0,OK
UNESCO_005,dados_intermediarios/processed/UNESCO/UNESCO_005.md,20,41,0.8049,0,OK
UNESCO_005,dados_intermediarios/processed/UNESCO/UNESCO_005.md,21,1340,0.7858,0,OK
UNESCO_005,dados_intermediarios/processed/UNESCO/UNESCO_005.md,22,1215,0.8016,0,OK
UNESCO_005,dados_intermediarios/processed/UNESCO/UNESCO_005.md,23,24,0.8333,0,LOW_TEXT
UNESCO_005,dados_intermediarios/processed/UNESCO/UNESCO_005.md,24,500,0.828,0,OK
UNESCO_005,dados_intermediarios/processed/UNESCO/UNESCO_005.md,25,1882,0.805,0,OK
UNESCO_005,dados_intermediarios/processed/UNESCO/UNESCO_005.md,26,2166,0.8089,0,OK
UNESCO_005,dados_intermediarios/processed/UNESCO/UNESCO_005.md,27,2150,0.8065,0,OK
UNESCO_005,dados_intermediarios/processed/UNESCO/UNESCO_005.md,28,2888,0.8064,0,OK
UNESCO_005,dados_intermediarios/processed/UNESCO/UNESCO_005.md,29,2412,0.8064,0,OK
UNESCO_005,dados_intermediarios/processed/UNESCO/UNESCO_005.md,30,482,0.834,0,OK
UNESCO_005,dados_intermediarios/processed/UNESCO/UNESCO_005.md,31,1774,0.8089,0,OK
UNESCO_005,dados_intermediarios/processed/UNESCO/UNESCO_005.md,32,2421,0.8042,0,OK
UNESCO_005,dados_intermediarios/processed/UNESCO/UNESCO_005.md,33,2424,0.8086,0,OK
UNESCO_005,dados_intermediarios/processed/UNESCO/UNESCO_005.md,34,2596,0.8032,0,OK
UNESCO_005,dados_intermediarios/processed/UNESCO/UNESCO_005.md,35,2561,0.8098,0,OK
UNESCO_005,dados_intermediarios/processed/UNESCO/UNESCO_005.md,36,3020,0.8139,0,OK
UNESCO_005,dados_intermediarios/processed/UNESCO/UNESCO_005.md,37,2118,0.8012,0,OK
UNESCO_005,dados_intermediarios/processed/UNESCO/UNESCO_005.md,38,2621,0.8081,0,OK
UNESCO_005,dados_intermediarios/processed/UNESCO/UNESCO_005.md,39,2080,0.8058,0,OK
UNESCO_005,dados_intermediarios/processed/UNESCO/UNESCO_005.md,40,2500,0.8072,0,OK
UNESCO_005,dados_intermediarios/processed/UNESCO/UNESCO_005.md,41,2783,0.8024,0,OK
UNESCO_005,dados_intermediarios/processed/UNESCO/UNESCO_005.md,42,2536,0.8178,0,OK
UNESCO_005,dados_intermediarios/processed/UNESCO/UNESCO_005.md,43,2465,0.8049,0,OK
UNESCO_005,dados_intermediarios/processed/UNESCO/UNESCO_005.md,44,2441,0.8054,0,OK
UNESCO_005,dados_intermediarios/processed/UNESCO/UNESCO_005.md,45,2066,0.8025,0,OK
UNESCO_005,dados_intermediarios/processed/UNESCO/UNESCO_005.md,46,2825,0.8074,0,OK
UNESCO_005,dados_intermediarios/processed/UNESCO/UNESCO_005.md,47,2013,0.7943,0,OK
UNESCO_005,dados_intermediarios/processed/UNESCO/UNESCO_005.md,48,3021,0.806,0,OK
UNESCO_005,dados_intermediarios/processed/UNESCO/UNESCO_005.md,49,1969,0.8116,0,OK
UNESCO_005,dados_intermediarios/processed/UNESCO/UNESCO_005.md,50,1997,0.8137,0,OK
UNESCO_005,dados_intermediarios/processed/UNESCO/UNESCO_005.md,51,2220,0.8063,0,OK
UNESCO_005,dados_intermediarios/processed/UNESCO/UNESCO_005.md,52,2035,0.8044,0,OK
UNESCO_005,dados_intermediarios/processed/UNESCO/UNESCO_005.md,53,2549,0.8093,0,OK
UNESCO_005,dados_intermediarios/processed/UNESCO/UNESCO_005.md,54,2093,0.8055,0,OK
UNESCO_005,dados_intermediarios/processed/UNESCO/UNESCO_005.md,55,973,0.8191,0,OK
UNESCO_005,dados_intermediarios/processed/UNESCO/UNESCO_005.md,56,2571,0.8024,0,OK
UNESCO_005,dados_intermediarios/processed/UNESCO/UNESCO_005.md,57,2682,0.8013,0,OK
UNESCO_005,dados_intermediarios/processed/UNESCO/UNESCO_005.md,58,2782,0.8063,0,OK
UNESCO_005,dados_intermediarios/processed/UNESCO/UNESCO_005.md,59,2757,0.8052,0,OK
UNESCO_005,dados_intermediarios/processed/UNESCO/UNESCO_005.md,60,2184,0.8155,0,OK
UNESCO_005,dados_intermediarios/processed/UNESCO/UNESCO_005.md,61,2444,0.8163,0,OK
UNESCO_005,dados_intermediarios/processed/UNESCO/UNESCO_005.md,62,135,0.837,0,OK
UNESCO_005,dados_intermediarios/processed/UNESCO/UNESCO_005.md,63,782,0.8235,0,OK
UNESCO_005,dados_intermediarios/processed/UNESCO/UNESCO_005.md,64,2185,0.805,0,OK
UNESCO_005,dados_intermediarios/processed/UNESCO/UNESCO_005.md,65,2998,0.8109,0,OK
UNESCO_005,dados_intermediarios/processed/UNESCO/UNESCO_005.md,66,2563,0.8143,0,OK
UNESCO_005,dados_intermediarios/processed/UNESCO/UNESCO_005.md,67,147,0.8639,0,OK
UNESCO_005,dados_intermediarios/processed/UNESCO/UNESCO_005.md,68,397,0.8161,0,OK
UNESCO_005,dados_intermediarios/processed/UNESCO/UNESCO_005.md,69,2721,0.8107,0,OK
UNESCO_005,dados_intermediarios/processed/UNESCO/UNESCO_005.md,70,2924,0.8109,0,OK
UNESCO_005,dados_intermediarios/processed/UNESCO/UNESCO_005.md,71,2601,0.8128,0,OK
UNESCO_005,dados_intermediarios/processed/UNESCO/UNESCO_005.md,72,2289,0.817,0,OK
UNESCO_005,dados_intermediarios/processed/UNESCO/UNESCO_005.md,73,128,0.8516,0,OK
UNESCO_005,dados_intermediarios/processed/UNESCO/UNESCO_005.md,74,4108,0.8245,0,OK
UNESCO_005,dados_intermediarios/processed/UNESCO/UNESCO_005.md,75,2703,0.815,0,OK
UNESCO_005,dados_intermediarios/processed/UNESCO/UNESCO_005.md,76,4426,0.7695,0,OK
UNESCO_005,dados_intermediarios/processed/UNESCO/UNESCO_005.md,77,4739,0.777,0,OK
UNESCO_005,dados_intermediarios/processed/UNESCO/UNESCO_005.md,78,1356,0.7765,0,OK
UNESCO_005,dados_intermediarios/processed/UNESCO/UNESCO_005.md,79,2155,0.794,0,OK
UNESCO_005,dados_intermediarios/processed/UNESCO/UNESCO_005.md,80,2160,0.8111,0,OK
UNESCO_005,dados_intermediarios/processed/UNESCO/UNESCO_005.md,81,1781,0.8097,0,OK
UNESCO_005,dados_intermediarios/processed/UNESCO/UNESCO_005.md,82,1211,0.8563,0,OK
UNESCO_005,dados_intermediarios/processed/UNESCO/UNESCO_005.md,83,201,0.8557,0,OK
UNESCO_005,dados_intermediarios/processed/UNESCO/UNESCO_005.md,84,1263,0.8306,0,OK
UNESCO_006,dados_intermediarios/processed/UNESCO/UNESCO_006.md,1,155,0.7613,0,OK
UNESCO_006,dados_intermediarios/processed/UNESCO/UNESCO_006.md,2,1036,0.8127,0,OK
UNESCO_006,dados_intermediarios/processed/UNESCO/UNESCO_006.md,3,2144,0.8055,0,OK
UNESCO_006,dados_intermediarios/processed/UNESCO/UNESCO_006.md,4,3552,0.8049,0,OK
UNESCO_006,dados_intermediarios/processed/UNESCO/UNESCO_006.md,5,155,0.7613,0,OK
UNESCO_006,dados_intermediarios/processed/UNESCO/UNESCO_006.md,6,425,0.8118,0,OK
UNESCO_006,dados_intermediarios/processed/UNESCO/UNESCO_006.md,7,2388,0.8032,0,OK
UNESCO_006,dados_intermediarios/processed/UNESCO/UNESCO_006.md,8,907,0.8026,0,OK
UNESCO_006,dados_intermediarios/processed/UNESCO/UNESCO_006.md,9,2490,0.8253,0,OK
UNESCO_006,dados_intermediarios/processed/UNESCO/UNESCO_006.md,10,2051,0.8235,0,OK
UNESCO_006,dados_intermediarios/processed/UNESCO/UNESCO_006.md,11,1976,0.8203,0,OK
UNESCO_006,dados_intermediarios/processed/UNESCO/UNESCO_006.md,12,1862,0.8179,0,OK
UNESCO_006,dados_intermediarios/processed/UNESCO/UNESCO_006.md,13,3071,0.815,0,OK
UNESCO_006,dados_intermediarios/processed/UNESCO/UNESCO_006.md,14,3588,0.8213,0,OK
UNESCO_006,dados_intermediarios/processed/UNESCO/UNESCO_006.md,15,3280,0.8155,0,OK
UNESCO_006,dados_intermediarios/processed/UNESCO/UNESCO_006.md,16,3550,0.8256,0,OK
UNESCO_006,dados_intermediarios/processed/UNESCO/UNESCO_006.md,17,3949,0.8184,0,OK
UNESCO_006,dados_intermediarios/processed/UNESCO/UNESCO_006.md,18,776,0.808,0,OK
UNESCO_006,dados_intermediarios/processed/UNESCO/UNESCO_006.md,19,1366,0.8141,0,OK
UNESCO_006,dados_intermediarios/processed/UNESCO/UNESCO_006.md,20,1350,0.8089,0,OK
UNESCO_006,dados_intermediarios/processed/UNESCO/UNESCO_006.md,21,3267,0.8194,0,OK
UNESCO_006,dados_intermediarios/processed/UNESCO/UNESCO_006.md,22,3447,0.819,0,OK
UNESCO_006,dados_intermediarios/processed/UNESCO/UNESCO_006.md,23,4008,0.8276,0,OK
UNESCO_006,dados_intermediarios/processed/UNESCO/UNESCO_006.md,24,3361,0.8158,0,OK
UNESCO_006,dados_intermediarios/processed/UNESCO/UNESCO_006.md,25,3363,0.8284,0,OK
UNESCO_006,dados_intermediarios/processed/UNESCO/UNESCO_006.md,26,3467,0.8197,0,OK
UNESCO_006,dados_intermediarios/processed/UNESCO/UNESCO_006.md,27,3696,0.8268,0,OK
UNESCO_006,dados_intermediarios/processed/UNESCO/UNESCO_006.md,28,3479,0.8166,0,OK
UNESCO_006,dados_intermediarios/processed/UNESCO/UNESCO_006.md,29,3934,0.8188,0,OK
UNESCO_006,dados_intermediarios/processed/UNESCO/UNESCO_006.md,30,1775,0.818,0,OK
UNESCO_006,dados_intermediarios/processed/UNESCO/UNESCO_006.md,31,811,0.8015,0,OK
UNESCO_006,dados_intermediarios/processed/UNESCO/UNESCO_006.md,32,3387,0.8105,0,OK
UNESCO_006,dados_intermediarios/processed/UNESCO/UNESCO_006.md,33,4134,0.8053,0,OK
UNESCO_006,dados_intermediarios/processed/UNESCO/UNESCO_006.md,34,4311,0.817,0,OK
UNESCO_006,dados_intermediarios/processed/UNESCO/UNESCO_006.md,35,4225,0.8218,0,OK
UNESCO_006,dados_intermediarios/processed/UNESCO/UNESCO_006.md,36,3643,0.8122,0,OK
UNESCO_006,dados_intermediarios/processed/UNESCO/UNESCO_006.md,37,3778,0.816,0,OK
UNESCO_006,dados_intermediarios/processed/UNESCO/UNESCO_006.md,38,3999,0.825,0,OK
UNESCO_006,dados_intermediarios/processed/UNESCO/UNESCO_006.md,39,3010,0.8219,0,OK
UNESCO_006,dados_intermediarios/processed/UNESCO/UNESCO_006.md,40,544,0.796,0,OK
UNESCO_006,dados_intermediarios/processed/UNESCO/UNESCO_006.md,41,3825,0.8076,0,OK
UNESCO_006,dados_intermediarios/processed/UNESCO/UNESCO_006.md,42,3534,0.8036,0,OK
UNESCO_006,dados_intermediarios/processed/UNESCO/UNESCO_006.md,43,3856,0.8257,0,OK
UNESCO_006,dados_intermediarios/processed/UNESCO/UNESCO_006.md,44,3716,0.8219,0,OK
UNESCO_006,dados_intermediarios/processed/UNESCO/UNESCO_006.md,45,3569,0.826,0,OK
UNESCO_006,dados_intermediarios/processed/UNESCO/UNESCO_006.md,46,4092,0.8299,0,OK
UNESCO_006,dados_intermediarios/processed/UNESCO/UNESCO_006.md,47,4072,0.8244,0,OK
UNESCO_006,dados_intermediarios/processed/UNESCO/UNESCO_006.md,48,3342,0.83,0,OK
UNESCO_006,dados_intermediarios/processed/UNESCO/UNESCO_006.md,49,4061,0.8148,0,OK
UNESCO_006,dados_intermediarios/processed/UNESCO/UNESCO_006.md,50,3336,0.8255,0,OK
UNESCO_006,dados_intermediarios/processed/UNESCO/UNESCO_006.md,51,3470,0.8207,0,OK
UNESCO_006,dados_intermediarios/processed/UNESCO/UNESCO_006.md,52,3910,0.8136,0,OK
UNESCO_006,dados_intermediarios/processed/UNESCO/UNESCO_006.md,53,3935,0.8249,0,OK
UNESCO_006,dados_intermediarios/processed/UNESCO/UNESCO_006.md,54,3482,0.8217,0,OK
UNESCO_006,dados_intermediarios/processed/UNESCO/UNESCO_006.md,55,4170,0.8221,0,OK
UNESCO_006,dados_intermediarios/processed/UNESCO/UNESCO_006.md,56,3524,0.8272,0,OK
UNESCO_006,dados_intermediarios/processed/UNESCO/UNESCO_006.md,57,2107,0.8182,0,OK
UNESCO_006,dados_intermediarios/processed/UNESCO/UNESCO_006.md,58,2937,0.8257,0,OK
UNESCO_006,dados_intermediarios/processed/UNESCO/UNESCO_006.md,59,426,0.8263,0,OK
UNESCO_006,dados_intermediarios/processed/UNESCO/UNESCO_006.md,60,4033,0.8272,0,OK
UNESCO_006,dados_intermediarios/processed/UNESCO/UNESCO_006.md,61,3517,0.828,0,OK
UNESCO_006,dados_intermediarios/processed/UNESCO/UNESCO_006.md,62,3905,0.8197,0,OK
UNESCO_006,dados_intermediarios/processed/UNESCO/UNESCO_006.md,63,3979,0.8243,0,OK
UNESCO_006,dados_intermediarios/processed/UNESCO/UNESCO_006.md,64,3886,0.8224,0,OK
UNESCO_006,dados_intermediarios/processed/UNESCO/UNESCO_006.md,65,3823,0.8284,0,OK
UNESCO_006,dados_intermediarios/processed/UNESCO/UNESCO_006.md,66,3439,0.8258,0,OK
UNESCO_006,dados_intermediarios/processed/UNESCO/UNESCO_006.md,67,4181,0.8247,0,OK
UNESCO_006,dados_intermediarios/processed/UNESCO/UNESCO_006.md,68,3454,0.8248,0,OK
UNESCO_006,dados_intermediarios/processed/UNESCO/UNESCO_006.md,69,3652,0.8226,0,OK
UNESCO_006,dados_intermediarios/processed/UNESCO/UNESCO_006.md,70,3818,0.8193,0,OK
UNESCO_006,dados_intermediarios/processed/UNESCO/UNESCO_006.md,71,1525,0.8243,0,OK
UNESCO_006,dados_intermediarios/processed/UNESCO/UNESCO_006.md,72,689,0.8012,0,OK
UNESCO_006,dados_intermediarios/processed/UNESCO/UNESCO_006.md,73,3918,0.827,0,OK
UNESCO_006,dados_intermediarios/processed/UNESCO/UNESCO_006.md,74,3430,0.8344,0,OK
UNESCO_006,dados_intermediarios/processed/UNESCO/UNESCO_006.md,75,3685,0.8277,0,OK
UNESCO_006,dados_intermediarios/processed/UNESCO/UNESCO_006.md,76,3653,0.8234,0,OK
UNESCO_006,dados_intermediarios/processed/UNESCO/UNESCO_006.md,77,4010,0.8264,0,OK
UNESCO_006,dados_intermediarios/processed/UNESCO/UNESCO_006.md,78,4040,0.821,0,OK
UNESCO_006,dados_intermediarios/processed/UNESCO/UNESCO_006.md,79,3669,0.8291,0,OK
UNESCO_006,dados_intermediarios/processed/UNESCO/UNESCO_006.md,80,3830,0.8201,0,OK
UNESCO_006,dados_intermediarios/processed/UNESCO/UNESCO_006.md,81,3618,0.8275,0,OK
UNESCO_006,dados_intermediarios/processed/UNESCO/UNESCO_006.md,82,3703,0.8212,0,OK
UNESCO_006,dados_intermediarios/processed/UNESCO/UNESCO_006.md,83,3543,0.8247,0,OK
UNESCO_006,dados_intermediarios/processed/UNESCO/UNESCO_006.md,84,3354,0.8345,0,OK
UNESCO_006,dados_intermediarios/processed/UNESCO/UNESCO_006.md,85,3308,0.8247,0,OK
UNESCO_006,dados_intermediarios/processed/UNESCO/UNESCO_006.md,86,1570,0.8229,0,OK
UNESCO_006,dados_intermediarios/processed/UNESCO/UNESCO_006.md,87,259,0.7992,0,OK
UNESCO_006,dados_intermediarios/processed/UNESCO/UNESCO_006.md,88,3297,0.8265,0,OK
UNESCO_006,dados_intermediarios/processed/UNESCO/UNESCO_006.md,89,3573,0.8262,0,OK
UNESCO_006,dados_intermediarios/processed/UNESCO/UNESCO_006.md,90,3955,0.8225,0,OK
UNESCO_006,dados_intermediarios/processed/UNESCO/UNESCO_006.md,91,3569,0.8316,0,OK
UNESCO_006,dados_intermediarios/processed/UNESCO/UNESCO_006.md,92,3244,0.8274,0,OK
UNESCO_006,dados_intermediarios/processed/UNESCO/UNESCO_006.md,93,3753,0.8279,0,OK
UNESCO_006,dados_intermediarios/processed/UNESCO/UNESCO_006.md,94,3466,0.8301,0,OK
UNESCO_006,dados_intermediarios/processed/UNESCO/UNESCO_006.md,95,3364,0.8368,0,OK
UNESCO_006,dados_intermediarios/processed/UNESCO/UNESCO_006.md,96,3532,0.8321,0,OK
UNESCO_006,dados_intermediarios/processed/UNESCO/UNESCO_006.md,97,3574,0.8349,0,OK
UNESCO_006,dados_intermediarios/processed/UNESCO/UNESCO_006.md,98,3218,0.8241,0,OK
UNESCO_006,dados_intermediarios/processed/UNESCO/UNESCO_006.md,99,1068,0.8324,0,OK
UNESCO_006,dados_intermediarios/processed/UNESCO/UNESCO_006.md,100,723,0.7898,0,OK
UNESCO_006,dados_intermediarios/processed/UNESCO/UNESCO_006.md,101,3419,0.8236,0,OK
UNESCO_006,dados_intermediarios/processed/UNESCO/UNESCO_006.md,102,3644,0.8214,0,OK
UNESCO_006,dados_intermediarios/processed/UNESCO/UNESCO_006.md,103,3675,0.8305,0,OK
UNESCO_006,dados_intermediarios/processed/UNESCO/UNESCO_006.md,104,3616,0.8222,0,OK
UNESCO_006,dados_intermediarios/processed/UNESCO/UNESCO_006.md,105,3709,0.8199,0,OK
UNESCO_006,dados_intermediarios/processed/UNESCO/UNESCO_006.md,106,3573,0.8312,0,OK
UNESCO_006,dados_intermediarios/processed/UNESCO/UNESCO_006.md,107,4030,0.8253,0,OK
UNESCO_006,dados_intermediarios/processed/UNESCO/UNESCO_006.md,108,3971,0.8255,0,OK
UNESCO_006,dados_intermediarios/processed/UNESCO/UNESCO_006.md,109,3161,0.832,0,OK
UNESCO_006,dados_intermediarios/processed/UNESCO/UNESCO_006.md,110,2350,0.8187,0,OK
UNESCO_006,dados_intermediarios/processed/UNESCO/UNESCO_006.md,111,524,0.7691,0,OK
UNESCO_006,dados_intermediarios/processed/UNESCO/UNESCO_006.md,112,4050,0.8193,0,OK
UNESCO_006,dados_intermediarios/processed/UNESCO/UNESCO_006.md,113,3583,0.815,0,OK
UNESCO_006,dados_intermediarios/processed/UNESCO/UNESCO_006.md,114,3452,0.8271,0,OK
UNESCO_006,dados_intermediarios/processed/UNESCO/UNESCO_006.md,115,3756,0.8206,0,OK
UNESCO_006,dados_intermediarios/processed/UNESCO/UNESCO_006.md,116,3823,0.8279,0,OK
UNESCO_006,dados_intermediarios/processed/UNESCO/UNESCO_006.md,117,3918,0.8249,0,OK
UNESCO_006,dados_intermediarios/processed/UNESCO/UNESCO_006.md,118,3772,0.824,0,OK
UNESCO_006,dados_intermediarios/processed/UNESCO/UNESCO_006.md,119,3435,0.8201,0,OK
UNESCO_006,dados_intermediarios/processed/UNESCO/UNESCO_006.md,120,3648,0.8125,0,OK
UNESCO_006,dados_intermediarios/processed/UNESCO/UNESCO_006.md,121,3902,0.8188,0,OK
UNESCO_006,dados_intermediarios/processed/UNESCO/UNESCO_006.md,122,3503,0.8133,0,OK
UNESCO_006,dados_intermediarios/processed/UNESCO/UNESCO_006.md,123,3113,0.8172,0,OK
UNESCO_006,dados_intermediarios/processed/UNESCO/UNESCO_006.md,124,1640,0.825,0,OK
UNESCO_006,dados_intermediarios/processed/UNESCO/UNESCO_006.md,125,462,0.7922,0,OK
UNESCO_006,dados_intermediarios/processed/UNESCO/UNESCO_006.md,126,3462,0.8206,0,OK
UNESCO_006,dados_intermediarios/processed/UNESCO/UNESCO_006.md,127,3586,0.8257,0,OK
UNESCO_006,dados_intermediarios/processed/UNESCO/UNESCO_006.md,128,3337,0.828,0,OK
UNESCO_006,dados_intermediarios/processed/UNESCO/UNESCO_006.md,129,3259,0.8297,0,OK
UNESCO_006,dados_intermediarios/processed/UNESCO/UNESCO_006.md,130,3411,0.8226,0,OK
UNESCO_006,dados_intermediarios/processed/UNESCO/UNESCO_006.md,131,3815,0.8296,0,OK
UNESCO_006,dados_intermediarios/processed/UNESCO/UNESCO_006.md,132,3829,0.8216,0,OK
UNESCO_006,dados_intermediarios/processed/UNESCO/UNESCO_006.md,133,3412,0.8294,0,OK
UNESCO_006,dados_intermediarios/processed/UNESCO/UNESCO_006.md,134,3672,0.8197,0,OK
UNESCO_006,dados_intermediarios/processed/UNESCO/UNESCO_006.md,135,3585,0.8315,0,OK
UNESCO_006,dados_intermediarios/processed/UNESCO/UNESCO_006.md,136,1809,0.8198,0,OK
UNESCO_006,dados_intermediarios/processed/UNESCO/UNESCO_006.md,137,923,0.7996,0,OK
UNESCO_006,dados_intermediarios/processed/UNESCO/UNESCO_006.md,138,3519,0.8241,0,OK
UNESCO_006,dados_intermediarios/processed/UNESCO/UNESCO_006.md,139,3776,0.83,0,OK
UNESCO_006,dados_intermediarios/processed/UNESCO/UNESCO_006.md,140,3277,0.8251,0,OK
UNESCO_006,dados_intermediarios/processed/UNESCO/UNESCO_006.md,141,3678,0.8314,0,OK
UNESCO_006,dados_intermediarios/processed/UNESCO/UNESCO_006.md,142,3424,0.8303,0,OK
UNESCO_006,dados_intermediarios/processed/UNESCO/UNESCO_006.md,143,3787,0.8273,0,OK
UNESCO_006,dados_intermediarios/processed/UNESCO/UNESCO_006.md,144,3123,0.8226,0,OK
UNESCO_006,dados_intermediarios/processed/UNESCO/UNESCO_006.md,145,3451,0.8311,0,OK
UNESCO_006,dados_intermediarios/processed/UNESCO/UNESCO_006.md,146,69,0.8116,0,OK
UNESCO_006,dados_intermediarios/processed/UNESCO/UNESCO_006.md,147,3917,0.8205,0,OK
UNESCO_006,dados_intermediarios/processed/UNESCO/UNESCO_006.md,148,3210,0.8296,0,OK
UNESCO_006,dados_intermediarios/processed/UNESCO/UNESCO_006.md,149,2504,0.8259,0,OK
UNESCO_006,dados_intermediarios/processed/UNESCO/UNESCO_006.md,150,3608,0.8276,0,OK
UNESCO_006,dados_intermediarios/processed/UNESCO/UNESCO_006.md,151,3800,0.8261,0,OK
UNESCO_006,dados_intermediarios/processed/UNESCO/UNESCO_006.md,152,3555,0.8276,0,OK
UNESCO_006,dados_intermediarios/processed/UNESCO/UNESCO_006.md,153,3567,0.8251,0,OK
UNESCO_006,dados_intermediarios/processed/UNESCO/UNESCO_006.md,154,3135,0.8207,0,OK
UNESCO_006,dados_intermediarios/processed/UNESCO/UNESCO_006.md,155,3587,0.8299,0,OK
UNESCO_006,dados_intermediarios/processed/UNESCO/UNESCO_006.md,156,3544,0.827,0,OK
UNESCO_006,dados_intermediarios/processed/UNESCO/UNESCO_006.md,157,3563,0.8237,0,OK
UNESCO_006,dados_intermediarios/processed/UNESCO/UNESCO_006.md,158,3867,0.8218,0,OK
UNESCO_006,dados_intermediarios/processed/UNESCO/UNESCO_006.md,159,3727,0.8208,0,OK
UNESCO_006,dados_intermediarios/processed/UNESCO/UNESCO_006.md,160,725,0.8124,0,OK
UNESCO_006,dados_intermediarios/processed/UNESCO/UNESCO_006.md,161,10,0.9,0,LOW_TEXT
UNESCO_006,dados_intermediarios/processed/UNESCO/UNESCO_006.md,162,3415,0.8076,0,OK
UNESCO_006,dados_intermediarios/processed/UNESCO/UNESCO_006.md,163,4113,0.7989,0,OK
UNESCO_006,dados_intermediarios/processed/UNESCO/UNESCO_006.md,164,3517,0.7868,0,OK
UNESCO_006,dados_intermediarios/processed/UNESCO/UNESCO_006.md,165,3870,0.785,0,OK
UNESCO_006,dados_intermediarios/processed/UNESCO/UNESCO_006.md,166,2531,0.8013,0,OK
UNESCO_006,dados_intermediarios/processed/UNESCO/UNESCO_006.md,167,1344,0.8132,0,OK
UNESCO_006,dados_intermediarios/processed/UNESCO/UNESCO_006.md,168,2649,0.8233,0,OK
UNESCO_006,dados_intermediarios/processed/UNESCO/UNESCO_006.md,169,2608,0.8152,0,OK
UNESCO_006,dados_intermediarios/processed/UNESCO/UNESCO_006.md,170,2602,0.8205,0,OK
UNESCO_006,dados_intermediarios/processed/UNESCO/UNESCO_006.md,171,2618,0.8231,0,OK
UNESCO_006,dados_intermediarios/processed/UNESCO/UNESCO_006.md,172,2678,0.8148,0,OK
UNESCO_006,dados_intermediarios/processed/UNESCO/UNESCO_006.md,173,1312,0.8178,0,OK
UNESCO_006,dados_intermediarios/processed/UNESCO/UNESCO_006.md,174,1364,0.8372,0,OK
UNESCO_006,dados_intermediarios/processed/UNESCO/UNESCO_006.md,175,2146,0.8378,0,OK
UNESCO_006,dados_intermediarios/processed/UNESCO/UNESCO_006.md,176,2611,0.83,0,OK
UNESCO_006,dados_intermediarios/processed/UNESCO/UNESCO_006.md,177,2360,0.8364,0,OK
UNESCO_006,dados_intermediarios/processed/UNESCO/UNESCO_006.md,178,2572,0.8328,0,OK
UNESCO_006,dados_intermediarios/processed/UNESCO/UNESCO_006.md,179,2440,0.8381,0,OK
UNESCO_006,dados_intermediarios/processed/UNESCO/UNESCO_006.md,180,1439,0.8304,0,OK
UNESCO_006,dados_intermediarios/processed/UNESCO/UNESCO_006.md,181,2271,0.8225,0,OK
UNESCO_006,dados_intermediarios/processed/UNESCO/UNESCO_006.md,182,2149,0.8222,0,OK
UNESCO_006,dados_intermediarios/processed/UNESCO/UNESCO_006.md,183,1649,0.8369,0,OK
UNESCO_006,dados_intermediarios/processed/UNESCO/UNESCO_006.md,184,1571,0.8428,0,OK
UNESCO_006,dados_intermediarios/processed/UNESCO/UNESCO_006.md,185,1852,0.8542,0,OK
UNESCO_006,dados_intermediarios/processed/UNESCO/UNESCO_006.md,186,2036,0.8379,0,OK
UNESCO_006,dados_intermediarios/processed/UNESCO/UNESCO_006.md,187,1753,0.8431,0,OK
UNESCO_006,dados_intermediarios/processed/UNESCO/UNESCO_006.md,188,507,0.8245,0,OK
UNESCO_006,dados_intermediarios/processed/UNESCO/UNESCO_006.md,189,2044,0.82,0,OK
AF-ZA-01,dados_intermediarios/processed/africa-do-sul/AF-ZA-01.md,1,86,0.8372,0,OK
AF-ZA-01,dados_intermediarios/processed/africa-do-sul/AF-ZA-01.md,2,5871,0.1543,0,REVIEW_TEXT_QUALITY
AF-ZA-01,dados_intermediarios/processed/africa-do-sul/AF-ZA-01.md,3,1174,0.155,0,REVIEW_TEXT_QUALITY
AF-ZA-01,dados_intermediarios/processed/africa-do-sul/AF-ZA-01.md,4,2147,0.7927,0,OK
AF-ZA-01,dados_intermediarios/processed/africa-do-sul/AF-ZA-01.md,5,2685,0.8015,0,OK
AF-ZA-01,dados_intermediarios/processed/africa-do-sul/AF-ZA-01.md,6,2984,0.8113,0,OK
AF-ZA-01,dados_intermediarios/processed/africa-do-sul/AF-ZA-01.md,7,1140,0.6982,0,OK
AF-ZA-01,dados_intermediarios/processed/africa-do-sul/AF-ZA-01.md,8,673,0.734,0,OK
AF-ZA-01,dados_intermediarios/processed/africa-do-sul/AF-ZA-01.md,9,905,0.7602,0,OK
AF-ZA-01,dados_intermediarios/processed/africa-do-sul/AF-ZA-01.md,10,877,0.8267,0,OK
AF-ZA-01,dados_intermediarios/processed/africa-do-sul/AF-ZA-01.md,11,2118,0.8017,0,OK
AF-ZA-01,dados_intermediarios/processed/africa-do-sul/AF-ZA-01.md,12,2073,0.7593,0,OK
AF-ZA-01,dados_intermediarios/processed/africa-do-sul/AF-ZA-01.md,13,1279,0.7975,0,OK
AF-ZA-01,dados_intermediarios/processed/africa-do-sul/AF-ZA-01.md,14,3270,0.77,0,OK
AF-ZA-01,dados_intermediarios/processed/africa-do-sul/AF-ZA-01.md,15,3612,0.776,0,OK
AF-ZA-01,dados_intermediarios/processed/africa-do-sul/AF-ZA-01.md,16,2501,0.7709,0,OK
AF-ZA-01,dados_intermediarios/processed/africa-do-sul/AF-ZA-01.md,17,1912,0.7714,0,OK
AF-ZA-01,dados_intermediarios/processed/africa-do-sul/AF-ZA-01.md,18,2755,0.7543,0,OK
AF-ZA-01,dados_intermediarios/processed/africa-do-sul/AF-ZA-01.md,19,1178,0.764,0,OK
AF-ZA-01,dados_intermediarios/processed/africa-do-sul/AF-ZA-01.md,20,4649,0.7926,0,OK
AF-ZA-01,dados_intermediarios/processed/africa-do-sul/AF-ZA-01.md,21,2548,0.759,0,OK
AF-ZA-01,dados_intermediarios/processed/africa-do-sul/AF-ZA-01.md,22,1444,0.8047,0,OK
AF-ZA-01,dados_intermediarios/processed/africa-do-sul/AF-ZA-01.md,23,3423,0.7566,0,OK
AF-ZA-01,dados_intermediarios/processed/africa-do-sul/AF-ZA-01.md,24,3559,0.7606,0,OK
AF-ZA-01,dados_intermediarios/processed/africa-do-sul/AF-ZA-01.md,25,2765,0.7537,0,OK
AF-ZA-01,dados_intermediarios/processed/africa-do-sul/AF-ZA-01.md,26,3252,0.7565,0,OK
AF-ZA-01,dados_intermediarios/processed/africa-do-sul/AF-ZA-01.md,27,2966,0.7357,0,OK
AF-ZA-01,dados_intermediarios/processed/africa-do-sul/AF-ZA-01.md,28,2419,0.7301,0,OK
AF-ZA-01,dados_intermediarios/processed/africa-do-sul/AF-ZA-01.md,29,2078,0.732,0,OK
AF-ZA-01,dados_intermediarios/processed/africa-do-sul/AF-ZA-01.md,30,3304,0.776,0,OK
AF-ZA-01,dados_intermediarios/processed/africa-do-sul/AF-ZA-01.md,31,1416,0.7712,0,OK
AF-ZA-01,dados_intermediarios/processed/africa-do-sul/AF-ZA-01.md,32,2758,0.7574,0,OK
AF-ZA-01,dados_intermediarios/processed/africa-do-sul/AF-ZA-01.md,33,2368,0.7356,0,OK
AF-ZA-01,dados_intermediarios/processed/africa-do-sul/AF-ZA-01.md,34,345,0.8,0,OK
AF-ZA-01,dados_intermediarios/processed/africa-do-sul/AF-ZA-01.md,35,2006,0.7308,0,OK
AF-ZA-01,dados_intermediarios/processed/africa-do-sul/AF-ZA-01.md,36,2062,0.6906,0,OK
AF-ZA-01,dados_intermediarios/processed/africa-do-sul/AF-ZA-01.md,37,1456,0.7479,0,OK
AF-ZA-01,dados_intermediarios/processed/africa-do-sul/AF-ZA-01.md,38,2372,0.7454,0,OK
AF-ZA-01,dados_intermediarios/processed/africa-do-sul/AF-ZA-01.md,39,1898,0.697,0,OK
AF-ZA-01,dados_intermediarios/processed/africa-do-sul/AF-ZA-01.md,40,648,0.7762,0,OK
AF-ZA-01,dados_intermediarios/processed/africa-do-sul/AF-ZA-01.md,41,2966,0.7674,0,OK
AF-ZA-01,dados_intermediarios/processed/africa-do-sul/AF-ZA-01.md,42,1710,0.7825,0,OK
AF-ZA-01,dados_intermediarios/processed/africa-do-sul/AF-ZA-01.md,43,2635,0.7628,0,OK
AF-ZA-01,dados_intermediarios/processed/africa-do-sul/AF-ZA-01.md,44,2938,0.7594,0,OK
AF-ZA-01,dados_intermediarios/processed/africa-do-sul/AF-ZA-01.md,45,696,0.7701,0,OK
AF-ZA-01,dados_intermediarios/processed/africa-do-sul/AF-ZA-01.md,46,2821,0.7593,0,OK
AF-ZA-01,dados_intermediarios/processed/africa-do-sul/AF-ZA-01.md,47,2617,0.7574,0,OK
AF-ZA-01,dados_intermediarios/processed/africa-do-sul/AF-ZA-01.md,48,2430,0.7687,0,OK
AF-ZA-01,dados_intermediarios/processed/africa-do-sul/AF-ZA-01.md,49,2697,0.792,0,OK
AF-ZA-01,dados_intermediarios/processed/africa-do-sul/AF-ZA-01.md,50,3026,0.8242,0,OK
AF-ZA-01,dados_intermediarios/processed/africa-do-sul/AF-ZA-01.md,51,1908,0.7694,0,OK
AF-ZA-01,dados_intermediarios/processed/africa-do-sul/AF-ZA-01.md,52,2706,0.8049,0,OK
AF-ZA-01,dados_intermediarios/processed/africa-do-sul/AF-ZA-01.md,53,2268,0.8034,0,OK
AF-ZA-01,dados_intermediarios/processed/africa-do-sul/AF-ZA-01.md,54,983,0.7101,0,OK
AF-ZA-01,dados_intermediarios/processed/africa-do-sul/AF-ZA-01.md,55,1662,0.7888,0,OK
AF-ZA-01,dados_intermediarios/processed/africa-do-sul/AF-ZA-01.md,56,2483,0.787,0,OK
AF-ZA-01,dados_intermediarios/processed/africa-do-sul/AF-ZA-01.md,57,2885,0.8,0,OK
AF-ZA-01,dados_intermediarios/processed/africa-do-sul/AF-ZA-01.md,58,2256,0.7943,0,OK
AF-ZA-01,dados_intermediarios/processed/africa-do-sul/AF-ZA-01.md,59,2981,0.8071,0,OK
AF-ZA-01,dados_intermediarios/processed/africa-do-sul/AF-ZA-01.md,60,933,0.7106,0,OK
AF-ZA-01,dados_intermediarios/processed/africa-do-sul/AF-ZA-01.md,61,1020,0.801,0,OK
AF-ZA-01,dados_intermediarios/processed/africa-do-sul/AF-ZA-01.md,62,722,0.7825,0,OK
AF-ZA-02,dados_intermediarios/processed/africa-do-sul/AF-ZA-02.md,1,90,0.8,0,OK
AF-ZA-02,dados_intermediarios/processed/africa-do-sul/AF-ZA-02.md,2,2146,0.7926,0,OK
AF-ZA-02,dados_intermediarios/processed/africa-do-sul/AF-ZA-02.md,3,2689,0.8003,0,OK
AF-ZA-02,dados_intermediarios/processed/africa-do-sul/AF-ZA-02.md,4,2652,0.8066,0,OK
AF-ZA-02,dados_intermediarios/processed/africa-do-sul/AF-ZA-02.md,5,1833,0.7289,0,OK
AF-ZA-02,dados_intermediarios/processed/africa-do-sul/AF-ZA-02.md,6,1210,0.7587,0,OK
AF-ZA-02,dados_intermediarios/processed/africa-do-sul/AF-ZA-02.md,7,1115,0.8377,0,OK
AF-ZA-02,dados_intermediarios/processed/africa-do-sul/AF-ZA-02.md,8,2111,0.8124,0,OK
AF-ZA-02,dados_intermediarios/processed/africa-do-sul/AF-ZA-02.md,9,1825,0.7605,0,OK
AF-ZA-02,dados_intermediarios/processed/africa-do-sul/AF-ZA-02.md,10,2142,0.7974,0,OK
AF-ZA-02,dados_intermediarios/processed/africa-do-sul/AF-ZA-02.md,11,2447,0.8267,0,OK
AF-ZA-02,dados_intermediarios/processed/africa-do-sul/AF-ZA-02.md,12,3557,0.8156,0,OK
AF-ZA-02,dados_intermediarios/processed/africa-do-sul/AF-ZA-02.md,13,2077,0.8185,0,OK
AF-ZA-02,dados_intermediarios/processed/africa-do-sul/AF-ZA-02.md,14,2987,0.7951,0,OK
AF-ZA-02,dados_intermediarios/processed/africa-do-sul/AF-ZA-02.md,15,2784,0.8082,0,OK
AF-ZA-02,dados_intermediarios/processed/africa-do-sul/AF-ZA-02.md,16,2138,0.8185,0,OK
AF-ZA-02,dados_intermediarios/processed/africa-do-sul/AF-ZA-02.md,17,2710,0.8081,0,OK
AF-ZA-02,dados_intermediarios/processed/africa-do-sul/AF-ZA-02.md,18,1136,0.8037,0,OK
AF-ZA-02,dados_intermediarios/processed/africa-do-sul/AF-ZA-02.md,19,3238,0.7739,0,OK
AF-ZA-02,dados_intermediarios/processed/africa-do-sul/AF-ZA-02.md,20,3414,0.7748,0,OK
AF-ZA-02,dados_intermediarios/processed/africa-do-sul/AF-ZA-02.md,21,3243,0.7647,0,OK
AF-ZA-02,dados_intermediarios/processed/africa-do-sul/AF-ZA-02.md,22,3297,0.7583,0,OK
AF-ZA-02,dados_intermediarios/processed/africa-do-sul/AF-ZA-02.md,23,2881,0.7504,0,OK
AF-ZA-02,dados_intermediarios/processed/africa-do-sul/AF-ZA-02.md,24,1906,0.7781,0,OK
AF-ZA-02,dados_intermediarios/processed/africa-do-sul/AF-ZA-02.md,25,1564,0.759,0,OK
AF-ZA-02,dados_intermediarios/processed/africa-do-sul/AF-ZA-02.md,26,2282,0.748,0,OK
AF-ZA-02,dados_intermediarios/processed/africa-do-sul/AF-ZA-02.md,27,1702,0.7468,0,OK
AF-ZA-02,dados_intermediarios/processed/africa-do-sul/AF-ZA-02.md,28,2398,0.7552,0,OK
AF-ZA-02,dados_intermediarios/processed/africa-do-sul/AF-ZA-02.md,29,1044,0.7768,0,OK
AF-ZA-02,dados_intermediarios/processed/africa-do-sul/AF-ZA-02.md,30,2046,0.7688,0,OK
AF-ZA-02,dados_intermediarios/processed/africa-do-sul/AF-ZA-02.md,31,2362,0.8074,0,OK
AF-ZA-02,dados_intermediarios/processed/africa-do-sul/AF-ZA-02.md,32,3104,0.7726,0,OK
AF-ZA-02,dados_intermediarios/processed/africa-do-sul/AF-ZA-02.md,33,12,0.5,0,LOW_TEXT
AF-ZA-02,dados_intermediarios/processed/africa-do-sul/AF-ZA-02.md,34,2464,0.75,0,OK
AF-ZA-02,dados_intermediarios/processed/africa-do-sul/AF-ZA-02.md,35,2486,0.7655,0,OK
AF-ZA-02,dados_intermediarios/processed/africa-do-sul/AF-ZA-02.md,36,2522,0.7728,0,OK
AF-ZA-02,dados_intermediarios/processed/africa-do-sul/AF-ZA-02.md,37,2735,0.7686,0,OK
AF-ZA-02,dados_intermediarios/processed/africa-do-sul/AF-ZA-02.md,38,1688,0.7778,0,OK
AF-ZA-02,dados_intermediarios/processed/africa-do-sul/AF-ZA-02.md,39,2563,0.8213,0,OK
AF-ZA-02,dados_intermediarios/processed/africa-do-sul/AF-ZA-02.md,40,1407,0.7683,0,OK
AF-ZA-02,dados_intermediarios/processed/africa-do-sul/AF-ZA-02.md,41,2128,0.7862,0,OK
AF-ZA-02,dados_intermediarios/processed/africa-do-sul/AF-ZA-02.md,42,2078,0.8017,0,OK
AF-ZA-02,dados_intermediarios/processed/africa-do-sul/AF-ZA-02.md,43,2199,0.7954,0,OK
AF-ZA-02,dados_intermediarios/processed/africa-do-sul/AF-ZA-02.md,44,3424,0.7795,0,OK
AF-ZA-02,dados_intermediarios/processed/africa-do-sul/AF-ZA-02.md,45,3149,0.7837,0,OK
AF-ZA-02,dados_intermediarios/processed/africa-do-sul/AF-ZA-02.md,46,1496,0.6611,0,OK
AF-ZA-02,dados_intermediarios/processed/africa-do-sul/AF-ZA-02.md,47,1654,0.659,0,OK
AF-ZA-02,dados_intermediarios/processed/africa-do-sul/AF-ZA-02.md,48,1621,0.6465,0,OK
AF-ZA-02,dados_intermediarios/processed/africa-do-sul/AF-ZA-02.md,49,1647,0.6302,0,OK
AF-ZA-02,dados_intermediarios/processed/africa-do-sul/AF-ZA-02.md,50,1798,0.6374,0,OK
AF-ZA-02,dados_intermediarios/processed/africa-do-sul/AF-ZA-02.md,51,2311,0.8096,0,OK
AF-ZA-02,dados_intermediarios/processed/africa-do-sul/AF-ZA-02.md,52,1679,0.7951,0,OK
AF-ZA-02,dados_intermediarios/processed/africa-do-sul/AF-ZA-02.md,53,2301,0.8031,0,OK
AF-ZA-02,dados_intermediarios/processed/africa-do-sul/AF-ZA-02.md,54,2207,0.7929,0,OK
AF-ZA-02,dados_intermediarios/processed/africa-do-sul/AF-ZA-02.md,55,882,0.7925,0,OK
AF-ZA-02,dados_intermediarios/processed/africa-do-sul/AF-ZA-02.md,56,1282,0.7964,0,OK
AF-ZA-02,dados_intermediarios/processed/africa-do-sul/AF-ZA-02.md,57,1052,0.7823,0,OK
AF-ZA-02,dados_intermediarios/processed/africa-do-sul/AF-ZA-02.md,58,2035,0.4432,0,OK
AF-ZA-02,dados_intermediarios/processed/africa-do-sul/AF-ZA-02.md,59,925,0.7589,0,OK
OC-AU-01,dados_intermediarios/processed/australia/OC-AU-01.md,1,4898,0.8232,0,OK
OC-AU-01,dados_intermediarios/processed/australia/OC-AU-01.md,2,3979,0.8281,0,OK
OC-AU-01,dados_intermediarios/processed/australia/OC-AU-01.md,3,3878,0.8187,0,OK
OC-AU-01,dados_intermediarios/processed/australia/OC-AU-01.md,4,66,0.8333,0,OK
OC-AU-02,dados_intermediarios/processed/australia/OC-AU-02.md,1,1995,0.7815,0,OK
OC-AU-02,dados_intermediarios/processed/australia/OC-AU-02.md,2,1620,0.7809,0,OK
OC-AU-02,dados_intermediarios/processed/australia/OC-AU-02.md,3,2523,0.788,0,OK
OC-AU-02,dados_intermediarios/processed/australia/OC-AU-02.md,4,3019,0.7817,0,OK
BR_001,dados_intermediarios/processed/brasil/BR_001.md,3,272,0.75,0,OK
BR_001,dados_intermediarios/processed/brasil/BR_001.md,5,884,0.8371,0,OK
BR_001,dados_intermediarios/processed/brasil/BR_001.md,6,360,0.8306,0,OK
BR_001,dados_intermediarios/processed/brasil/BR_001.md,7,2795,0.7775,0,OK
BR_001,dados_intermediarios/processed/brasil/BR_001.md,8,325,0.84,0,OK
BR_001,dados_intermediarios/processed/brasil/BR_001.md,9,2374,0.7805,0,OK
BR_001,dados_intermediarios/processed/brasil/BR_001.md,10,421,0.8385,0,OK
BR_001,dados_intermediarios/processed/brasil/BR_001.md,11,1953,0.7993,0,OK
BR_001,dados_intermediarios/processed/brasil/BR_001.md,12,313,0.8435,0,OK
BR_001,dados_intermediarios/processed/brasil/BR_001.md,13,2729,0.8036,0,OK
BR_001,dados_intermediarios/processed/brasil/BR_001.md,14,13,0.9231,0,LOW_TEXT
BR_001,dados_intermediarios/processed/brasil/BR_001.md,15,2252,0.8464,0,OK
BR_001,dados_intermediarios/processed/brasil/BR_001.md,16,813,0.8438,0,OK
BR_001,dados_intermediarios/processed/brasil/BR_001.md,17,3285,0.8195,0,OK
BR_001,dados_intermediarios/processed/brasil/BR_001.md,18,475,0.8547,0,OK
BR_001,dados_intermediarios/processed/brasil/BR_001.md,19,977,0.8342,0,OK
BR_001,dados_intermediarios/processed/brasil/BR_001.md,20,1200,0.8458,0,OK
BR_001,dados_intermediarios/processed/brasil/BR_001.md,21,3508,0.825,0,OK
BR_001,dados_intermediarios/processed/brasil/BR_001.md,22,761,0.8397,0,OK
BR_001,dados_intermediarios/processed/brasil/BR_001.md,23,2906,0.8097,0,OK
BR_001,dados_intermediarios/processed/brasil/BR_001.md,24,495,0.8303,0,OK
BR_001,dados_intermediarios/processed/brasil/BR_001.md,25,2115,0.8184,0,OK
BR_001,dados_intermediarios/processed/brasil/BR_001.md,26,538,0.8494,0,OK
BR_001,dados_intermediarios/processed/brasil/BR_001.md,27,1982,0.8345,0,OK
BR_001,dados_intermediarios/processed/brasil/BR_001.md,28,632,0.8481,0,OK
BR_001,dados_intermediarios/processed/brasil/BR_001.md,29,4386,0.8281,0,OK
BR_001,dados_intermediarios/processed/brasil/BR_001.md,30,1179,0.8355,0,OK
BR_001,dados_intermediarios/processed/brasil/BR_001.md,31,3117,0.8155,0,OK
BR_001,dados_intermediarios/processed/brasil/BR_001.md,32,775,0.8426,0,OK
BR_001,dados_intermediarios/processed/brasil/BR_001.md,33,4250,0.8165,0,OK
BR_001,dados_intermediarios/processed/brasil/BR_001.md,34,803,0.8468,0,OK
BR_001,dados_intermediarios/processed/brasil/BR_001.md,35,2993,0.8269,0,OK
BR_001,dados_intermediarios/processed/brasil/BR_001.md,36,681,0.8473,0,OK
BR_001,dados_intermediarios/processed/brasil/BR_001.md,37,1842,0.8388,0,OK
BR_001,dados_intermediarios/processed/brasil/BR_001.md,38,909,0.8339,0,OK
BR_001,dados_intermediarios/processed/brasil/BR_001.md,39,3815,0.8142,0,OK
BR_001,dados_intermediarios/processed/brasil/BR_001.md,40,1064,0.8487,0,OK
BR_001,dados_intermediarios/processed/brasil/BR_001.md,41,4101,0.8259,0,OK
BR_001,dados_intermediarios/processed/brasil/BR_001.md,42,1671,0.836,0,OK
BR_001,dados_intermediarios/processed/brasil/BR_001.md,43,3801,0.8095,0,OK
BR_001,dados_intermediarios/processed/brasil/BR_001.md,44,1445,0.8464,0,OK
BR_001,dados_intermediarios/processed/brasil/BR_001.md,45,2308,0.8362,0,OK
BR_001,dados_intermediarios/processed/brasil/BR_001.md,46,1081,0.8483,0,OK
BR_001,dados_intermediarios/processed/brasil/BR_001.md,47,3108,0.8211,0,OK
BR_001,dados_intermediarios/processed/brasil/BR_001.md,48,908,0.8502,0,OK
BR_001,dados_intermediarios/processed/brasil/BR_001.md,49,2657,0.8209,0,OK
BR_001,dados_intermediarios/processed/brasil/BR_001.md,50,968,0.8409,0,OK
BR_001,dados_intermediarios/processed/brasil/BR_001.md,51,1977,0.8265,0,OK
BR_001,dados_intermediarios/processed/brasil/BR_001.md,52,1482,0.8475,0,OK
BR_001,dados_intermediarios/processed/brasil/BR_001.md,53,3976,0.8197,0,OK
BR_001,dados_intermediarios/processed/brasil/BR_001.md,54,1241,0.8405,0,OK
BR_001,dados_intermediarios/processed/brasil/BR_001.md,55,2803,0.8298,0,OK
BR_001,dados_intermediarios/processed/brasil/BR_001.md,56,1270,0.8504,0,OK
BR_001,dados_intermediarios/processed/brasil/BR_001.md,57,2914,0.8229,0,OK
BR_001,dados_intermediarios/processed/brasil/BR_001.md,58,1605,0.8386,0,OK
BR_001,dados_intermediarios/processed/brasil/BR_001.md,59,3551,0.8282,0,OK
BR_001,dados_intermediarios/processed/brasil/BR_001.md,60,1689,0.8336,0,OK
BR_001,dados_intermediarios/processed/brasil/BR_001.md,61,3897,0.806,0,OK
BR_001,dados_intermediarios/processed/brasil/BR_001.md,62,1784,0.8453,0,OK
BR_001,dados_intermediarios/processed/brasil/BR_001.md,63,3869,0.831,0,OK
BR_001,dados_intermediarios/processed/brasil/BR_001.md,64,13,0.9231,0,LOW_TEXT
BR_001,dados_intermediarios/processed/brasil/BR_001.md,65,1656,0.8514,0,OK
BR_001,dados_intermediarios/processed/brasil/BR_001.md,66,1277,0.8434,0,OK
BR_001,dados_intermediarios/processed/brasil/BR_001.md,67,4534,0.8304,0,OK
BR_001,dados_intermediarios/processed/brasil/BR_001.md,68,1289,0.8495,0,OK
BR_001,dados_intermediarios/processed/brasil/BR_001.md,69,4383,0.8382,0,OK
BR_001,dados_intermediarios/processed/brasil/BR_001.md,70,1628,0.8428,0,OK
BR_001,dados_intermediarios/processed/brasil/BR_001.md,71,3951,0.8398,0,OK
BR_001,dados_intermediarios/processed/brasil/BR_001.md,72,998,0.8437,0,OK
BR_001,dados_intermediarios/processed/brasil/BR_001.md,73,3082,0.8261,0,OK
BR_001,dados_intermediarios/processed/brasil/BR_001.md,74,1058,0.8431,0,OK
BR_001,dados_intermediarios/processed/brasil/BR_001.md,75,2413,0.828,0,OK
BR_002,dados_intermediarios/processed/brasil/BR_002.md,3,272,0.75,0,OK
BR_002,dados_intermediarios/processed/brasil/BR_002.md,5,884,0.8371,0,OK
BR_002,dados_intermediarios/processed/brasil/BR_002.md,6,360,0.8306,0,OK
BR_002,dados_intermediarios/processed/brasil/BR_002.md,7,2795,0.7775,0,OK
BR_002,dados_intermediarios/processed/brasil/BR_002.md,8,325,0.84,0,OK
BR_002,dados_intermediarios/processed/brasil/BR_002.md,9,2374,0.7805,0,OK
BR_002,dados_intermediarios/processed/brasil/BR_002.md,10,421,0.8385,0,OK
BR_002,dados_intermediarios/processed/brasil/BR_002.md,11,1953,0.7993,0,OK
BR_002,dados_intermediarios/processed/brasil/BR_002.md,12,313,0.8435,0,OK
BR_002,dados_intermediarios/processed/brasil/BR_002.md,13,2729,0.8036,0,OK
BR_002,dados_intermediarios/processed/brasil/BR_002.md,14,13,0.9231,0,LOW_TEXT
BR_002,dados_intermediarios/processed/brasil/BR_002.md,15,2252,0.8464,0,OK
BR_002,dados_intermediarios/processed/brasil/BR_002.md,16,813,0.8438,0,OK
BR_002,dados_intermediarios/processed/brasil/BR_002.md,17,3285,0.8195,0,OK
BR_002,dados_intermediarios/processed/brasil/BR_002.md,18,475,0.8547,0,OK
BR_002,dados_intermediarios/processed/brasil/BR_002.md,19,977,0.8342,0,OK
BR_002,dados_intermediarios/processed/brasil/BR_002.md,20,1200,0.8458,0,OK
BR_002,dados_intermediarios/processed/brasil/BR_002.md,21,3508,0.825,0,OK
BR_002,dados_intermediarios/processed/brasil/BR_002.md,22,761,0.8397,0,OK
BR_002,dados_intermediarios/processed/brasil/BR_002.md,23,2906,0.8097,0,OK
BR_002,dados_intermediarios/processed/brasil/BR_002.md,24,495,0.8303,0,OK
BR_002,dados_intermediarios/processed/brasil/BR_002.md,25,2115,0.8184,0,OK
BR_002,dados_intermediarios/processed/brasil/BR_002.md,26,538,0.8494,0,OK
BR_002,dados_intermediarios/processed/brasil/BR_002.md,27,1982,0.8345,0,OK
BR_002,dados_intermediarios/processed/brasil/BR_002.md,28,632,0.8481,0,OK
BR_002,dados_intermediarios/processed/brasil/BR_002.md,29,4386,0.8281,0,OK
BR_002,dados_intermediarios/processed/brasil/BR_002.md,30,1179,0.8355,0,OK
BR_002,dados_intermediarios/processed/brasil/BR_002.md,31,3117,0.8155,0,OK
BR_002,dados_intermediarios/processed/brasil/BR_002.md,32,775,0.8426,0,OK
BR_002,dados_intermediarios/processed/brasil/BR_002.md,33,4250,0.8165,0,OK
BR_002,dados_intermediarios/processed/brasil/BR_002.md,34,803,0.8468,0,OK
BR_002,dados_intermediarios/processed/brasil/BR_002.md,35,2993,0.8269,0,OK
BR_002,dados_intermediarios/processed/brasil/BR_002.md,36,681,0.8473,0,OK
BR_002,dados_intermediarios/processed/brasil/BR_002.md,37,1842,0.8388,0,OK
BR_002,dados_intermediarios/processed/brasil/BR_002.md,38,909,0.8339,0,OK
BR_002,dados_intermediarios/processed/brasil/BR_002.md,39,3815,0.8142,0,OK
BR_002,dados_intermediarios/processed/brasil/BR_002.md,40,1064,0.8487,0,OK
BR_002,dados_intermediarios/processed/brasil/BR_002.md,41,4101,0.8259,0,OK
BR_002,dados_intermediarios/processed/brasil/BR_002.md,42,1671,0.836,0,OK
BR_002,dados_intermediarios/processed/brasil/BR_002.md,43,3801,0.8095,0,OK
BR_002,dados_intermediarios/processed/brasil/BR_002.md,44,1445,0.8464,0,OK
BR_002,dados_intermediarios/processed/brasil/BR_002.md,45,2308,0.8362,0,OK
BR_002,dados_intermediarios/processed/brasil/BR_002.md,46,1081,0.8483,0,OK
BR_002,dados_intermediarios/processed/brasil/BR_002.md,47,3108,0.8211,0,OK
BR_002,dados_intermediarios/processed/brasil/BR_002.md,48,908,0.8502,0,OK
BR_002,dados_intermediarios/processed/brasil/BR_002.md,49,2657,0.8209,0,OK
BR_002,dados_intermediarios/processed/brasil/BR_002.md,50,968,0.8409,0,OK
BR_002,dados_intermediarios/processed/brasil/BR_002.md,51,1977,0.8265,0,OK
BR_002,dados_intermediarios/processed/brasil/BR_002.md,52,1482,0.8475,0,OK
BR_002,dados_intermediarios/processed/brasil/BR_002.md,53,3976,0.8197,0,OK
BR_002,dados_intermediarios/processed/brasil/BR_002.md,54,1241,0.8405,0,OK
BR_002,dados_intermediarios/processed/brasil/BR_002.md,55,2803,0.8298,0,OK
BR_002,dados_intermediarios/processed/brasil/BR_002.md,56,1270,0.8504,0,OK
BR_002,dados_intermediarios/processed/brasil/BR_002.md,57,2914,0.8229,0,OK
BR_002,dados_intermediarios/processed/brasil/BR_002.md,58,1605,0.8386,0,OK
BR_002,dados_intermediarios/processed/brasil/BR_002.md,59,3551,0.8282,0,OK
BR_002,dados_intermediarios/processed/brasil/BR_002.md,60,1689,0.8336,0,OK
BR_002,dados_intermediarios/processed/brasil/BR_002.md,61,3897,0.806,0,OK
BR_002,dados_intermediarios/processed/brasil/BR_002.md,62,1784,0.8453,0,OK
BR_002,dados_intermediarios/processed/brasil/BR_002.md,63,3869,0.831,0,OK
BR_002,dados_intermediarios/processed/brasil/BR_002.md,64,13,0.9231,0,LOW_TEXT
BR_002,dados_intermediarios/processed/brasil/BR_002.md,65,1656,0.8514,0,OK
BR_002,dados_intermediarios/processed/brasil/BR_002.md,66,1277,0.8434,0,OK
BR_002,dados_intermediarios/processed/brasil/BR_002.md,67,4534,0.8304,0,OK
BR_002,dados_intermediarios/processed/brasil/BR_002.md,68,1289,0.8495,0,OK
BR_002,dados_intermediarios/processed/brasil/BR_002.md,69,4383,0.8382,0,OK
BR_002,dados_intermediarios/processed/brasil/BR_002.md,70,1628,0.8428,0,OK
BR_002,dados_intermediarios/processed/brasil/BR_002.md,71,3951,0.8398,0,OK
BR_002,dados_intermediarios/processed/brasil/BR_002.md,72,998,0.8437,0,OK
BR_002,dados_intermediarios/processed/brasil/BR_002.md,73,3082,0.8261,0,OK
BR_002,dados_intermediarios/processed/brasil/BR_002.md,74,1058,0.8431,0,OK
BR_002,dados_intermediarios/processed/brasil/BR_002.md,75,2413,0.828,0,OK
BR_003,dados_intermediarios/processed/brasil/BR_003.md,1,17,0.8235,0,LOW_TEXT
BR_003,dados_intermediarios/processed/brasil/BR_003.md,3,17,0.8235,0,LOW_TEXT
BR_003,dados_intermediarios/processed/brasil/BR_003.md,4,337,0.8546,0,OK
BR_003,dados_intermediarios/processed/brasil/BR_003.md,5,4227,0.4729,0,OK
BR_003,dados_intermediarios/processed/brasil/BR_003.md,6,4538,0.5015,0,OK
BR_003,dados_intermediarios/processed/brasil/BR_003.md,7,2341,0.8138,0,OK
BR_003,dados_intermediarios/processed/brasil/BR_003.md,9,1683,0.7986,0,OK
BR_003,dados_intermediarios/processed/brasil/BR_003.md,10,2824,0.8091,0,OK
BR_003,dados_intermediarios/processed/brasil/BR_003.md,11,2452,0.8169,0,OK
BR_003,dados_intermediarios/processed/brasil/BR_003.md,12,2217,0.8029,0,OK
BR_003,dados_intermediarios/processed/brasil/BR_003.md,13,2475,0.7891,0,OK
BR_003,dados_intermediarios/processed/brasil/BR_003.md,14,2430,0.7889,0,OK
BR_003,dados_intermediarios/processed/brasil/BR_003.md,15,3092,0.7979,0,OK
BR_003,dados_intermediarios/processed/brasil/BR_003.md,16,2654,0.8184,0,OK
BR_003,dados_intermediarios/processed/brasil/BR_003.md,17,2226,0.8226,0,OK
BR_003,dados_intermediarios/processed/brasil/BR_003.md,18,2350,0.8089,0,OK
BR_003,dados_intermediarios/processed/brasil/BR_003.md,19,2358,0.8215,0,OK
BR_003,dados_intermediarios/processed/brasil/BR_003.md,20,3787,0.7956,0,OK
BR_003,dados_intermediarios/processed/brasil/BR_003.md,21,4496,0.7651,0,OK
BR_003,dados_intermediarios/processed/brasil/BR_003.md,22,3766,0.7854,0,OK
BR_003,dados_intermediarios/processed/brasil/BR_003.md,23,2184,0.8109,0,OK
BR_003,dados_intermediarios/processed/brasil/BR_003.md,25,716,0.8212,0,OK
BR_003,dados_intermediarios/processed/brasil/BR_003.md,26,674,0.8116,0,OK
BR_003,dados_intermediarios/processed/brasil/BR_003.md,27,1496,0.7941,0,OK
BR_003,dados_intermediarios/processed/brasil/BR_003.md,28,2286,0.7861,0,OK
BR_003,dados_intermediarios/processed/brasil/BR_003.md,29,1633,0.8016,0,OK
BR_003,dados_intermediarios/processed/brasil/BR_003.md,30,1542,0.821,0,OK
BR_003,dados_intermediarios/processed/brasil/BR_003.md,31,1796,0.7979,0,OK
BR_003,dados_intermediarios/processed/brasil/BR_003.md,32,1799,0.7838,0,OK
BR_003,dados_intermediarios/processed/brasil/BR_003.md,33,1422,0.8129,0,OK
BR_003,dados_intermediarios/processed/brasil/BR_003.md,34,1791,0.799,0,OK
BR_003,dados_intermediarios/processed/brasil/BR_003.md,35,1966,0.8266,0,OK
BR_003,dados_intermediarios/processed/brasil/BR_003.md,36,1685,0.8047,0,OK
BR_003,dados_intermediarios/processed/brasil/BR_003.md,37,947,0.7899,0,OK
BR_003,dados_intermediarios/processed/brasil/BR_003.md,38,2323,0.8059,0,OK
BR_003,dados_intermediarios/processed/brasil/BR_003.md,39,2369,0.805,0,OK
BR_003,dados_intermediarios/processed/brasil/BR_003.md,40,2362,0.8137,0,OK
BR_003,dados_intermediarios/processed/brasil/BR_003.md,41,1468,0.8031,0,OK
BR_003,dados_intermediarios/processed/brasil/BR_003.md,42,2442,0.8075,0,OK
BR_003,dados_intermediarios/processed/brasil/BR_003.md,43,2845,0.8028,0,OK
BR_003,dados_intermediarios/processed/brasil/BR_003.md,44,2892,0.8074,0,OK
BR_003,dados_intermediarios/processed/brasil/BR_003.md,45,1161,0.82,0,OK
BR_003,dados_intermediarios/processed/brasil/BR_003.md,46,1256,0.8161,0,OK
BR_003,dados_intermediarios/processed/brasil/BR_003.md,47,1954,0.7845,0,OK
BR_003,dados_intermediarios/processed/brasil/BR_003.md,48,797,0.7704,0,OK
BR_003,dados_intermediarios/processed/brasil/BR_003.md,49,2211,0.7843,0,OK
BR_003,dados_intermediarios/processed/brasil/BR_003.md,50,1529,0.7881,0,OK
BR_003,dados_intermediarios/processed/brasil/BR_003.md,51,2350,0.7855,0,OK
BR_003,dados_intermediarios/processed/brasil/BR_003.md,52,2031,0.7834,0,OK
BR_003,dados_intermediarios/processed/brasil/BR_003.md,53,2621,0.7787,0,OK
BR_003,dados_intermediarios/processed/brasil/BR_003.md,54,795,0.7673,0,OK
BR_003,dados_intermediarios/processed/brasil/BR_003.md,55,2089,0.8171,0,OK
BR_003,dados_intermediarios/processed/brasil/BR_003.md,56,1177,0.8131,0,OK
BR_003,dados_intermediarios/processed/brasil/BR_003.md,57,1414,0.8076,0,OK
BR_003,dados_intermediarios/processed/brasil/BR_003.md,59,1475,0.7953,0,OK
BR_003,dados_intermediarios/processed/brasil/BR_003.md,60,2681,0.8139,0,OK
BR_003,dados_intermediarios/processed/brasil/BR_003.md,61,2971,0.8078,0,OK
BR_003,dados_intermediarios/processed/brasil/BR_003.md,62,2200,0.8186,0,OK
BR_003,dados_intermediarios/processed/brasil/BR_003.md,63,2773,0.8219,0,OK
BR_003,dados_intermediarios/processed/brasil/BR_003.md,64,997,0.8175,0,OK
BR_003,dados_intermediarios/processed/brasil/BR_003.md,65,2335,0.8171,0,OK
BR_003,dados_intermediarios/processed/brasil/BR_003.md,66,789,0.8238,0,OK
BR_003,dados_intermediarios/processed/brasil/BR_003.md,67,1966,0.825,0,OK
BR_003,dados_intermediarios/processed/brasil/BR_003.md,69,2650,0.8196,0,OK
BR_003,dados_intermediarios/processed/brasil/BR_003.md,70,2917,0.8063,0,OK
BR_003,dados_intermediarios/processed/brasil/BR_003.md,71,2975,0.8091,0,OK
BR_003,dados_intermediarios/processed/brasil/BR_003.md,72,2721,0.8096,0,OK
BR_003,dados_intermediarios/processed/brasil/BR_003.md,73,3394,0.8132,0,OK
BR_003,dados_intermediarios/processed/brasil/BR_003.md,74,2329,0.8085,0,OK
BR_003,dados_intermediarios/processed/brasil/BR_003.md,75,3489,0.8123,0,OK
BR_003,dados_intermediarios/processed/brasil/BR_003.md,76,2238,0.8101,0,OK
BR_003,dados_intermediarios/processed/brasil/BR_003.md,77,2437,0.8166,0,OK
BR_003,dados_intermediarios/processed/brasil/BR_003.md,78,2669,0.8134,0,OK
BR_003,dados_intermediarios/processed/brasil/BR_003.md,79,2799,0.8153,0,OK
BR_003,dados_intermediarios/processed/brasil/BR_003.md,80,2565,0.8043,0,OK
BR_003,dados_intermediarios/processed/brasil/BR_003.md,81,2339,0.8209,0,OK
BR_003,dados_intermediarios/processed/brasil/BR_003.md,82,2856,0.8085,0,OK
BR_003,dados_intermediarios/processed/brasil/BR_003.md,83,2683,0.8166,0,OK
BR_003,dados_intermediarios/processed/brasil/BR_003.md,84,2480,0.8016,0,OK
BR_003,dados_intermediarios/processed/brasil/BR_003.md,85,2250,0.8111,0,OK
BR_003,dados_intermediarios/processed/brasil/BR_003.md,86,2548,0.812,0,OK
BR_003,dados_intermediarios/processed/brasil/BR_003.md,87,2875,0.8115,0,OK
BR_003,dados_intermediarios/processed/brasil/BR_003.md,88,2552,0.8158,0,OK
BR_003,dados_intermediarios/processed/brasil/BR_003.md,89,2420,0.8223,0,OK
BR_003,dados_intermediarios/processed/brasil/BR_003.md,91,2380,0.8088,0,OK
BR_003,dados_intermediarios/processed/brasil/BR_003.md,92,2846,0.8039,0,OK
BR_003,dados_intermediarios/processed/brasil/BR_003.md,93,2195,0.7918,0,OK
BR_003,dados_intermediarios/processed/brasil/BR_003.md,94,2696,0.76,0,OK
BR_003,dados_intermediarios/processed/brasil/BR_003.md,95,2177,0.8043,0,OK
BR_003,dados_intermediarios/processed/brasil/BR_003.md,96,644,0.8354,0,OK
BR_003,dados_intermediarios/processed/brasil/BR_003.md,97,3184,0.81,0,OK
BR_003,dados_intermediarios/processed/brasil/BR_003.md,98,1258,0.8227,0,OK
BR_003,dados_intermediarios/processed/brasil/BR_003.md,99,1086,0.8131,0,OK
BR_003,dados_intermediarios/processed/brasil/BR_003.md,100,677,0.8434,0,OK
BR_003,dados_intermediarios/processed/brasil/BR_003.md,101,1908,0.8014,0,OK
BR_003,dados_intermediarios/processed/brasil/BR_003.md,102,529,0.8488,0,OK
BR_003,dados_intermediarios/processed/brasil/BR_003.md,103,1850,0.7984,0,OK
BR_003,dados_intermediarios/processed/brasil/BR_003.md,104,739,0.8214,0,OK
BR_003,dados_intermediarios/processed/brasil/BR_003.md,105,3026,0.802,0,OK
BR_003,dados_intermediarios/processed/brasil/BR_003.md,106,879,0.8168,0,OK
BR_003,dados_intermediarios/processed/brasil/BR_003.md,107,2026,0.7922,0,OK
BR_003,dados_intermediarios/processed/brasil/BR_003.md,108,322,0.823,0,OK
BR_003,dados_intermediarios/processed/brasil/BR_003.md,109,2572,0.8118,0,OK
BR_003,dados_intermediarios/processed/brasil/BR_003.md,110,924,0.8279,0,OK
BR_003,dados_intermediarios/processed/brasil/BR_003.md,111,2218,0.8106,0,OK
BR_003,dados_intermediarios/processed/brasil/BR_003.md,112,1037,0.8274,0,OK
BR_003,dados_intermediarios/processed/brasil/BR_003.md,113,1789,0.8088,0,OK
BR_003,dados_intermediarios/processed/brasil/BR_003.md,114,627,0.8421,0,OK
BR_003,dados_intermediarios/processed/brasil/BR_003.md,115,2554,0.8203,0,OK
BR_003,dados_intermediarios/processed/brasil/BR_003.md,116,332,0.8343,0,OK
BR_003,dados_intermediarios/processed/brasil/BR_003.md,117,1792,0.7846,0,OK
BR_003,dados_intermediarios/processed/brasil/BR_003.md,118,405,0.8444,0,OK
BR_003,dados_intermediarios/processed/brasil/BR_003.md,119,1865,0.7764,0,OK
BR_003,dados_intermediarios/processed/brasil/BR_003.md,120,716,0.8198,0,OK
BR_003,dados_intermediarios/processed/brasil/BR_003.md,121,2008,0.7883,0,OK
BR_003,dados_intermediarios/processed/brasil/BR_003.md,122,386,0.8316,0,OK
BR_003,dados_intermediarios/processed/brasil/BR_003.md,123,2764,0.7873,0,OK
BR_003,dados_intermediarios/processed/brasil/BR_003.md,124,879,0.818,0,OK
BR_003,dados_intermediarios/processed/brasil/BR_003.md,125,2031,0.7942,0,OK
BR_003,dados_intermediarios/processed/brasil/BR_003.md,126,294,0.8265,0,OK
BR_003,dados_intermediarios/processed/brasil/BR_003.md,127,2076,0.7967,0,OK
BR_003,dados_intermediarios/processed/brasil/BR_003.md,128,292,0.8322,0,OK
BR_003,dados_intermediarios/processed/brasil/BR_003.md,129,2242,0.8002,0,OK
BR_003,dados_intermediarios/processed/brasil/BR_003.md,130,890,0.827,0,OK
BR_003,dados_intermediarios/processed/brasil/BR_003.md,131,2191,0.8024,0,OK
BR_003,dados_intermediarios/processed/brasil/BR_003.md,132,570,0.8298,0,OK
BR_003,dados_intermediarios/processed/brasil/BR_003.md,133,1859,0.8037,0,OK
BR_003,dados_intermediarios/processed/brasil/BR_003.md,134,855,0.8316,0,OK
BR_003,dados_intermediarios/processed/brasil/BR_003.md,135,1861,0.8119,0,OK
BR_003,dados_intermediarios/processed/brasil/BR_003.md,136,395,0.838,0,OK
BR_003,dados_intermediarios/processed/brasil/BR_003.md,137,1000,0.807,0,OK
BR_003,dados_intermediarios/processed/brasil/BR_003.md,138,2685,0.8179,0,OK
BR_003,dados_intermediarios/processed/brasil/BR_003.md,139,2895,0.8097,0,OK
BR_003,dados_intermediarios/processed/brasil/BR_003.md,140,3071,0.8069,0,OK
BR_003,dados_intermediarios/processed/brasil/BR_003.md,141,2653,0.8115,0,OK
BR_003,dados_intermediarios/processed/brasil/BR_003.md,142,1283,0.8231,0,OK
BR_003,dados_intermediarios/processed/brasil/BR_003.md,143,3015,0.8113,0,OK
BR_003,dados_intermediarios/processed/brasil/BR_003.md,144,565,0.8319,0,OK
BR_003,dados_intermediarios/processed/brasil/BR_003.md,145,3719,0.8069,0,OK
BR_003,dados_intermediarios/processed/brasil/BR_003.md,146,546,0.8352,0,OK
BR_003,dados_intermediarios/processed/brasil/BR_003.md,147,3538,0.8154,0,OK
BR_003,dados_intermediarios/processed/brasil/BR_003.md,148,1983,0.821,0,OK
BR_003,dados_intermediarios/processed/brasil/BR_003.md,149,4002,0.8158,0,OK
BR_003,dados_intermediarios/processed/brasil/BR_003.md,150,309,0.8447,0,OK
BR_003,dados_intermediarios/processed/brasil/BR_003.md,151,2842,0.8107,0,OK
BR_003,dados_intermediarios/processed/brasil/BR_003.md,152,1120,0.8232,0,OK
BR_003,dados_intermediarios/processed/brasil/BR_003.md,153,3970,0.8154,0,OK
BR_003,dados_intermediarios/processed/brasil/BR_003.md,154,475,0.84,0,OK
BR_003,dados_intermediarios/processed/brasil/BR_003.md,155,2758,0.8249,0,OK
BR_003,dados_intermediarios/processed/brasil/BR_003.md,156,453,0.8609,0,OK
BR_003,dados_intermediarios/processed/brasil/BR_003.md,157,3178,0.8112,0,OK
BR_003,dados_intermediarios/processed/brasil/BR_003.md,158,1940,0.8103,0,OK
BR_003,dados_intermediarios/processed/brasil/BR_003.md,159,3268,0.8146,0,OK
BR_003,dados_intermediarios/processed/brasil/BR_003.md,160,516,0.843,0,OK
BR_003,dados_intermediarios/processed/brasil/BR_003.md,161,3234,0.8179,0,OK
BR_003,dados_intermediarios/processed/brasil/BR_003.md,162,407,0.8477,0,OK
BR_003,dados_intermediarios/processed/brasil/BR_003.md,163,2907,0.8111,0,OK
BR_003,dados_intermediarios/processed/brasil/BR_003.md,164,539,0.8293,0,OK
BR_003,dados_intermediarios/processed/brasil/BR_003.md,165,2609,0.8237,0,OK
BR_003,dados_intermediarios/processed/brasil/BR_003.md,166,672,0.8363,0,OK
BR_003,dados_intermediarios/processed/brasil/BR_003.md,167,3526,0.8009,0,OK
BR_003,dados_intermediarios/processed/brasil/BR_003.md,168,861,0.8339,0,OK
BR_003,dados_intermediarios/processed/brasil/BR_003.md,169,2902,0.8194,0,OK
BR_003,dados_intermediarios/processed/brasil/BR_003.md,170,659,0.8528,0,OK
BR_003,dados_intermediarios/processed/brasil/BR_003.md,171,2673,0.8118,0,OK
BR_003,dados_intermediarios/processed/brasil/BR_003.md,172,363,0.8485,0,OK
BR_003,dados_intermediarios/processed/brasil/BR_003.md,173,2538,0.8101,0,OK
BR_003,dados_intermediarios/processed/brasil/BR_003.md,174,274,0.8467,0,OK
BR_003,dados_intermediarios/processed/brasil/BR_003.md,175,1918,0.8019,0,OK
BR_003,dados_intermediarios/processed/brasil/BR_003.md,176,248,0.8387,0,OK
BR_003,dados_intermediarios/processed/brasil/BR_003.md,177,992,0.8145,0,OK
BR_003,dados_intermediarios/processed/brasil/BR_003.md,178,598,0.8361,0,OK
BR_003,dados_intermediarios/processed/brasil/BR_003.md,179,3099,0.8086,0,OK
BR_003,dados_intermediarios/processed/brasil/BR_003.md,180,532,0.844,0,OK
BR_003,dados_intermediarios/processed/brasil/BR_003.md,181,3140,0.8048,0,OK
BR_003,dados_intermediarios/processed/brasil/BR_003.md,182,456,0.8487,0,OK
BR_003,dados_intermediarios/processed/brasil/BR_003.md,183,2789,0.8222,0,OK
BR_003,dados_intermediarios/processed/brasil/BR_003.md,184,692,0.8353,0,OK
BR_003,dados_intermediarios/processed/brasil/BR_003.md,185,3542,0.8176,0,OK
BR_003,dados_intermediarios/processed/brasil/BR_003.md,186,665,0.8466,0,OK
BR_003,dados_intermediarios/processed/brasil/BR_003.md,187,3024,0.8105,0,OK
BR_003,dados_intermediarios/processed/brasil/BR_003.md,188,524,0.8492,0,OK
BR_003,dados_intermediarios/processed/brasil/BR_003.md,189,2681,0.8135,0,OK
BR_003,dados_intermediarios/processed/brasil/BR_003.md,190,202,0.8317,0,OK
BR_003,dados_intermediarios/processed/brasil/BR_003.md,191,2157,0.7997,0,OK
BR_003,dados_intermediarios/processed/brasil/BR_003.md,192,305,0.8525,0,OK
BR_003,dados_intermediarios/processed/brasil/BR_003.md,193,1430,0.8021,0,OK
BR_003,dados_intermediarios/processed/brasil/BR_003.md,195,2448,0.8145,0,OK
BR_003,dados_intermediarios/processed/brasil/BR_003.md,196,2387,0.8098,0,OK
BR_003,dados_intermediarios/processed/brasil/BR_003.md,197,2564,0.8167,0,OK
BR_003,dados_intermediarios/processed/brasil/BR_003.md,198,2688,0.8166,0,OK
BR_003,dados_intermediarios/processed/brasil/BR_003.md,199,2387,0.8165,0,OK
BR_003,dados_intermediarios/processed/brasil/BR_003.md,200,1859,0.8176,0,OK
BR_003,dados_intermediarios/processed/brasil/BR_003.md,201,1411,0.8207,0,OK
BR_003,dados_intermediarios/processed/brasil/BR_003.md,202,321,0.8411,0,OK
BR_003,dados_intermediarios/processed/brasil/BR_003.md,203,2186,0.817,0,OK
BR_003,dados_intermediarios/processed/brasil/BR_003.md,204,410,0.839,0,OK
BR_003,dados_intermediarios/processed/brasil/BR_003.md,205,3177,0.8231,0,OK
BR_003,dados_intermediarios/processed/brasil/BR_003.md,207,991,0.8163,0,OK
BR_003,dados_intermediarios/processed/brasil/BR_003.md,208,292,0.8322,0,OK
BR_003,dados_intermediarios/processed/brasil/BR_003.md,209,3152,0.8195,0,OK
BR_003,dados_intermediarios/processed/brasil/BR_003.md,210,304,0.8322,0,OK
BR_003,dados_intermediarios/processed/brasil/BR_003.md,211,3109,0.8247,0,OK
BR_003,dados_intermediarios/processed/brasil/BR_003.md,212,244,0.832,0,OK
BR_003,dados_intermediarios/processed/brasil/BR_003.md,213,1051,0.8268,0,OK
BR_003,dados_intermediarios/processed/brasil/BR_003.md,215,2413,0.8193,0,OK
BR_003,dados_intermediarios/processed/brasil/BR_003.md,216,2842,0.811,0,OK
BR_003,dados_intermediarios/processed/brasil/BR_003.md,217,2778,0.8225,0,OK
BR_003,dados_intermediarios/processed/brasil/BR_003.md,218,2361,0.792,0,OK
BR_003,dados_intermediarios/processed/brasil/BR_003.md,219,2854,0.8185,0,OK
BR_003,dados_intermediarios/processed/brasil/BR_003.md,220,2814,0.8181,0,OK
BR_003,dados_intermediarios/processed/brasil/BR_003.md,221,2630,0.8137,0,OK
BR_003,dados_intermediarios/processed/brasil/BR_003.md,222,2657,0.8141,0,OK
BR_003,dados_intermediarios/processed/brasil/BR_003.md,223,2547,0.8178,0,OK
BR_003,dados_intermediarios/processed/brasil/BR_003.md,224,2485,0.8193,0,OK
BR_003,dados_intermediarios/processed/brasil/BR_003.md,225,1798,0.8265,0,OK
BR_003,dados_intermediarios/processed/brasil/BR_003.md,226,1948,0.8178,0,OK
BR_003,dados_intermediarios/processed/brasil/BR_003.md,227,730,0.8288,0,OK
BR_003,dados_intermediarios/processed/brasil/BR_003.md,228,343,0.8426,0,OK
BR_003,dados_intermediarios/processed/brasil/BR_003.md,229,2610,0.8234,0,OK
BR_003,dados_intermediarios/processed/brasil/BR_003.md,230,498,0.8293,0,OK
BR_003,dados_intermediarios/processed/brasil/BR_003.md,231,3321,0.8238,0,OK
BR_003,dados_intermediarios/processed/brasil/BR_003.md,233,1879,0.8191,0,OK
BR_003,dados_intermediarios/processed/brasil/BR_003.md,234,319,0.8527,0,OK
BR_003,dados_intermediarios/processed/brasil/BR_003.md,235,2339,0.8311,0,OK
BR_003,dados_intermediarios/processed/brasil/BR_003.md,236,218,0.8303,0,OK
BR_003,dados_intermediarios/processed/brasil/BR_003.md,237,1406,0.8257,0,OK
BR_003,dados_intermediarios/processed/brasil/BR_003.md,238,318,0.8428,0,OK
BR_003,dados_intermediarios/processed/brasil/BR_003.md,239,3014,0.8222,0,OK
BR_003,dados_intermediarios/processed/brasil/BR_003.md,240,221,0.8281,0,OK
BR_003,dados_intermediarios/processed/brasil/BR_003.md,241,1141,0.8344,0,OK
BR_003,dados_intermediarios/processed/brasil/BR_003.md,243,2809,0.8067,0,OK
BR_003,dados_intermediarios/processed/brasil/BR_003.md,244,3012,0.8035,0,OK
BR_003,dados_intermediarios/processed/brasil/BR_003.md,245,2967,0.8102,0,OK
BR_003,dados_intermediarios/processed/brasil/BR_003.md,246,2771,0.817,0,OK
BR_003,dados_intermediarios/processed/brasil/BR_003.md,247,3035,0.8115,0,OK
BR_003,dados_intermediarios/processed/brasil/BR_003.md,248,2478,0.8249,0,OK
BR_003,dados_intermediarios/processed/brasil/BR_003.md,249,1036,0.8118,0,OK
BR_003,dados_intermediarios/processed/brasil/BR_003.md,250,1250,0.8272,0,OK
BR_003,dados_intermediarios/processed/brasil/BR_003.md,251,1557,0.8189,0,OK
BR_003,dados_intermediarios/processed/brasil/BR_003.md,252,1564,0.8242,0,OK
BR_003,dados_intermediarios/processed/brasil/BR_003.md,253,1787,0.8075,0,OK
BR_003,dados_intermediarios/processed/brasil/BR_003.md,254,1215,0.8313,0,OK
BR_003,dados_intermediarios/processed/brasil/BR_003.md,255,1409,0.8105,0,OK
BR_003,dados_intermediarios/processed/brasil/BR_003.md,256,1621,0.8254,0,OK
BR_003,dados_intermediarios/processed/brasil/BR_003.md,257,1611,0.8057,0,OK
BR_003,dados_intermediarios/processed/brasil/BR_003.md,258,1716,0.8293,0,OK
BR_003,dados_intermediarios/processed/brasil/BR_003.md,259,1989,0.816,0,OK
BR_003,dados_intermediarios/processed/brasil/BR_003.md,260,969,0.8369,0,OK
BR_003,dados_intermediarios/processed/brasil/BR_003.md,261,1241,0.8171,0,OK
BR_003,dados_intermediarios/processed/brasil/BR_003.md,262,1022,0.8327,0,OK
BR_003,dados_intermediarios/processed/brasil/BR_003.md,263,1355,0.817,0,OK
BR_003,dados_intermediarios/processed/brasil/BR_003.md,264,1580,0.8222,0,OK
BR_003,dados_intermediarios/processed/brasil/BR_003.md,265,1953,0.8162,0,OK
BR_003,dados_intermediarios/processed/brasil/BR_003.md,267,2056,0.8186,0,OK
BR_003,dados_intermediarios/processed/brasil/BR_003.md,268,2551,0.8256,0,OK
BR_003,dados_intermediarios/processed/brasil/BR_003.md,269,2544,0.8274,0,OK
BR_003,dados_intermediarios/processed/brasil/BR_003.md,270,2582,0.8226,0,OK
BR_003,dados_intermediarios/processed/brasil/BR_003.md,271,2766,0.8185,0,OK
BR_003,dados_intermediarios/processed/brasil/BR_003.md,272,2774,0.81,0,OK
BR_003,dados_intermediarios/processed/brasil/BR_003.md,273,2602,0.824,0,OK
BR_003,dados_intermediarios/processed/brasil/BR_003.md,274,2752,0.8187,0,OK
BR_003,dados_intermediarios/processed/brasil/BR_003.md,275,2765,0.8072,0,OK
BR_003,dados_intermediarios/processed/brasil/BR_003.md,276,2706,0.8137,0,OK
BR_003,dados_intermediarios/processed/brasil/BR_003.md,277,2516,0.8144,0,OK
BR_003,dados_intermediarios/processed/brasil/BR_003.md,278,2696,0.8142,0,OK
BR_003,dados_intermediarios/processed/brasil/BR_003.md,279,819,0.8107,0,OK
BR_003,dados_intermediarios/processed/brasil/BR_003.md,280,1260,0.8286,0,OK
BR_003,dados_intermediarios/processed/brasil/BR_003.md,281,2714,0.8091,0,OK
BR_003,dados_intermediarios/processed/brasil/BR_003.md,282,577,0.8284,0,OK
BR_003,dados_intermediarios/processed/brasil/BR_003.md,283,1308,0.8043,0,OK
BR_003,dados_intermediarios/processed/brasil/BR_003.md,284,1240,0.8274,0,OK
BR_003,dados_intermediarios/processed/brasil/BR_003.md,285,2747,0.8082,0,OK
BR_003,dados_intermediarios/processed/brasil/BR_003.md,286,774,0.8152,0,OK
BR_003,dados_intermediarios/processed/brasil/BR_003.md,287,1452,0.8161,0,OK
BR_003,dados_intermediarios/processed/brasil/BR_003.md,288,1137,0.832,0,OK
BR_003,dados_intermediarios/processed/brasil/BR_003.md,289,2834,0.8165,0,OK
BR_003,dados_intermediarios/processed/brasil/BR_003.md,290,1248,0.8293,0,OK
BR_003,dados_intermediarios/processed/brasil/BR_003.md,291,2547,0.8186,0,OK
BR_003,dados_intermediarios/processed/brasil/BR_003.md,292,1158,0.8256,0,OK
BR_003,dados_intermediarios/processed/brasil/BR_003.md,293,2909,0.8209,0,OK
BR_003,dados_intermediarios/processed/brasil/BR_003.md,294,1385,0.8296,0,OK
BR_003,dados_intermediarios/processed/brasil/BR_003.md,295,2848,0.822,0,OK
BR_003,dados_intermediarios/processed/brasil/BR_003.md,296,1161,0.8303,0,OK
BR_003,dados_intermediarios/processed/brasil/BR_003.md,297,2880,0.817,0,OK
BR_003,dados_intermediarios/processed/brasil/BR_003.md,298,1136,0.8363,0,OK
BR_003,dados_intermediarios/processed/brasil/BR_003.md,299,2493,0.8243,0,OK
BR_003,dados_intermediarios/processed/brasil/BR_003.md,300,2453,0.8267,0,OK
BR_003,dados_intermediarios/processed/brasil/BR_003.md,301,1441,0.8182,0,OK
BR_003,dados_intermediarios/processed/brasil/BR_003.md,302,911,0.8189,0,OK
BR_003,dados_intermediarios/processed/brasil/BR_003.md,303,2758,0.8151,0,OK
BR_003,dados_intermediarios/processed/brasil/BR_003.md,304,1067,0.8229,0,OK
BR_003,dados_intermediarios/processed/brasil/BR_003.md,305,2978,0.8163,0,OK
BR_003,dados_intermediarios/processed/brasil/BR_003.md,306,787,0.8348,0,OK
BR_003,dados_intermediarios/processed/brasil/BR_003.md,307,1222,0.8265,0,OK
BR_003,dados_intermediarios/processed/brasil/BR_003.md,308,815,0.8356,0,OK
BR_003,dados_intermediarios/processed/brasil/BR_003.md,309,2826,0.8195,0,OK
BR_003,dados_intermediarios/processed/brasil/BR_003.md,310,989,0.8413,0,OK
BR_003,dados_intermediarios/processed/brasil/BR_003.md,311,2824,0.8222,0,OK
BR_003,dados_intermediarios/processed/brasil/BR_003.md,312,572,0.8374,0,OK
BR_003,dados_intermediarios/processed/brasil/BR_003.md,313,870,0.8299,0,OK
BR_003,dados_intermediarios/processed/brasil/BR_003.md,314,654,0.8394,0,OK
BR_003,dados_intermediarios/processed/brasil/BR_003.md,315,2083,0.8277,0,OK
BR_003,dados_intermediarios/processed/brasil/BR_003.md,316,1013,0.8361,0,OK
BR_003,dados_intermediarios/processed/brasil/BR_003.md,317,2704,0.8136,0,OK
BR_003,dados_intermediarios/processed/brasil/BR_003.md,318,937,0.8495,0,OK
BR_003,dados_intermediarios/processed/brasil/BR_003.md,319,2276,0.8282,0,OK
BR_003,dados_intermediarios/processed/brasil/BR_003.md,320,1103,0.8441,0,OK
BR_003,dados_intermediarios/processed/brasil/BR_003.md,321,2388,0.8216,0,OK
BR_003,dados_intermediarios/processed/brasil/BR_003.md,323,2208,0.8143,0,OK
BR_003,dados_intermediarios/processed/brasil/BR_003.md,324,1272,0.8294,0,OK
BR_003,dados_intermediarios/processed/brasil/BR_003.md,325,1742,0.8152,0,OK
BR_003,dados_intermediarios/processed/brasil/BR_003.md,326,2690,0.8227,0,OK
BR_003,dados_intermediarios/processed/brasil/BR_003.md,327,2446,0.8091,0,OK
BR_003,dados_intermediarios/processed/brasil/BR_003.md,328,2804,0.8178,0,OK
BR_003,dados_intermediarios/processed/brasil/BR_003.md,329,2789,0.8179,0,OK
BR_003,dados_intermediarios/processed/brasil/BR_003.md,330,2695,0.8122,0,OK
BR_003,dados_intermediarios/processed/brasil/BR_003.md,331,2658,0.819,0,OK
BR_003,dados_intermediarios/processed/brasil/BR_003.md,332,1603,0.8172,0,OK
BR_003,dados_intermediarios/processed/brasil/BR_003.md,333,1868,0.8175,0,OK
BR_003,dados_intermediarios/processed/brasil/BR_003.md,334,233,0.8369,0,OK
BR_003,dados_intermediarios/processed/brasil/BR_003.md,335,1064,0.8055,0,OK
BR_003,dados_intermediarios/processed/brasil/BR_003.md,336,317,0.8202,0,OK
BR_003,dados_intermediarios/processed/brasil/BR_003.md,337,1450,0.7979,0,OK
BR_003,dados_intermediarios/processed/brasil/BR_003.md,338,321,0.8349,0,OK
BR_003,dados_intermediarios/processed/brasil/BR_003.md,339,1879,0.8031,0,OK
BR_003,dados_intermediarios/processed/brasil/BR_003.md,340,307,0.8469,0,OK
BR_003,dados_intermediarios/processed/brasil/BR_003.md,341,1856,0.8157,0,OK
BR_003,dados_intermediarios/processed/brasil/BR_003.md,342,457,0.8512,0,OK
BR_003,dados_intermediarios/processed/brasil/BR_003.md,343,2809,0.8174,0,OK
BR_003,dados_intermediarios/processed/brasil/BR_003.md,345,1897,0.8086,0,OK
BR_003,dados_intermediarios/processed/brasil/BR_003.md,346,387,0.845,0,OK
BR_003,dados_intermediarios/processed/brasil/BR_003.md,347,2598,0.8145,0,OK
BR_003,dados_intermediarios/processed/brasil/BR_003.md,348,546,0.8315,0,OK
BR_003,dados_intermediarios/processed/brasil/BR_003.md,349,3607,0.8231,0,OK
BR_003,dados_intermediarios/processed/brasil/BR_003.md,350,363,0.8375,0,OK
BR_003,dados_intermediarios/processed/brasil/BR_003.md,351,3125,0.8195,0,OK
BR_003,dados_intermediarios/processed/brasil/BR_003.md,352,490,0.8469,0,OK
BR_003,dados_intermediarios/processed/brasil/BR_003.md,353,3606,0.8242,0,OK
BR_003,dados_intermediarios/processed/brasil/BR_003.md,355,2466,0.8163,0,OK
BR_003,dados_intermediarios/processed/brasil/BR_003.md,356,2621,0.813,0,OK
BR_003,dados_intermediarios/processed/brasil/BR_003.md,357,2776,0.8062,0,OK
BR_003,dados_intermediarios/processed/brasil/BR_003.md,358,2723,0.8083,0,OK
BR_003,dados_intermediarios/processed/brasil/BR_003.md,359,2238,0.8235,0,OK
BR_003,dados_intermediarios/processed/brasil/BR_003.md,361,2090,0.8177,0,OK
BR_003,dados_intermediarios/processed/brasil/BR_003.md,362,2139,0.806,0,OK
BR_003,dados_intermediarios/processed/brasil/BR_003.md,363,2653,0.8198,0,OK
BR_003,dados_intermediarios/processed/brasil/BR_003.md,364,2763,0.8136,0,OK
BR_003,dados_intermediarios/processed/brasil/BR_003.md,365,2806,0.8204,0,OK
BR_003,dados_intermediarios/processed/brasil/BR_003.md,366,2800,0.8161,0,OK
BR_003,dados_intermediarios/processed/brasil/BR_003.md,367,2756,0.8164,0,OK
BR_003,dados_intermediarios/processed/brasil/BR_003.md,368,2314,0.8276,0,OK
BR_003,dados_intermediarios/processed/brasil/BR_003.md,369,2164,0.8115,0,OK
BR_003,dados_intermediarios/processed/brasil/BR_003.md,370,2177,0.8167,0,OK
BR_003,dados_intermediarios/processed/brasil/BR_003.md,371,643,0.8336,0,OK
BR_003,dados_intermediarios/processed/brasil/BR_003.md,372,509,0.8212,0,OK
BR_003,dados_intermediarios/processed/brasil/BR_003.md,373,1713,0.8126,0,OK
BR_003,dados_intermediarios/processed/brasil/BR_003.md,374,608,0.8224,0,OK
BR_003,dados_intermediarios/processed/brasil/BR_003.md,375,1809,0.8098,0,OK
BR_003,dados_intermediarios/processed/brasil/BR_003.md,376,471,0.8344,0,OK
BR_003,dados_intermediarios/processed/brasil/BR_003.md,377,1918,0.8238,0,OK
BR_003,dados_intermediarios/processed/brasil/BR_003.md,378,634,0.8423,0,OK
BR_003,dados_intermediarios/processed/brasil/BR_003.md,379,2002,0.8207,0,OK
BR_003,dados_intermediarios/processed/brasil/BR_003.md,380,571,0.8389,0,OK
BR_003,dados_intermediarios/processed/brasil/BR_003.md,381,2069,0.825,0,OK
BR_003,dados_intermediarios/processed/brasil/BR_003.md,383,2469,0.8181,0,OK
BR_003,dados_intermediarios/processed/brasil/BR_003.md,384,2726,0.814,0,OK
BR_003,dados_intermediarios/processed/brasil/BR_003.md,385,2631,0.816,0,OK
BR_003,dados_intermediarios/processed/brasil/BR_003.md,386,521,0.8464,0,OK
BR_003,dados_intermediarios/processed/brasil/BR_003.md,387,2124,0.8244,0,OK
BR_003,dados_intermediarios/processed/brasil/BR_003.md,388,519,0.8401,0,OK
BR_003,dados_intermediarios/processed/brasil/BR_003.md,389,2372,0.8314,0,OK
BR_003,dados_intermediarios/processed/brasil/BR_003.md,390,349,0.8338,0,OK
BR_003,dados_intermediarios/processed/brasil/BR_003.md,391,2629,0.8231,0,OK
BR_003,dados_intermediarios/processed/brasil/BR_003.md,392,627,0.8325,0,OK
BR_003,dados_intermediarios/processed/brasil/BR_003.md,393,2917,0.821,0,OK
BR_003,dados_intermediarios/processed/brasil/BR_003.md,394,638,0.8339,0,OK
BR_003,dados_intermediarios/processed/brasil/BR_003.md,395,2482,0.8304,0,OK
BR_003,dados_intermediarios/processed/brasil/BR_003.md,396,413,0.8281,0,OK
BR_003,dados_intermediarios/processed/brasil/BR_003.md,397,1043,0.8293,0,OK
BR_003,dados_intermediarios/processed/brasil/BR_003.md,399,2562,0.8017,0,OK
BR_003,dados_intermediarios/processed/brasil/BR_003.md,400,2545,0.8067,0,OK
BR_003,dados_intermediarios/processed/brasil/BR_003.md,401,2917,0.8125,0,OK
BR_003,dados_intermediarios/processed/brasil/BR_003.md,402,2823,0.8105,0,OK
BR_003,dados_intermediarios/processed/brasil/BR_003.md,403,2841,0.8229,0,OK
BR_003,dados_intermediarios/processed/brasil/BR_003.md,404,2315,0.8276,0,OK
BR_003,dados_intermediarios/processed/brasil/BR_003.md,405,2376,0.795,0,OK
BR_003,dados_intermediarios/processed/brasil/BR_003.md,406,2495,0.7936,0,OK
BR_003,dados_intermediarios/processed/brasil/BR_003.md,407,831,0.8171,0,OK
BR_003,dados_intermediarios/processed/brasil/BR_003.md,408,702,0.7963,0,OK
BR_003,dados_intermediarios/processed/brasil/BR_003.md,409,1146,0.8202,0,OK
BR_003,dados_intermediarios/processed/brasil/BR_003.md,410,760,0.7974,0,OK
BR_003,dados_intermediarios/processed/brasil/BR_003.md,411,1625,0.8215,0,OK
BR_003,dados_intermediarios/processed/brasil/BR_003.md,412,848,0.7889,0,OK
BR_003,dados_intermediarios/processed/brasil/BR_003.md,413,2157,0.8132,0,OK
BR_003,dados_intermediarios/processed/brasil/BR_003.md,414,1176,0.8138,0,OK
BR_003,dados_intermediarios/processed/brasil/BR_003.md,415,1905,0.8231,0,OK
BR_003,dados_intermediarios/processed/brasil/BR_003.md,416,692,0.8121,0,OK
BR_003,dados_intermediarios/processed/brasil/BR_003.md,417,1558,0.8203,0,OK
BR_003,dados_intermediarios/processed/brasil/BR_003.md,418,2221,0.8136,0,OK
BR_003,dados_intermediarios/processed/brasil/BR_003.md,419,3055,0.7912,0,OK
BR_003,dados_intermediarios/processed/brasil/BR_003.md,420,2647,0.8043,0,OK
BR_003,dados_intermediarios/processed/brasil/BR_003.md,421,1359,0.8035,0,OK
BR_003,dados_intermediarios/processed/brasil/BR_003.md,422,1726,0.81,0,OK
BR_003,dados_intermediarios/processed/brasil/BR_003.md,423,2833,0.8239,0,OK
BR_003,dados_intermediarios/processed/brasil/BR_003.md,424,1423,0.8264,0,OK
BR_003,dados_intermediarios/processed/brasil/BR_003.md,425,2671,0.8278,0,OK
BR_003,dados_intermediarios/processed/brasil/BR_003.md,426,819,0.8254,0,OK
BR_003,dados_intermediarios/processed/brasil/BR_003.md,427,2245,0.8298,0,OK
BR_003,dados_intermediarios/processed/brasil/BR_003.md,428,1353,0.8115,0,OK
BR_003,dados_intermediarios/processed/brasil/BR_003.md,429,2044,0.8268,0,OK
BR_003,dados_intermediarios/processed/brasil/BR_003.md,430,1332,0.8288,0,OK
BR_003,dados_intermediarios/processed/brasil/BR_003.md,431,2577,0.8242,0,OK
BR_003,dados_intermediarios/processed/brasil/BR_003.md,432,885,0.8158,0,OK
BR_003,dados_intermediarios/processed/brasil/BR_003.md,433,1987,0.8234,0,OK
BR_003,dados_intermediarios/processed/brasil/BR_003.md,434,734,0.8188,0,OK
BR_003,dados_intermediarios/processed/brasil/BR_003.md,435,1589,0.832,0,OK
BR_003,dados_intermediarios/processed/brasil/BR_003.md,437,2836,0.8029,0,OK
BR_003,dados_intermediarios/processed/brasil/BR_003.md,438,2539,0.8228,0,OK
BR_003,dados_intermediarios/processed/brasil/BR_003.md,439,2234,0.8169,0,OK
BR_003,dados_intermediarios/processed/brasil/BR_003.md,440,2294,0.8034,0,OK
BR_003,dados_intermediarios/processed/brasil/BR_003.md,441,2551,0.822,0,OK
BR_003,dados_intermediarios/processed/brasil/BR_003.md,442,2446,0.8107,0,OK
BR_003,dados_intermediarios/processed/brasil/BR_003.md,443,1145,0.8131,0,OK
BR_003,dados_intermediarios/processed/brasil/BR_003.md,444,376,0.8218,0,OK
BR_003,dados_intermediarios/processed/brasil/BR_003.md,445,615,0.813,0,OK
BR_003,dados_intermediarios/processed/brasil/BR_003.md,446,261,0.8429,0,OK
BR_003,dados_intermediarios/processed/brasil/BR_003.md,447,807,0.8377,0,OK
BR_003,dados_intermediarios/processed/brasil/BR_003.md,448,238,0.8655,0,OK
BR_003,dados_intermediarios/processed/brasil/BR_003.md,449,858,0.8473,0,OK
BR_003,dados_intermediarios/processed/brasil/BR_003.md,450,248,0.8387,0,OK
BR_003,dados_intermediarios/processed/brasil/BR_003.md,451,990,0.8333,0,OK
BR_003,dados_intermediarios/processed/brasil/BR_003.md,452,229,0.8472,0,OK
BR_003,dados_intermediarios/processed/brasil/BR_003.md,453,869,0.8274,0,OK
BR_003,dados_intermediarios/processed/brasil/BR_003.md,454,388,0.8299,0,OK
BR_003,dados_intermediarios/processed/brasil/BR_003.md,455,976,0.8289,0,OK
BR_003,dados_intermediarios/processed/brasil/BR_003.md,456,290,0.8586,0,OK
BR_003,dados_intermediarios/processed/brasil/BR_003.md,457,1054,0.8387,0,OK
BR_003,dados_intermediarios/processed/brasil/BR_003.md,458,285,0.8386,0,OK
BR_003,dados_intermediarios/processed/brasil/BR_003.md,459,924,0.8301,0,OK
BR_003,dados_intermediarios/processed/brasil/BR_003.md,460,213,0.8357,0,OK
BR_003,dados_intermediarios/processed/brasil/BR_003.md,461,1081,0.8261,0,OK
BR_003,dados_intermediarios/processed/brasil/BR_003.md,463,538,0.8123,0,OK
BR_003,dados_intermediarios/processed/brasil/BR_003.md,464,2132,0.803,0,OK
BR_003,dados_intermediarios/processed/brasil/BR_003.md,465,2189,0.8205,0,OK
BR_003,dados_intermediarios/processed/brasil/BR_003.md,466,2078,0.809,0,OK
BR_003,dados_intermediarios/processed/brasil/BR_003.md,467,2285,0.8131,0,OK
BR_003,dados_intermediarios/processed/brasil/BR_003.md,468,2249,0.8124,0,OK
BR_003,dados_intermediarios/processed/brasil/BR_003.md,469,1960,0.8148,0,OK
BR_003,dados_intermediarios/processed/brasil/BR_003.md,470,2879,0.7972,0,OK
BR_003,dados_intermediarios/processed/brasil/BR_003.md,471,1917,0.8049,0,OK
BR_003,dados_intermediarios/processed/brasil/BR_003.md,472,3032,0.7962,0,OK
BR_003,dados_intermediarios/processed/brasil/BR_003.md,473,2585,0.8209,0,OK
BR_003,dados_intermediarios/processed/brasil/BR_003.md,474,2592,0.8183,0,OK
BR_003,dados_intermediarios/processed/brasil/BR_003.md,475,2368,0.815,0,OK
BR_003,dados_intermediarios/processed/brasil/BR_003.md,476,2523,0.8177,0,OK
BR_003,dados_intermediarios/processed/brasil/BR_003.md,477,1892,0.8081,0,OK
BR_003,dados_intermediarios/processed/brasil/BR_003.md,478,1998,0.7963,0,OK
BR_003,dados_intermediarios/processed/brasil/BR_003.md,479,2352,0.8274,0,OK
BR_003,dados_intermediarios/processed/brasil/BR_003.md,480,2329,0.8227,0,OK
BR_003,dados_intermediarios/processed/brasil/BR_003.md,481,2371,0.814,0,OK
BR_003,dados_intermediarios/processed/brasil/BR_003.md,483,2513,0.8233,0,OK
BR_003,dados_intermediarios/processed/brasil/BR_003.md,484,2739,0.8142,0,OK
BR_003,dados_intermediarios/processed/brasil/BR_003.md,485,2792,0.8155,0,OK
BR_003,dados_intermediarios/processed/brasil/BR_003.md,486,2754,0.8148,0,OK
BR_003,dados_intermediarios/processed/brasil/BR_003.md,487,2686,0.8179,0,OK
BR_003,dados_intermediarios/processed/brasil/BR_003.md,488,2932,0.8186,0,OK
BR_003,dados_intermediarios/processed/brasil/BR_003.md,489,3189,0.8115,0,OK
BR_003,dados_intermediarios/processed/brasil/BR_003.md,490,2640,0.8125,0,OK
BR_003,dados_intermediarios/processed/brasil/BR_003.md,491,2828,0.8278,0,OK
BR_003,dados_intermediarios/processed/brasil/BR_003.md,492,2665,0.8199,0,OK
BR_003,dados_intermediarios/processed/brasil/BR_003.md,493,2457,0.8331,0,OK
BR_003,dados_intermediarios/processed/brasil/BR_003.md,494,2792,0.8202,0,OK
BR_003,dados_intermediarios/processed/brasil/BR_003.md,495,2725,0.8253,0,OK
BR_003,dados_intermediarios/processed/brasil/BR_003.md,496,1682,0.8199,0,OK
BR_003,dados_intermediarios/processed/brasil/BR_003.md,497,2254,0.8336,0,OK
BR_003,dados_intermediarios/processed/brasil/BR_003.md,498,3246,0.8275,0,OK
BR_003,dados_intermediarios/processed/brasil/BR_003.md,499,2141,0.8174,0,OK
BR_003,dados_intermediarios/processed/brasil/BR_003.md,500,2705,0.8163,0,OK
BR_003,dados_intermediarios/processed/brasil/BR_003.md,501,2476,0.8069,0,OK
BR_003,dados_intermediarios/processed/brasil/BR_003.md,502,3203,0.8149,0,OK
BR_003,dados_intermediarios/processed/brasil/BR_003.md,503,2132,0.8194,0,OK
BR_003,dados_intermediarios/processed/brasil/BR_003.md,504,2767,0.8215,0,OK
BR_003,dados_intermediarios/processed/brasil/BR_003.md,505,2846,0.8201,0,OK
BR_003,dados_intermediarios/processed/brasil/BR_003.md,506,2604,0.8122,0,OK
BR_003,dados_intermediarios/processed/brasil/BR_003.md,507,2261,0.801,0,OK
BR_003,dados_intermediarios/processed/brasil/BR_003.md,508,2557,0.8252,0,OK
BR_003,dados_intermediarios/processed/brasil/BR_003.md,509,2398,0.8186,0,OK
BR_003,dados_intermediarios/processed/brasil/BR_003.md,510,2231,0.8077,0,OK
BR_003,dados_intermediarios/processed/brasil/BR_003.md,511,2162,0.8113,0,OK
BR_003,dados_intermediarios/processed/brasil/BR_003.md,512,2694,0.8118,0,OK
BR_003,dados_intermediarios/processed/brasil/BR_003.md,513,2093,0.8075,0,OK
BR_003,dados_intermediarios/processed/brasil/BR_003.md,514,2746,0.8168,0,OK
BR_003,dados_intermediarios/processed/brasil/BR_003.md,515,2712,0.8064,0,OK
BR_003,dados_intermediarios/processed/brasil/BR_003.md,516,2465,0.8187,0,OK
BR_003,dados_intermediarios/processed/brasil/BR_003.md,517,3132,0.819,0,OK
BR_003,dados_intermediarios/processed/brasil/BR_003.md,518,2627,0.8135,0,OK
BR_003,dados_intermediarios/processed/brasil/BR_003.md,519,1902,0.8244,0,OK
BR_003,dados_intermediarios/processed/brasil/BR_003.md,520,1654,0.8186,0,OK
BR_003,dados_intermediarios/processed/brasil/BR_003.md,521,2819,0.8148,0,OK
BR_003,dados_intermediarios/processed/brasil/BR_003.md,522,887,0.8241,0,OK
BR_003,dados_intermediarios/processed/brasil/BR_003.md,523,2427,0.8138,0,OK
BR_003,dados_intermediarios/processed/brasil/BR_003.md,524,2413,0.8164,0,OK
BR_003,dados_intermediarios/processed/brasil/BR_003.md,525,3114,0.8173,0,OK
BR_003,dados_intermediarios/processed/brasil/BR_003.md,526,2942,0.8154,0,OK
BR_003,dados_intermediarios/processed/brasil/BR_003.md,527,2331,0.8202,0,OK
BR_003,dados_intermediarios/processed/brasil/BR_003.md,528,1319,0.8074,0,OK
BR_003,dados_intermediarios/processed/brasil/BR_003.md,529,2165,0.8176,0,OK
BR_003,dados_intermediarios/processed/brasil/BR_003.md,530,2530,0.8249,0,OK
BR_003,dados_intermediarios/processed/brasil/BR_003.md,531,2652,0.8239,0,OK
BR_003,dados_intermediarios/processed/brasil/BR_003.md,532,2287,0.8212,0,OK
BR_003,dados_intermediarios/processed/brasil/BR_003.md,533,1686,0.8304,0,OK
BR_003,dados_intermediarios/processed/brasil/BR_003.md,534,1497,0.8236,0,OK
BR_003,dados_intermediarios/processed/brasil/BR_003.md,535,1745,0.8275,0,OK
BR_003,dados_intermediarios/processed/brasil/BR_003.md,536,2430,0.83,0,OK
BR_003,dados_intermediarios/processed/brasil/BR_003.md,537,2961,0.8288,0,OK
BR_003,dados_intermediarios/processed/brasil/BR_003.md,538,2900,0.8245,0,OK
BR_003,dados_intermediarios/processed/brasil/BR_003.md,539,1715,0.8257,0,OK
BR_003,dados_intermediarios/processed/brasil/BR_003.md,540,1723,0.8282,0,OK
BR_003,dados_intermediarios/processed/brasil/BR_003.md,541,1922,0.8262,0,OK
BR_003,dados_intermediarios/processed/brasil/BR_003.md,542,2006,0.835,0,OK
BR_003,dados_intermediarios/processed/brasil/BR_003.md,543,2555,0.8278,0,OK
BR_003,dados_intermediarios/processed/brasil/BR_003.md,544,1638,0.8199,0,OK
BR_003,dados_intermediarios/processed/brasil/BR_003.md,545,2732,0.832,0,OK
BR_003,dados_intermediarios/processed/brasil/BR_003.md,546,2607,0.8232,0,OK
BR_003,dados_intermediarios/processed/brasil/BR_003.md,547,3058,0.8224,0,OK
BR_003,dados_intermediarios/processed/brasil/BR_003.md,548,2401,0.8259,0,OK
BR_003,dados_intermediarios/processed/brasil/BR_003.md,549,2151,0.8136,0,OK
BR_003,dados_intermediarios/processed/brasil/BR_003.md,550,1925,0.8275,0,OK
BR_003,dados_intermediarios/processed/brasil/BR_003.md,551,2357,0.8146,0,OK
BR_003,dados_intermediarios/processed/brasil/BR_003.md,552,2326,0.8242,0,OK
BR_003,dados_intermediarios/processed/brasil/BR_003.md,553,2416,0.82,0,OK
BR_003,dados_intermediarios/processed/brasil/BR_003.md,554,1591,0.8259,0,OK
BR_003,dados_intermediarios/processed/brasil/BR_003.md,555,1161,0.8277,0,OK
BR_003,dados_intermediarios/processed/brasil/BR_003.md,556,1853,0.8273,0,OK
BR_003,dados_intermediarios/processed/brasil/BR_003.md,557,2521,0.8263,0,OK
BR_003,dados_intermediarios/processed/brasil/BR_003.md,558,2581,0.8245,0,OK
BR_003,dados_intermediarios/processed/brasil/BR_003.md,559,2911,0.8251,0,OK
BR_003,dados_intermediarios/processed/brasil/BR_003.md,560,2943,0.8281,0,OK
BR_003,dados_intermediarios/processed/brasil/BR_003.md,561,3296,0.8313,0,OK
BR_003,dados_intermediarios/processed/brasil/BR_003.md,562,1036,0.832,0,OK
BR_003,dados_intermediarios/processed/brasil/BR_003.md,563,2415,0.8104,0,OK
BR_003,dados_intermediarios/processed/brasil/BR_003.md,564,2482,0.8179,0,OK
BR_003,dados_intermediarios/processed/brasil/BR_003.md,565,2666,0.811,0,OK
BR_003,dados_intermediarios/processed/brasil/BR_003.md,566,2673,0.8223,0,OK
BR_003,dados_intermediarios/processed/brasil/BR_003.md,567,2765,0.8134,0,OK
BR_003,dados_intermediarios/processed/brasil/BR_003.md,568,2703,0.8135,0,OK
BR_003,dados_intermediarios/processed/brasil/BR_003.md,569,2680,0.8123,0,OK
BR_003,dados_intermediarios/processed/brasil/BR_003.md,570,2538,0.818,0,OK
BR_003,dados_intermediarios/processed/brasil/BR_003.md,571,1574,0.8234,0,OK
BR_003,dados_intermediarios/processed/brasil/BR_003.md,572,1735,0.8242,0,OK
BR_003,dados_intermediarios/processed/brasil/BR_003.md,573,1418,0.8378,0,OK
BR_003,dados_intermediarios/processed/brasil/BR_003.md,574,2039,0.8323,0,OK
BR_003,dados_intermediarios/processed/brasil/BR_003.md,575,2993,0.8243,0,OK
BR_003,dados_intermediarios/processed/brasil/BR_003.md,576,1329,0.8269,0,OK
BR_003,dados_intermediarios/processed/brasil/BR_003.md,577,2001,0.8376,0,OK
BR_003,dados_intermediarios/processed/brasil/BR_003.md,578,2079,0.8321,0,OK
BR_003,dados_intermediarios/processed/brasil/BR_003.md,579,2134,0.829,0,OK
BR_003,dados_intermediarios/processed/brasil/BR_003.md,580,1418,0.8279,0,OK
BR_003,dados_intermediarios/processed/brasil/BR_003.md,581,2253,0.8242,0,OK
BR_003,dados_intermediarios/processed/brasil/BR_003.md,583,1623,0.8232,0,OK
BR_003,dados_intermediarios/processed/brasil/BR_003.md,584,1328,0.8245,0,OK
BR_003,dados_intermediarios/processed/brasil/BR_003.md,585,3211,0.8138,0,OK
BR_003,dados_intermediarios/processed/brasil/BR_003.md,586,4254,0.8077,0,OK
BR_003,dados_intermediarios/processed/brasil/BR_003.md,587,1603,0.8129,0,OK
BR_003,dados_intermediarios/processed/brasil/BR_003.md,588,1358,0.8255,0,OK
BR_003,dados_intermediarios/processed/brasil/BR_003.md,589,2390,0.8134,0,OK
BR_003,dados_intermediarios/processed/brasil/BR_003.md,590,1402,0.8402,0,OK
BR_003,dados_intermediarios/processed/brasil/BR_003.md,591,1713,0.8149,0,OK
BR_003,dados_intermediarios/processed/brasil/BR_003.md,592,4234,0.7603,0,OK
BR_003,dados_intermediarios/processed/brasil/BR_003.md,593,3119,0.7688,0,OK
BR_003,dados_intermediarios/processed/brasil/BR_003.md,594,3697,0.7671,0,OK
BR_003,dados_intermediarios/processed/brasil/BR_003.md,595,1478,0.8417,0,OK
BR_003,dados_intermediarios/processed/brasil/BR_003.md,596,2195,0.7918,0,OK
BR_003,dados_intermediarios/processed/brasil/BR_003.md,597,1731,0.7585,0,OK
BR_003,dados_intermediarios/processed/brasil/BR_003.md,598,86,0.8837,0,OK
BR_003,dados_intermediarios/processed/brasil/BR_003.md,600,21,0.8571,0,LOW_TEXT
BR_004,dados_intermediarios/processed/brasil/BR_004.md,1,17,0.8235,0,LOW_TEXT
BR_004,dados_intermediarios/processed/brasil/BR_004.md,3,17,0.8235,0,LOW_TEXT
BR_004,dados_intermediarios/processed/brasil/BR_004.md,4,337,0.8546,0,OK
BR_004,dados_intermediarios/processed/brasil/BR_004.md,5,4227,0.4729,0,OK
BR_004,dados_intermediarios/processed/brasil/BR_004.md,6,4538,0.5015,0,OK
BR_004,dados_intermediarios/processed/brasil/BR_004.md,7,2341,0.8138,0,OK
BR_004,dados_intermediarios/processed/brasil/BR_004.md,9,1683,0.7986,0,OK
BR_004,dados_intermediarios/processed/brasil/BR_004.md,10,2824,0.8091,0,OK
BR_004,dados_intermediarios/processed/brasil/BR_004.md,11,2452,0.8169,0,OK
BR_004,dados_intermediarios/processed/brasil/BR_004.md,12,2217,0.8029,0,OK
BR_004,dados_intermediarios/processed/brasil/BR_004.md,13,2475,0.7891,0,OK
BR_004,dados_intermediarios/processed/brasil/BR_004.md,14,2430,0.7889,0,OK
BR_004,dados_intermediarios/processed/brasil/BR_004.md,15,3092,0.7979,0,OK
BR_004,dados_intermediarios/processed/brasil/BR_004.md,16,2654,0.8184,0,OK
BR_004,dados_intermediarios/processed/brasil/BR_004.md,17,2226,0.8226,0,OK
BR_004,dados_intermediarios/processed/brasil/BR_004.md,18,2350,0.8089,0,OK
BR_004,dados_intermediarios/processed/brasil/BR_004.md,19,2358,0.8215,0,OK
BR_004,dados_intermediarios/processed/brasil/BR_004.md,20,3787,0.7956,0,OK
BR_004,dados_intermediarios/processed/brasil/BR_004.md,21,4496,0.7651,0,OK
BR_004,dados_intermediarios/processed/brasil/BR_004.md,22,3766,0.7854,0,OK
BR_004,dados_intermediarios/processed/brasil/BR_004.md,23,2184,0.8109,0,OK
BR_004,dados_intermediarios/processed/brasil/BR_004.md,25,716,0.8212,0,OK
BR_004,dados_intermediarios/processed/brasil/BR_004.md,26,674,0.8116,0,OK
BR_004,dados_intermediarios/processed/brasil/BR_004.md,27,1496,0.7941,0,OK
BR_004,dados_intermediarios/processed/brasil/BR_004.md,28,2286,0.7861,0,OK
BR_004,dados_intermediarios/processed/brasil/BR_004.md,29,1633,0.8016,0,OK
BR_004,dados_intermediarios/processed/brasil/BR_004.md,30,1542,0.821,0,OK
BR_004,dados_intermediarios/processed/brasil/BR_004.md,31,1796,0.7979,0,OK
BR_004,dados_intermediarios/processed/brasil/BR_004.md,32,1799,0.7838,0,OK
BR_004,dados_intermediarios/processed/brasil/BR_004.md,33,1422,0.8129,0,OK
BR_004,dados_intermediarios/processed/brasil/BR_004.md,34,1791,0.799,0,OK
BR_004,dados_intermediarios/processed/brasil/BR_004.md,35,1966,0.8266,0,OK
BR_004,dados_intermediarios/processed/brasil/BR_004.md,36,1685,0.8047,0,OK
BR_004,dados_intermediarios/processed/brasil/BR_004.md,37,947,0.7899,0,OK
BR_004,dados_intermediarios/processed/brasil/BR_004.md,38,2323,0.8059,0,OK
BR_004,dados_intermediarios/processed/brasil/BR_004.md,39,2369,0.805,0,OK
BR_004,dados_intermediarios/processed/brasil/BR_004.md,40,2362,0.8137,0,OK
BR_004,dados_intermediarios/processed/brasil/BR_004.md,41,1468,0.8031,0,OK
BR_004,dados_intermediarios/processed/brasil/BR_004.md,42,2442,0.8075,0,OK
BR_004,dados_intermediarios/processed/brasil/BR_004.md,43,2845,0.8028,0,OK
BR_004,dados_intermediarios/processed/brasil/BR_004.md,44,2892,0.8074,0,OK
BR_004,dados_intermediarios/processed/brasil/BR_004.md,45,1161,0.82,0,OK
BR_004,dados_intermediarios/processed/brasil/BR_004.md,46,1256,0.8161,0,OK
BR_004,dados_intermediarios/processed/brasil/BR_004.md,47,1954,0.7845,0,OK
BR_004,dados_intermediarios/processed/brasil/BR_004.md,48,797,0.7704,0,OK
BR_004,dados_intermediarios/processed/brasil/BR_004.md,49,2211,0.7843,0,OK
BR_004,dados_intermediarios/processed/brasil/BR_004.md,50,1529,0.7881,0,OK
BR_004,dados_intermediarios/processed/brasil/BR_004.md,51,2350,0.7855,0,OK
BR_004,dados_intermediarios/processed/brasil/BR_004.md,52,2031,0.7834,0,OK
BR_004,dados_intermediarios/processed/brasil/BR_004.md,53,2621,0.7787,0,OK
BR_004,dados_intermediarios/processed/brasil/BR_004.md,54,795,0.7673,0,OK
BR_004,dados_intermediarios/processed/brasil/BR_004.md,55,2089,0.8171,0,OK
BR_004,dados_intermediarios/processed/brasil/BR_004.md,56,1177,0.8131,0,OK
BR_004,dados_intermediarios/processed/brasil/BR_004.md,57,1414,0.8076,0,OK
BR_004,dados_intermediarios/processed/brasil/BR_004.md,59,1475,0.7953,0,OK
BR_004,dados_intermediarios/processed/brasil/BR_004.md,60,2681,0.8139,0,OK
BR_004,dados_intermediarios/processed/brasil/BR_004.md,61,2971,0.8078,0,OK
BR_004,dados_intermediarios/processed/brasil/BR_004.md,62,2200,0.8186,0,OK
BR_004,dados_intermediarios/processed/brasil/BR_004.md,63,2773,0.8219,0,OK
BR_004,dados_intermediarios/processed/brasil/BR_004.md,64,997,0.8175,0,OK
BR_004,dados_intermediarios/processed/brasil/BR_004.md,65,2335,0.8171,0,OK
BR_004,dados_intermediarios/processed/brasil/BR_004.md,66,789,0.8238,0,OK
BR_004,dados_intermediarios/processed/brasil/BR_004.md,67,1966,0.825,0,OK
BR_004,dados_intermediarios/processed/brasil/BR_004.md,69,2650,0.8196,0,OK
BR_004,dados_intermediarios/processed/brasil/BR_004.md,70,2917,0.8063,0,OK
BR_004,dados_intermediarios/processed/brasil/BR_004.md,71,2975,0.8091,0,OK
BR_004,dados_intermediarios/processed/brasil/BR_004.md,72,2721,0.8096,0,OK
BR_004,dados_intermediarios/processed/brasil/BR_004.md,73,3394,0.8132,0,OK
BR_004,dados_intermediarios/processed/brasil/BR_004.md,74,2329,0.8085,0,OK
BR_004,dados_intermediarios/processed/brasil/BR_004.md,75,3489,0.8123,0,OK
BR_004,dados_intermediarios/processed/brasil/BR_004.md,76,2238,0.8101,0,OK
BR_004,dados_intermediarios/processed/brasil/BR_004.md,77,2437,0.8166,0,OK
BR_004,dados_intermediarios/processed/brasil/BR_004.md,78,2669,0.8134,0,OK
BR_004,dados_intermediarios/processed/brasil/BR_004.md,79,2799,0.8153,0,OK
BR_004,dados_intermediarios/processed/brasil/BR_004.md,80,2565,0.8043,0,OK
BR_004,dados_intermediarios/processed/brasil/BR_004.md,81,2339,0.8209,0,OK
BR_004,dados_intermediarios/processed/brasil/BR_004.md,82,2856,0.8085,0,OK
BR_004,dados_intermediarios/processed/brasil/BR_004.md,83,2683,0.8166,0,OK
BR_004,dados_intermediarios/processed/brasil/BR_004.md,84,2480,0.8016,0,OK
BR_004,dados_intermediarios/processed/brasil/BR_004.md,85,2250,0.8111,0,OK
BR_004,dados_intermediarios/processed/brasil/BR_004.md,86,2548,0.812,0,OK
BR_004,dados_intermediarios/processed/brasil/BR_004.md,87,2875,0.8115,0,OK
BR_004,dados_intermediarios/processed/brasil/BR_004.md,88,2552,0.8158,0,OK
BR_004,dados_intermediarios/processed/brasil/BR_004.md,89,2420,0.8223,0,OK
BR_004,dados_intermediarios/processed/brasil/BR_004.md,91,2380,0.8088,0,OK
BR_004,dados_intermediarios/processed/brasil/BR_004.md,92,2846,0.8039,0,OK
BR_004,dados_intermediarios/processed/brasil/BR_004.md,93,2195,0.7918,0,OK
BR_004,dados_intermediarios/processed/brasil/BR_004.md,94,2696,0.76,0,OK
BR_004,dados_intermediarios/processed/brasil/BR_004.md,95,2177,0.8043,0,OK
BR_004,dados_intermediarios/processed/brasil/BR_004.md,96,644,0.8354,0,OK
BR_004,dados_intermediarios/processed/brasil/BR_004.md,97,3184,0.81,0,OK
BR_004,dados_intermediarios/processed/brasil/BR_004.md,98,1258,0.8227,0,OK
BR_004,dados_intermediarios/processed/brasil/BR_004.md,99,1086,0.8131,0,OK
BR_004,dados_intermediarios/processed/brasil/BR_004.md,100,677,0.8434,0,OK
BR_004,dados_intermediarios/processed/brasil/BR_004.md,101,1908,0.8014,0,OK
BR_004,dados_intermediarios/processed/brasil/BR_004.md,102,529,0.8488,0,OK
BR_004,dados_intermediarios/processed/brasil/BR_004.md,103,1850,0.7984,0,OK
BR_004,dados_intermediarios/processed/brasil/BR_004.md,104,739,0.8214,0,OK
BR_004,dados_intermediarios/processed/brasil/BR_004.md,105,3026,0.802,0,OK
BR_004,dados_intermediarios/processed/brasil/BR_004.md,106,879,0.8168,0,OK
BR_004,dados_intermediarios/processed/brasil/BR_004.md,107,2026,0.7922,0,OK
BR_004,dados_intermediarios/processed/brasil/BR_004.md,108,322,0.823,0,OK
BR_004,dados_intermediarios/processed/brasil/BR_004.md,109,2572,0.8118,0,OK
BR_004,dados_intermediarios/processed/brasil/BR_004.md,110,924,0.8279,0,OK
BR_004,dados_intermediarios/processed/brasil/BR_004.md,111,2218,0.8106,0,OK
BR_004,dados_intermediarios/processed/brasil/BR_004.md,112,1037,0.8274,0,OK
BR_004,dados_intermediarios/processed/brasil/BR_004.md,113,1789,0.8088,0,OK
BR_004,dados_intermediarios/processed/brasil/BR_004.md,114,627,0.8421,0,OK
BR_004,dados_intermediarios/processed/brasil/BR_004.md,115,2554,0.8203,0,OK
BR_004,dados_intermediarios/processed/brasil/BR_004.md,116,332,0.8343,0,OK
BR_004,dados_intermediarios/processed/brasil/BR_004.md,117,1792,0.7846,0,OK
BR_004,dados_intermediarios/processed/brasil/BR_004.md,118,405,0.8444,0,OK
BR_004,dados_intermediarios/processed/brasil/BR_004.md,119,1865,0.7764,0,OK
BR_004,dados_intermediarios/processed/brasil/BR_004.md,120,716,0.8198,0,OK
BR_004,dados_intermediarios/processed/brasil/BR_004.md,121,2008,0.7883,0,OK
BR_004,dados_intermediarios/processed/brasil/BR_004.md,122,386,0.8316,0,OK
BR_004,dados_intermediarios/processed/brasil/BR_004.md,123,2764,0.7873,0,OK
BR_004,dados_intermediarios/processed/brasil/BR_004.md,124,879,0.818,0,OK
BR_004,dados_intermediarios/processed/brasil/BR_004.md,125,2031,0.7942,0,OK
BR_004,dados_intermediarios/processed/brasil/BR_004.md,126,294,0.8265,0,OK
BR_004,dados_intermediarios/processed/brasil/BR_004.md,127,2076,0.7967,0,OK
BR_004,dados_intermediarios/processed/brasil/BR_004.md,128,292,0.8322,0,OK
BR_004,dados_intermediarios/processed/brasil/BR_004.md,129,2242,0.8002,0,OK
BR_004,dados_intermediarios/processed/brasil/BR_004.md,130,890,0.827,0,OK
BR_004,dados_intermediarios/processed/brasil/BR_004.md,131,2191,0.8024,0,OK
BR_004,dados_intermediarios/processed/brasil/BR_004.md,132,570,0.8298,0,OK
BR_004,dados_intermediarios/processed/brasil/BR_004.md,133,1859,0.8037,0,OK
BR_004,dados_intermediarios/processed/brasil/BR_004.md,134,855,0.8316,0,OK
BR_004,dados_intermediarios/processed/brasil/BR_004.md,135,1861,0.8119,0,OK
BR_004,dados_intermediarios/processed/brasil/BR_004.md,136,395,0.838,0,OK
BR_004,dados_intermediarios/processed/brasil/BR_004.md,137,1000,0.807,0,OK
BR_004,dados_intermediarios/processed/brasil/BR_004.md,138,2685,0.8179,0,OK
BR_004,dados_intermediarios/processed/brasil/BR_004.md,139,2895,0.8097,0,OK
BR_004,dados_intermediarios/processed/brasil/BR_004.md,140,3071,0.8069,0,OK
BR_004,dados_intermediarios/processed/brasil/BR_004.md,141,2653,0.8115,0,OK
BR_004,dados_intermediarios/processed/brasil/BR_004.md,142,1283,0.8231,0,OK
BR_004,dados_intermediarios/processed/brasil/BR_004.md,143,3015,0.8113,0,OK
BR_004,dados_intermediarios/processed/brasil/BR_004.md,144,565,0.8319,0,OK
BR_004,dados_intermediarios/processed/brasil/BR_004.md,145,3719,0.8069,0,OK
BR_004,dados_intermediarios/processed/brasil/BR_004.md,146,546,0.8352,0,OK
BR_004,dados_intermediarios/processed/brasil/BR_004.md,147,3538,0.8154,0,OK
BR_004,dados_intermediarios/processed/brasil/BR_004.md,148,1983,0.821,0,OK
BR_004,dados_intermediarios/processed/brasil/BR_004.md,149,4002,0.8158,0,OK
BR_004,dados_intermediarios/processed/brasil/BR_004.md,150,309,0.8447,0,OK
BR_004,dados_intermediarios/processed/brasil/BR_004.md,151,2842,0.8107,0,OK
BR_004,dados_intermediarios/processed/brasil/BR_004.md,152,1120,0.8232,0,OK
BR_004,dados_intermediarios/processed/brasil/BR_004.md,153,3970,0.8154,0,OK
BR_004,dados_intermediarios/processed/brasil/BR_004.md,154,475,0.84,0,OK
BR_004,dados_intermediarios/processed/brasil/BR_004.md,155,2758,0.8249,0,OK
BR_004,dados_intermediarios/processed/brasil/BR_004.md,156,453,0.8609,0,OK
BR_004,dados_intermediarios/processed/brasil/BR_004.md,157,3178,0.8112,0,OK
BR_004,dados_intermediarios/processed/brasil/BR_004.md,158,1940,0.8103,0,OK
BR_004,dados_intermediarios/processed/brasil/BR_004.md,159,3268,0.8146,0,OK
BR_004,dados_intermediarios/processed/brasil/BR_004.md,160,516,0.843,0,OK
BR_004,dados_intermediarios/processed/brasil/BR_004.md,161,3234,0.8179,0,OK
BR_004,dados_intermediarios/processed/brasil/BR_004.md,162,407,0.8477,0,OK
BR_004,dados_intermediarios/processed/brasil/BR_004.md,163,2907,0.8111,0,OK
BR_004,dados_intermediarios/processed/brasil/BR_004.md,164,539,0.8293,0,OK
BR_004,dados_intermediarios/processed/brasil/BR_004.md,165,2609,0.8237,0,OK
BR_004,dados_intermediarios/processed/brasil/BR_004.md,166,672,0.8363,0,OK
BR_004,dados_intermediarios/processed/brasil/BR_004.md,167,3526,0.8009,0,OK
BR_004,dados_intermediarios/processed/brasil/BR_004.md,168,861,0.8339,0,OK
BR_004,dados_intermediarios/processed/brasil/BR_004.md,169,2902,0.8194,0,OK
BR_004,dados_intermediarios/processed/brasil/BR_004.md,170,659,0.8528,0,OK
BR_004,dados_intermediarios/processed/brasil/BR_004.md,171,2673,0.8118,0,OK
BR_004,dados_intermediarios/processed/brasil/BR_004.md,172,363,0.8485,0,OK
BR_004,dados_intermediarios/processed/brasil/BR_004.md,173,2538,0.8101,0,OK
BR_004,dados_intermediarios/processed/brasil/BR_004.md,174,274,0.8467,0,OK
BR_004,dados_intermediarios/processed/brasil/BR_004.md,175,1918,0.8019,0,OK
BR_004,dados_intermediarios/processed/brasil/BR_004.md,176,248,0.8387,0,OK
BR_004,dados_intermediarios/processed/brasil/BR_004.md,177,992,0.8145,0,OK
BR_004,dados_intermediarios/processed/brasil/BR_004.md,178,598,0.8361,0,OK
BR_004,dados_intermediarios/processed/brasil/BR_004.md,179,3099,0.8086,0,OK
BR_004,dados_intermediarios/processed/brasil/BR_004.md,180,532,0.844,0,OK
BR_004,dados_intermediarios/processed/brasil/BR_004.md,181,3140,0.8048,0,OK
BR_004,dados_intermediarios/processed/brasil/BR_004.md,182,456,0.8487,0,OK
BR_004,dados_intermediarios/processed/brasil/BR_004.md,183,2789,0.8222,0,OK
BR_004,dados_intermediarios/processed/brasil/BR_004.md,184,692,0.8353,0,OK
BR_004,dados_intermediarios/processed/brasil/BR_004.md,185,3542,0.8176,0,OK
BR_004,dados_intermediarios/processed/brasil/BR_004.md,186,665,0.8466,0,OK
BR_004,dados_intermediarios/processed/brasil/BR_004.md,187,3024,0.8105,0,OK
BR_004,dados_intermediarios/processed/brasil/BR_004.md,188,524,0.8492,0,OK
BR_004,dados_intermediarios/processed/brasil/BR_004.md,189,2681,0.8135,0,OK
BR_004,dados_intermediarios/processed/brasil/BR_004.md,190,202,0.8317,0,OK
BR_004,dados_intermediarios/processed/brasil/BR_004.md,191,2157,0.7997,0,OK
BR_004,dados_intermediarios/processed/brasil/BR_004.md,192,305,0.8525,0,OK
BR_004,dados_intermediarios/processed/brasil/BR_004.md,193,1430,0.8021,0,OK
BR_004,dados_intermediarios/processed/brasil/BR_004.md,195,2448,0.8145,0,OK
BR_004,dados_intermediarios/processed/brasil/BR_004.md,196,2387,0.8098,0,OK
BR_004,dados_intermediarios/processed/brasil/BR_004.md,197,2564,0.8167,0,OK
BR_004,dados_intermediarios/processed/brasil/BR_004.md,198,2688,0.8166,0,OK
BR_004,dados_intermediarios/processed/brasil/BR_004.md,199,2387,0.8165,0,OK
BR_004,dados_intermediarios/processed/brasil/BR_004.md,200,1859,0.8176,0,OK
BR_004,dados_intermediarios/processed/brasil/BR_004.md,201,1411,0.8207,0,OK
BR_004,dados_intermediarios/processed/brasil/BR_004.md,202,321,0.8411,0,OK
BR_004,dados_intermediarios/processed/brasil/BR_004.md,203,2186,0.817,0,OK
BR_004,dados_intermediarios/processed/brasil/BR_004.md,204,410,0.839,0,OK
BR_004,dados_intermediarios/processed/brasil/BR_004.md,205,3177,0.8231,0,OK
BR_004,dados_intermediarios/processed/brasil/BR_004.md,207,991,0.8163,0,OK
BR_004,dados_intermediarios/processed/brasil/BR_004.md,208,292,0.8322,0,OK
BR_004,dados_intermediarios/processed/brasil/BR_004.md,209,3152,0.8195,0,OK
BR_004,dados_intermediarios/processed/brasil/BR_004.md,210,304,0.8322,0,OK
BR_004,dados_intermediarios/processed/brasil/BR_004.md,211,3109,0.8247,0,OK
BR_004,dados_intermediarios/processed/brasil/BR_004.md,212,244,0.832,0,OK
BR_004,dados_intermediarios/processed/brasil/BR_004.md,213,1051,0.8268,0,OK
BR_004,dados_intermediarios/processed/brasil/BR_004.md,215,2413,0.8193,0,OK
BR_004,dados_intermediarios/processed/brasil/BR_004.md,216,2842,0.811,0,OK
BR_004,dados_intermediarios/processed/brasil/BR_004.md,217,2778,0.8225,0,OK
BR_004,dados_intermediarios/processed/brasil/BR_004.md,218,2361,0.792,0,OK
BR_004,dados_intermediarios/processed/brasil/BR_004.md,219,2854,0.8185,0,OK
BR_004,dados_intermediarios/processed/brasil/BR_004.md,220,2814,0.8181,0,OK
BR_004,dados_intermediarios/processed/brasil/BR_004.md,221,2630,0.8137,0,OK
BR_004,dados_intermediarios/processed/brasil/BR_004.md,222,2657,0.8141,0,OK
BR_004,dados_intermediarios/processed/brasil/BR_004.md,223,2547,0.8178,0,OK
BR_004,dados_intermediarios/processed/brasil/BR_004.md,224,2485,0.8193,0,OK
BR_004,dados_intermediarios/processed/brasil/BR_004.md,225,1798,0.8265,0,OK
BR_004,dados_intermediarios/processed/brasil/BR_004.md,226,1948,0.8178,0,OK
BR_004,dados_intermediarios/processed/brasil/BR_004.md,227,730,0.8288,0,OK
BR_004,dados_intermediarios/processed/brasil/BR_004.md,228,343,0.8426,0,OK
BR_004,dados_intermediarios/processed/brasil/BR_004.md,229,2610,0.8234,0,OK
BR_004,dados_intermediarios/processed/brasil/BR_004.md,230,498,0.8293,0,OK
BR_004,dados_intermediarios/processed/brasil/BR_004.md,231,3321,0.8238,0,OK
BR_004,dados_intermediarios/processed/brasil/BR_004.md,233,1879,0.8191,0,OK
BR_004,dados_intermediarios/processed/brasil/BR_004.md,234,319,0.8527,0,OK
BR_004,dados_intermediarios/processed/brasil/BR_004.md,235,2339,0.8311,0,OK
BR_004,dados_intermediarios/processed/brasil/BR_004.md,236,218,0.8303,0,OK
BR_004,dados_intermediarios/processed/brasil/BR_004.md,237,1406,0.8257,0,OK
BR_004,dados_intermediarios/processed/brasil/BR_004.md,238,318,0.8428,0,OK
BR_004,dados_intermediarios/processed/brasil/BR_004.md,239,3014,0.8222,0,OK
BR_004,dados_intermediarios/processed/brasil/BR_004.md,240,221,0.8281,0,OK
BR_004,dados_intermediarios/processed/brasil/BR_004.md,241,1141,0.8344,0,OK
BR_004,dados_intermediarios/processed/brasil/BR_004.md,243,2809,0.8067,0,OK
BR_004,dados_intermediarios/processed/brasil/BR_004.md,244,3012,0.8035,0,OK
BR_004,dados_intermediarios/processed/brasil/BR_004.md,245,2967,0.8102,0,OK
BR_004,dados_intermediarios/processed/brasil/BR_004.md,246,2771,0.817,0,OK
BR_004,dados_intermediarios/processed/brasil/BR_004.md,247,3035,0.8115,0,OK
BR_004,dados_intermediarios/processed/brasil/BR_004.md,248,2478,0.8249,0,OK
BR_004,dados_intermediarios/processed/brasil/BR_004.md,249,1036,0.8118,0,OK
BR_004,dados_intermediarios/processed/brasil/BR_004.md,250,1250,0.8272,0,OK
BR_004,dados_intermediarios/processed/brasil/BR_004.md,251,1557,0.8189,0,OK
BR_004,dados_intermediarios/processed/brasil/BR_004.md,252,1564,0.8242,0,OK
BR_004,dados_intermediarios/processed/brasil/BR_004.md,253,1787,0.8075,0,OK
BR_004,dados_intermediarios/processed/brasil/BR_004.md,254,1215,0.8313,0,OK
BR_004,dados_intermediarios/processed/brasil/BR_004.md,255,1409,0.8105,0,OK
BR_004,dados_intermediarios/processed/brasil/BR_004.md,256,1621,0.8254,0,OK
BR_004,dados_intermediarios/processed/brasil/BR_004.md,257,1611,0.8057,0,OK
BR_004,dados_intermediarios/processed/brasil/BR_004.md,258,1716,0.8293,0,OK
BR_004,dados_intermediarios/processed/brasil/BR_004.md,259,1989,0.816,0,OK
BR_004,dados_intermediarios/processed/brasil/BR_004.md,260,969,0.8369,0,OK
BR_004,dados_intermediarios/processed/brasil/BR_004.md,261,1241,0.8171,0,OK
BR_004,dados_intermediarios/processed/brasil/BR_004.md,262,1022,0.8327,0,OK
BR_004,dados_intermediarios/processed/brasil/BR_004.md,263,1355,0.817,0,OK
BR_004,dados_intermediarios/processed/brasil/BR_004.md,264,1580,0.8222,0,OK
BR_004,dados_intermediarios/processed/brasil/BR_004.md,265,1953,0.8162,0,OK
BR_004,dados_intermediarios/processed/brasil/BR_004.md,267,2056,0.8186,0,OK
BR_004,dados_intermediarios/processed/brasil/BR_004.md,268,2551,0.8256,0,OK
BR_004,dados_intermediarios/processed/brasil/BR_004.md,269,2544,0.8274,0,OK
BR_004,dados_intermediarios/processed/brasil/BR_004.md,270,2582,0.8226,0,OK
BR_004,dados_intermediarios/processed/brasil/BR_004.md,271,2766,0.8185,0,OK
BR_004,dados_intermediarios/processed/brasil/BR_004.md,272,2774,0.81,0,OK
BR_004,dados_intermediarios/processed/brasil/BR_004.md,273,2602,0.824,0,OK
BR_004,dados_intermediarios/processed/brasil/BR_004.md,274,2752,0.8187,0,OK
BR_004,dados_intermediarios/processed/brasil/BR_004.md,275,2765,0.8072,0,OK
BR_004,dados_intermediarios/processed/brasil/BR_004.md,276,2706,0.8137,0,OK
BR_004,dados_intermediarios/processed/brasil/BR_004.md,277,2516,0.8144,0,OK
BR_004,dados_intermediarios/processed/brasil/BR_004.md,278,2696,0.8142,0,OK
BR_004,dados_intermediarios/processed/brasil/BR_004.md,279,819,0.8107,0,OK
BR_004,dados_intermediarios/processed/brasil/BR_004.md,280,1260,0.8286,0,OK
BR_004,dados_intermediarios/processed/brasil/BR_004.md,281,2714,0.8091,0,OK
BR_004,dados_intermediarios/processed/brasil/BR_004.md,282,577,0.8284,0,OK
BR_004,dados_intermediarios/processed/brasil/BR_004.md,283,1308,0.8043,0,OK
BR_004,dados_intermediarios/processed/brasil/BR_004.md,284,1240,0.8274,0,OK
BR_004,dados_intermediarios/processed/brasil/BR_004.md,285,2747,0.8082,0,OK
BR_004,dados_intermediarios/processed/brasil/BR_004.md,286,774,0.8152,0,OK
BR_004,dados_intermediarios/processed/brasil/BR_004.md,287,1452,0.8161,0,OK
BR_004,dados_intermediarios/processed/brasil/BR_004.md,288,1137,0.832,0,OK
BR_004,dados_intermediarios/processed/brasil/BR_004.md,289,2834,0.8165,0,OK
BR_004,dados_intermediarios/processed/brasil/BR_004.md,290,1248,0.8293,0,OK
BR_004,dados_intermediarios/processed/brasil/BR_004.md,291,2547,0.8186,0,OK
BR_004,dados_intermediarios/processed/brasil/BR_004.md,292,1158,0.8256,0,OK
BR_004,dados_intermediarios/processed/brasil/BR_004.md,293,2909,0.8209,0,OK
BR_004,dados_intermediarios/processed/brasil/BR_004.md,294,1385,0.8296,0,OK
BR_004,dados_intermediarios/processed/brasil/BR_004.md,295,2848,0.822,0,OK
BR_004,dados_intermediarios/processed/brasil/BR_004.md,296,1161,0.8303,0,OK
BR_004,dados_intermediarios/processed/brasil/BR_004.md,297,2880,0.817,0,OK
BR_004,dados_intermediarios/processed/brasil/BR_004.md,298,1136,0.8363,0,OK
BR_004,dados_intermediarios/processed/brasil/BR_004.md,299,2493,0.8243,0,OK
BR_004,dados_intermediarios/processed/brasil/BR_004.md,300,2453,0.8267,0,OK
BR_004,dados_intermediarios/processed/brasil/BR_004.md,301,1441,0.8182,0,OK
BR_004,dados_intermediarios/processed/brasil/BR_004.md,302,911,0.8189,0,OK
BR_004,dados_intermediarios/processed/brasil/BR_004.md,303,2758,0.8151,0,OK
BR_004,dados_intermediarios/processed/brasil/BR_004.md,304,1067,0.8229,0,OK
BR_004,dados_intermediarios/processed/brasil/BR_004.md,305,2978,0.8163,0,OK
BR_004,dados_intermediarios/processed/brasil/BR_004.md,306,787,0.8348,0,OK
BR_004,dados_intermediarios/processed/brasil/BR_004.md,307,1222,0.8265,0,OK
BR_004,dados_intermediarios/processed/brasil/BR_004.md,308,815,0.8356,0,OK
BR_004,dados_intermediarios/processed/brasil/BR_004.md,309,2826,0.8195,0,OK
BR_004,dados_intermediarios/processed/brasil/BR_004.md,310,989,0.8413,0,OK
BR_004,dados_intermediarios/processed/brasil/BR_004.md,311,2824,0.8222,0,OK
BR_004,dados_intermediarios/processed/brasil/BR_004.md,312,572,0.8374,0,OK
BR_004,dados_intermediarios/processed/brasil/BR_004.md,313,870,0.8299,0,OK
BR_004,dados_intermediarios/processed/brasil/BR_004.md,314,654,0.8394,0,OK
BR_004,dados_intermediarios/processed/brasil/BR_004.md,315,2083,0.8277,0,OK
BR_004,dados_intermediarios/processed/brasil/BR_004.md,316,1013,0.8361,0,OK
BR_004,dados_intermediarios/processed/brasil/BR_004.md,317,2704,0.8136,0,OK
BR_004,dados_intermediarios/processed/brasil/BR_004.md,318,937,0.8495,0,OK
BR_004,dados_intermediarios/processed/brasil/BR_004.md,319,2276,0.8282,0,OK
BR_004,dados_intermediarios/processed/brasil/BR_004.md,320,1103,0.8441,0,OK
BR_004,dados_intermediarios/processed/brasil/BR_004.md,321,2388,0.8216,0,OK
BR_004,dados_intermediarios/processed/brasil/BR_004.md,323,2208,0.8143,0,OK
BR_004,dados_intermediarios/processed/brasil/BR_004.md,324,1272,0.8294,0,OK
BR_004,dados_intermediarios/processed/brasil/BR_004.md,325,1742,0.8152,0,OK
BR_004,dados_intermediarios/processed/brasil/BR_004.md,326,2690,0.8227,0,OK
BR_004,dados_intermediarios/processed/brasil/BR_004.md,327,2446,0.8091,0,OK
BR_004,dados_intermediarios/processed/brasil/BR_004.md,328,2804,0.8178,0,OK
BR_004,dados_intermediarios/processed/brasil/BR_004.md,329,2789,0.8179,0,OK
BR_004,dados_intermediarios/processed/brasil/BR_004.md,330,2695,0.8122,0,OK
BR_004,dados_intermediarios/processed/brasil/BR_004.md,331,2658,0.819,0,OK
BR_004,dados_intermediarios/processed/brasil/BR_004.md,332,1603,0.8172,0,OK
BR_004,dados_intermediarios/processed/brasil/BR_004.md,333,1868,0.8175,0,OK
BR_004,dados_intermediarios/processed/brasil/BR_004.md,334,233,0.8369,0,OK
BR_004,dados_intermediarios/processed/brasil/BR_004.md,335,1064,0.8055,0,OK
BR_004,dados_intermediarios/processed/brasil/BR_004.md,336,317,0.8202,0,OK
BR_004,dados_intermediarios/processed/brasil/BR_004.md,337,1450,0.7979,0,OK
BR_004,dados_intermediarios/processed/brasil/BR_004.md,338,321,0.8349,0,OK
BR_004,dados_intermediarios/processed/brasil/BR_004.md,339,1879,0.8031,0,OK
BR_004,dados_intermediarios/processed/brasil/BR_004.md,340,307,0.8469,0,OK
BR_004,dados_intermediarios/processed/brasil/BR_004.md,341,1856,0.8157,0,OK
BR_004,dados_intermediarios/processed/brasil/BR_004.md,342,457,0.8512,0,OK
BR_004,dados_intermediarios/processed/brasil/BR_004.md,343,2809,0.8174,0,OK
BR_004,dados_intermediarios/processed/brasil/BR_004.md,345,1897,0.8086,0,OK
BR_004,dados_intermediarios/processed/brasil/BR_004.md,346,387,0.845,0,OK
BR_004,dados_intermediarios/processed/brasil/BR_004.md,347,2598,0.8145,0,OK
BR_004,dados_intermediarios/processed/brasil/BR_004.md,348,546,0.8315,0,OK
BR_004,dados_intermediarios/processed/brasil/BR_004.md,349,3607,0.8231,0,OK
BR_004,dados_intermediarios/processed/brasil/BR_004.md,350,363,0.8375,0,OK
BR_004,dados_intermediarios/processed/brasil/BR_004.md,351,3125,0.8195,0,OK
BR_004,dados_intermediarios/processed/brasil/BR_004.md,352,490,0.8469,0,OK
BR_004,dados_intermediarios/processed/brasil/BR_004.md,353,3606,0.8242,0,OK
BR_004,dados_intermediarios/processed/brasil/BR_004.md,355,2466,0.8163,0,OK
BR_004,dados_intermediarios/processed/brasil/BR_004.md,356,2621,0.813,0,OK
BR_004,dados_intermediarios/processed/brasil/BR_004.md,357,2776,0.8062,0,OK
BR_004,dados_intermediarios/processed/brasil/BR_004.md,358,2723,0.8083,0,OK
BR_004,dados_intermediarios/processed/brasil/BR_004.md,359,2238,0.8235,0,OK
BR_004,dados_intermediarios/processed/brasil/BR_004.md,361,2090,0.8177,0,OK
BR_004,dados_intermediarios/processed/brasil/BR_004.md,362,2139,0.806,0,OK
BR_004,dados_intermediarios/processed/brasil/BR_004.md,363,2653,0.8198,0,OK
BR_004,dados_intermediarios/processed/brasil/BR_004.md,364,2763,0.8136,0,OK
BR_004,dados_intermediarios/processed/brasil/BR_004.md,365,2806,0.8204,0,OK
BR_004,dados_intermediarios/processed/brasil/BR_004.md,366,2800,0.8161,0,OK
BR_004,dados_intermediarios/processed/brasil/BR_004.md,367,2756,0.8164,0,OK
BR_004,dados_intermediarios/processed/brasil/BR_004.md,368,2314,0.8276,0,OK
BR_004,dados_intermediarios/processed/brasil/BR_004.md,369,2164,0.8115,0,OK
BR_004,dados_intermediarios/processed/brasil/BR_004.md,370,2177,0.8167,0,OK
BR_004,dados_intermediarios/processed/brasil/BR_004.md,371,643,0.8336,0,OK
BR_004,dados_intermediarios/processed/brasil/BR_004.md,372,509,0.8212,0,OK
BR_004,dados_intermediarios/processed/brasil/BR_004.md,373,1713,0.8126,0,OK
BR_004,dados_intermediarios/processed/brasil/BR_004.md,374,608,0.8224,0,OK
BR_004,dados_intermediarios/processed/brasil/BR_004.md,375,1809,0.8098,0,OK
BR_004,dados_intermediarios/processed/brasil/BR_004.md,376,471,0.8344,0,OK
BR_004,dados_intermediarios/processed/brasil/BR_004.md,377,1918,0.8238,0,OK
BR_004,dados_intermediarios/processed/brasil/BR_004.md,378,634,0.8423,0,OK
BR_004,dados_intermediarios/processed/brasil/BR_004.md,379,2002,0.8207,0,OK
BR_004,dados_intermediarios/processed/brasil/BR_004.md,380,571,0.8389,0,OK
BR_004,dados_intermediarios/processed/brasil/BR_004.md,381,2069,0.825,0,OK
BR_004,dados_intermediarios/processed/brasil/BR_004.md,383,2469,0.8181,0,OK
BR_004,dados_intermediarios/processed/brasil/BR_004.md,384,2726,0.814,0,OK
BR_004,dados_intermediarios/processed/brasil/BR_004.md,385,2631,0.816,0,OK
BR_004,dados_intermediarios/processed/brasil/BR_004.md,386,521,0.8464,0,OK
BR_004,dados_intermediarios/processed/brasil/BR_004.md,387,2124,0.8244,0,OK
BR_004,dados_intermediarios/processed/brasil/BR_004.md,388,519,0.8401,0,OK
BR_004,dados_intermediarios/processed/brasil/BR_004.md,389,2372,0.8314,0,OK
BR_004,dados_intermediarios/processed/brasil/BR_004.md,390,349,0.8338,0,OK
BR_004,dados_intermediarios/processed/brasil/BR_004.md,391,2629,0.8231,0,OK
BR_004,dados_intermediarios/processed/brasil/BR_004.md,392,627,0.8325,0,OK
BR_004,dados_intermediarios/processed/brasil/BR_004.md,393,2917,0.821,0,OK
BR_004,dados_intermediarios/processed/brasil/BR_004.md,394,638,0.8339,0,OK
BR_004,dados_intermediarios/processed/brasil/BR_004.md,395,2482,0.8304,0,OK
BR_004,dados_intermediarios/processed/brasil/BR_004.md,396,413,0.8281,0,OK
BR_004,dados_intermediarios/processed/brasil/BR_004.md,397,1043,0.8293,0,OK
BR_004,dados_intermediarios/processed/brasil/BR_004.md,399,2562,0.8017,0,OK
BR_004,dados_intermediarios/processed/brasil/BR_004.md,400,2545,0.8067,0,OK
BR_004,dados_intermediarios/processed/brasil/BR_004.md,401,2917,0.8125,0,OK
BR_004,dados_intermediarios/processed/brasil/BR_004.md,402,2823,0.8105,0,OK
BR_004,dados_intermediarios/processed/brasil/BR_004.md,403,2841,0.8229,0,OK
BR_004,dados_intermediarios/processed/brasil/BR_004.md,404,2315,0.8276,0,OK
BR_004,dados_intermediarios/processed/brasil/BR_004.md,405,2376,0.795,0,OK
BR_004,dados_intermediarios/processed/brasil/BR_004.md,406,2495,0.7936,0,OK
BR_004,dados_intermediarios/processed/brasil/BR_004.md,407,831,0.8171,0,OK
BR_004,dados_intermediarios/processed/brasil/BR_004.md,408,702,0.7963,0,OK
BR_004,dados_intermediarios/processed/brasil/BR_004.md,409,1146,0.8202,0,OK
BR_004,dados_intermediarios/processed/brasil/BR_004.md,410,760,0.7974,0,OK
BR_004,dados_intermediarios/processed/brasil/BR_004.md,411,1625,0.8215,0,OK
BR_004,dados_intermediarios/processed/brasil/BR_004.md,412,848,0.7889,0,OK
BR_004,dados_intermediarios/processed/brasil/BR_004.md,413,2157,0.8132,0,OK
BR_004,dados_intermediarios/processed/brasil/BR_004.md,414,1176,0.8138,0,OK
BR_004,dados_intermediarios/processed/brasil/BR_004.md,415,1905,0.8231,0,OK
BR_004,dados_intermediarios/processed/brasil/BR_004.md,416,692,0.8121,0,OK
BR_004,dados_intermediarios/processed/brasil/BR_004.md,417,1558,0.8203,0,OK
BR_004,dados_intermediarios/processed/brasil/BR_004.md,418,2221,0.8136,0,OK
BR_004,dados_intermediarios/processed/brasil/BR_004.md,419,3055,0.7912,0,OK
BR_004,dados_intermediarios/processed/brasil/BR_004.md,420,2647,0.8043,0,OK
BR_004,dados_intermediarios/processed/brasil/BR_004.md,421,1359,0.8035,0,OK
BR_004,dados_intermediarios/processed/brasil/BR_004.md,422,1726,0.81,0,OK
BR_004,dados_intermediarios/processed/brasil/BR_004.md,423,2833,0.8239,0,OK
BR_004,dados_intermediarios/processed/brasil/BR_004.md,424,1423,0.8264,0,OK
BR_004,dados_intermediarios/processed/brasil/BR_004.md,425,2671,0.8278,0,OK
BR_004,dados_intermediarios/processed/brasil/BR_004.md,426,819,0.8254,0,OK
BR_004,dados_intermediarios/processed/brasil/BR_004.md,427,2245,0.8298,0,OK
BR_004,dados_intermediarios/processed/brasil/BR_004.md,428,1353,0.8115,0,OK
BR_004,dados_intermediarios/processed/brasil/BR_004.md,429,2044,0.8268,0,OK
BR_004,dados_intermediarios/processed/brasil/BR_004.md,430,1332,0.8288,0,OK
BR_004,dados_intermediarios/processed/brasil/BR_004.md,431,2577,0.8242,0,OK
BR_004,dados_intermediarios/processed/brasil/BR_004.md,432,885,0.8158,0,OK
BR_004,dados_intermediarios/processed/brasil/BR_004.md,433,1987,0.8234,0,OK
BR_004,dados_intermediarios/processed/brasil/BR_004.md,434,734,0.8188,0,OK
BR_004,dados_intermediarios/processed/brasil/BR_004.md,435,1589,0.832,0,OK
BR_004,dados_intermediarios/processed/brasil/BR_004.md,437,2836,0.8029,0,OK
BR_004,dados_intermediarios/processed/brasil/BR_004.md,438,2539,0.8228,0,OK
BR_004,dados_intermediarios/processed/brasil/BR_004.md,439,2234,0.8169,0,OK
BR_004,dados_intermediarios/processed/brasil/BR_004.md,440,2294,0.8034,0,OK
BR_004,dados_intermediarios/processed/brasil/BR_004.md,441,2551,0.822,0,OK
BR_004,dados_intermediarios/processed/brasil/BR_004.md,442,2446,0.8107,0,OK
BR_004,dados_intermediarios/processed/brasil/BR_004.md,443,1145,0.8131,0,OK
BR_004,dados_intermediarios/processed/brasil/BR_004.md,444,376,0.8218,0,OK
BR_004,dados_intermediarios/processed/brasil/BR_004.md,445,615,0.813,0,OK
BR_004,dados_intermediarios/processed/brasil/BR_004.md,446,261,0.8429,0,OK
BR_004,dados_intermediarios/processed/brasil/BR_004.md,447,807,0.8377,0,OK
BR_004,dados_intermediarios/processed/brasil/BR_004.md,448,238,0.8655,0,OK
BR_004,dados_intermediarios/processed/brasil/BR_004.md,449,858,0.8473,0,OK
BR_004,dados_intermediarios/processed/brasil/BR_004.md,450,248,0.8387,0,OK
BR_004,dados_intermediarios/processed/brasil/BR_004.md,451,990,0.8333,0,OK
BR_004,dados_intermediarios/processed/brasil/BR_004.md,452,229,0.8472,0,OK
BR_004,dados_intermediarios/processed/brasil/BR_004.md,453,869,0.8274,0,OK
BR_004,dados_intermediarios/processed/brasil/BR_004.md,454,388,0.8299,0,OK
BR_004,dados_intermediarios/processed/brasil/BR_004.md,455,976,0.8289,0,OK
BR_004,dados_intermediarios/processed/brasil/BR_004.md,456,290,0.8586,0,OK
BR_004,dados_intermediarios/processed/brasil/BR_004.md,457,1054,0.8387,0,OK
BR_004,dados_intermediarios/processed/brasil/BR_004.md,458,285,0.8386,0,OK
BR_004,dados_intermediarios/processed/brasil/BR_004.md,459,924,0.8301,0,OK
BR_004,dados_intermediarios/processed/brasil/BR_004.md,460,213,0.8357,0,OK
BR_004,dados_intermediarios/processed/brasil/BR_004.md,461,1081,0.8261,0,OK
BR_004,dados_intermediarios/processed/brasil/BR_004.md,463,538,0.8123,0,OK
BR_004,dados_intermediarios/processed/brasil/BR_004.md,464,2132,0.803,0,OK
BR_004,dados_intermediarios/processed/brasil/BR_004.md,465,2189,0.8205,0,OK
BR_004,dados_intermediarios/processed/brasil/BR_004.md,466,2078,0.809,0,OK
BR_004,dados_intermediarios/processed/brasil/BR_004.md,467,2285,0.8131,0,OK
BR_004,dados_intermediarios/processed/brasil/BR_004.md,468,2249,0.8124,0,OK
BR_004,dados_intermediarios/processed/brasil/BR_004.md,469,1960,0.8148,0,OK
BR_004,dados_intermediarios/processed/brasil/BR_004.md,470,2879,0.7972,0,OK
BR_004,dados_intermediarios/processed/brasil/BR_004.md,471,1917,0.8049,0,OK
BR_004,dados_intermediarios/processed/brasil/BR_004.md,472,3032,0.7962,0,OK
BR_004,dados_intermediarios/processed/brasil/BR_004.md,473,2585,0.8209,0,OK
BR_004,dados_intermediarios/processed/brasil/BR_004.md,474,2592,0.8183,0,OK
BR_004,dados_intermediarios/processed/brasil/BR_004.md,475,2368,0.815,0,OK
BR_004,dados_intermediarios/processed/brasil/BR_004.md,476,2523,0.8177,0,OK
BR_004,dados_intermediarios/processed/brasil/BR_004.md,477,1892,0.8081,0,OK
BR_004,dados_intermediarios/processed/brasil/BR_004.md,478,1998,0.7963,0,OK
BR_004,dados_intermediarios/processed/brasil/BR_004.md,479,2352,0.8274,0,OK
BR_004,dados_intermediarios/processed/brasil/BR_004.md,480,2329,0.8227,0,OK
BR_004,dados_intermediarios/processed/brasil/BR_004.md,481,2371,0.814,0,OK
BR_004,dados_intermediarios/processed/brasil/BR_004.md,483,2513,0.8233,0,OK
BR_004,dados_intermediarios/processed/brasil/BR_004.md,484,2739,0.8142,0,OK
BR_004,dados_intermediarios/processed/brasil/BR_004.md,485,2792,0.8155,0,OK
BR_004,dados_intermediarios/processed/brasil/BR_004.md,486,2754,0.8148,0,OK
BR_004,dados_intermediarios/processed/brasil/BR_004.md,487,2686,0.8179,0,OK
BR_004,dados_intermediarios/processed/brasil/BR_004.md,488,2932,0.8186,0,OK
BR_004,dados_intermediarios/processed/brasil/BR_004.md,489,3189,0.8115,0,OK
BR_004,dados_intermediarios/processed/brasil/BR_004.md,490,2640,0.8125,0,OK
BR_004,dados_intermediarios/processed/brasil/BR_004.md,491,2828,0.8278,0,OK
BR_004,dados_intermediarios/processed/brasil/BR_004.md,492,2665,0.8199,0,OK
BR_004,dados_intermediarios/processed/brasil/BR_004.md,493,2457,0.8331,0,OK
BR_004,dados_intermediarios/processed/brasil/BR_004.md,494,2792,0.8202,0,OK
BR_004,dados_intermediarios/processed/brasil/BR_004.md,495,2725,0.8253,0,OK
BR_004,dados_intermediarios/processed/brasil/BR_004.md,496,1682,0.8199,0,OK
BR_004,dados_intermediarios/processed/brasil/BR_004.md,497,2254,0.8336,0,OK
BR_004,dados_intermediarios/processed/brasil/BR_004.md,498,3246,0.8275,0,OK
BR_004,dados_intermediarios/processed/brasil/BR_004.md,499,2141,0.8174,0,OK
BR_004,dados_intermediarios/processed/brasil/BR_004.md,500,2705,0.8163,0,OK
BR_004,dados_intermediarios/processed/brasil/BR_004.md,501,2476,0.8069,0,OK
BR_004,dados_intermediarios/processed/brasil/BR_004.md,502,3203,0.8149,0,OK
BR_004,dados_intermediarios/processed/brasil/BR_004.md,503,2132,0.8194,0,OK
BR_004,dados_intermediarios/processed/brasil/BR_004.md,504,2767,0.8215,0,OK
BR_004,dados_intermediarios/processed/brasil/BR_004.md,505,2846,0.8201,0,OK
BR_004,dados_intermediarios/processed/brasil/BR_004.md,506,2604,0.8122,0,OK
BR_004,dados_intermediarios/processed/brasil/BR_004.md,507,2261,0.801,0,OK
BR_004,dados_intermediarios/processed/brasil/BR_004.md,508,2557,0.8252,0,OK
BR_004,dados_intermediarios/processed/brasil/BR_004.md,509,2398,0.8186,0,OK
BR_004,dados_intermediarios/processed/brasil/BR_004.md,510,2231,0.8077,0,OK
BR_004,dados_intermediarios/processed/brasil/BR_004.md,511,2162,0.8113,0,OK
BR_004,dados_intermediarios/processed/brasil/BR_004.md,512,2694,0.8118,0,OK
BR_004,dados_intermediarios/processed/brasil/BR_004.md,513,2093,0.8075,0,OK
BR_004,dados_intermediarios/processed/brasil/BR_004.md,514,2746,0.8168,0,OK
BR_004,dados_intermediarios/processed/brasil/BR_004.md,515,2712,0.8064,0,OK
BR_004,dados_intermediarios/processed/brasil/BR_004.md,516,2465,0.8187,0,OK
BR_004,dados_intermediarios/processed/brasil/BR_004.md,517,3132,0.819,0,OK
BR_004,dados_intermediarios/processed/brasil/BR_004.md,518,2627,0.8135,0,OK
BR_004,dados_intermediarios/processed/brasil/BR_004.md,519,1902,0.8244,0,OK
BR_004,dados_intermediarios/processed/brasil/BR_004.md,520,1654,0.8186,0,OK
BR_004,dados_intermediarios/processed/brasil/BR_004.md,521,2819,0.8148,0,OK
BR_004,dados_intermediarios/processed/brasil/BR_004.md,522,887,0.8241,0,OK
BR_004,dados_intermediarios/processed/brasil/BR_004.md,523,2427,0.8138,0,OK
BR_004,dados_intermediarios/processed/brasil/BR_004.md,524,2413,0.8164,0,OK
BR_004,dados_intermediarios/processed/brasil/BR_004.md,525,3114,0.8173,0,OK
BR_004,dados_intermediarios/processed/brasil/BR_004.md,526,2942,0.8154,0,OK
BR_004,dados_intermediarios/processed/brasil/BR_004.md,527,2331,0.8202,0,OK
BR_004,dados_intermediarios/processed/brasil/BR_004.md,528,1319,0.8074,0,OK
BR_004,dados_intermediarios/processed/brasil/BR_004.md,529,2165,0.8176,0,OK
BR_004,dados_intermediarios/processed/brasil/BR_004.md,530,2530,0.8249,0,OK
BR_004,dados_intermediarios/processed/brasil/BR_004.md,531,2652,0.8239,0,OK
BR_004,dados_intermediarios/processed/brasil/BR_004.md,532,2287,0.8212,0,OK
BR_004,dados_intermediarios/processed/brasil/BR_004.md,533,1686,0.8304,0,OK
BR_004,dados_intermediarios/processed/brasil/BR_004.md,534,1497,0.8236,0,OK
BR_004,dados_intermediarios/processed/brasil/BR_004.md,535,1745,0.8275,0,OK
BR_004,dados_intermediarios/processed/brasil/BR_004.md,536,2430,0.83,0,OK
BR_004,dados_intermediarios/processed/brasil/BR_004.md,537,2961,0.8288,0,OK
BR_004,dados_intermediarios/processed/brasil/BR_004.md,538,2900,0.8245,0,OK
BR_004,dados_intermediarios/processed/brasil/BR_004.md,539,1715,0.8257,0,OK
BR_004,dados_intermediarios/processed/brasil/BR_004.md,540,1723,0.8282,0,OK
BR_004,dados_intermediarios/processed/brasil/BR_004.md,541,1922,0.8262,0,OK
BR_004,dados_intermediarios/processed/brasil/BR_004.md,542,2006,0.835,0,OK
BR_004,dados_intermediarios/processed/brasil/BR_004.md,543,2555,0.8278,0,OK
BR_004,dados_intermediarios/processed/brasil/BR_004.md,544,1638,0.8199,0,OK
BR_004,dados_intermediarios/processed/brasil/BR_004.md,545,2732,0.832,0,OK
BR_004,dados_intermediarios/processed/brasil/BR_004.md,546,2607,0.8232,0,OK
BR_004,dados_intermediarios/processed/brasil/BR_004.md,547,3058,0.8224,0,OK
BR_004,dados_intermediarios/processed/brasil/BR_004.md,548,2401,0.8259,0,OK
BR_004,dados_intermediarios/processed/brasil/BR_004.md,549,2151,0.8136,0,OK
BR_004,dados_intermediarios/processed/brasil/BR_004.md,550,1925,0.8275,0,OK
BR_004,dados_intermediarios/processed/brasil/BR_004.md,551,2357,0.8146,0,OK
BR_004,dados_intermediarios/processed/brasil/BR_004.md,552,2326,0.8242,0,OK
BR_004,dados_intermediarios/processed/brasil/BR_004.md,553,2416,0.82,0,OK
BR_004,dados_intermediarios/processed/brasil/BR_004.md,554,1591,0.8259,0,OK
BR_004,dados_intermediarios/processed/brasil/BR_004.md,555,1161,0.8277,0,OK
BR_004,dados_intermediarios/processed/brasil/BR_004.md,556,1853,0.8273,0,OK
BR_004,dados_intermediarios/processed/brasil/BR_004.md,557,2521,0.8263,0,OK
BR_004,dados_intermediarios/processed/brasil/BR_004.md,558,2581,0.8245,0,OK
BR_004,dados_intermediarios/processed/brasil/BR_004.md,559,2911,0.8251,0,OK
BR_004,dados_intermediarios/processed/brasil/BR_004.md,560,2943,0.8281,0,OK
BR_004,dados_intermediarios/processed/brasil/BR_004.md,561,3296,0.8313,0,OK
BR_004,dados_intermediarios/processed/brasil/BR_004.md,562,1036,0.832,0,OK
BR_004,dados_intermediarios/processed/brasil/BR_004.md,563,2415,0.8104,0,OK
BR_004,dados_intermediarios/processed/brasil/BR_004.md,564,2482,0.8179,0,OK
BR_004,dados_intermediarios/processed/brasil/BR_004.md,565,2666,0.811,0,OK
BR_004,dados_intermediarios/processed/brasil/BR_004.md,566,2673,0.8223,0,OK
BR_004,dados_intermediarios/processed/brasil/BR_004.md,567,2765,0.8134,0,OK
BR_004,dados_intermediarios/processed/brasil/BR_004.md,568,2703,0.8135,0,OK
BR_004,dados_intermediarios/processed/brasil/BR_004.md,569,2680,0.8123,0,OK
BR_004,dados_intermediarios/processed/brasil/BR_004.md,570,2538,0.818,0,OK
BR_004,dados_intermediarios/processed/brasil/BR_004.md,571,1574,0.8234,0,OK
BR_004,dados_intermediarios/processed/brasil/BR_004.md,572,1735,0.8242,0,OK
BR_004,dados_intermediarios/processed/brasil/BR_004.md,573,1418,0.8378,0,OK
BR_004,dados_intermediarios/processed/brasil/BR_004.md,574,2039,0.8323,0,OK
BR_004,dados_intermediarios/processed/brasil/BR_004.md,575,2993,0.8243,0,OK
BR_004,dados_intermediarios/processed/brasil/BR_004.md,576,1329,0.8269,0,OK
BR_004,dados_intermediarios/processed/brasil/BR_004.md,577,2001,0.8376,0,OK
BR_004,dados_intermediarios/processed/brasil/BR_004.md,578,2079,0.8321,0,OK
BR_004,dados_intermediarios/processed/brasil/BR_004.md,579,2134,0.829,0,OK
BR_004,dados_intermediarios/processed/brasil/BR_004.md,580,1418,0.8279,0,OK
BR_004,dados_intermediarios/processed/brasil/BR_004.md,581,2253,0.8242,0,OK
BR_004,dados_intermediarios/processed/brasil/BR_004.md,583,1623,0.8232,0,OK
BR_004,dados_intermediarios/processed/brasil/BR_004.md,584,1328,0.8245,0,OK
BR_004,dados_intermediarios/processed/brasil/BR_004.md,585,3211,0.8138,0,OK
BR_004,dados_intermediarios/processed/brasil/BR_004.md,586,4254,0.8077,0,OK
BR_004,dados_intermediarios/processed/brasil/BR_004.md,587,1603,0.8129,0,OK
BR_004,dados_intermediarios/processed/brasil/BR_004.md,588,1358,0.8255,0,OK
BR_004,dados_intermediarios/processed/brasil/BR_004.md,589,2390,0.8134,0,OK
BR_004,dados_intermediarios/processed/brasil/BR_004.md,590,1402,0.8402,0,OK
BR_004,dados_intermediarios/processed/brasil/BR_004.md,591,1713,0.8149,0,OK
BR_004,dados_intermediarios/processed/brasil/BR_004.md,592,4234,0.7603,0,OK
BR_004,dados_intermediarios/processed/brasil/BR_004.md,593,3119,0.7688,0,OK
BR_004,dados_intermediarios/processed/brasil/BR_004.md,594,3697,0.7671,0,OK
BR_004,dados_intermediarios/processed/brasil/BR_004.md,595,1478,0.8417,0,OK
BR_004,dados_intermediarios/processed/brasil/BR_004.md,596,2195,0.7918,0,OK
BR_004,dados_intermediarios/processed/brasil/BR_004.md,597,1731,0.7585,0,OK
BR_004,dados_intermediarios/processed/brasil/BR_004.md,598,86,0.8837,0,OK
BR_004,dados_intermediarios/processed/brasil/BR_004.md,600,21,0.8571,0,LOW_TEXT
BR_005,dados_intermediarios/processed/brasil/BR_005.md,1,101,0.8416,0,OK
BR_005,dados_intermediarios/processed/brasil/BR_005.md,2,2861,0.7637,0,OK
BR_005,dados_intermediarios/processed/brasil/BR_005.md,3,8387,0.205,0,REVIEW_TEXT_QUALITY
BR_005,dados_intermediarios/processed/brasil/BR_005.md,4,2481,0.8214,0,OK
BR_005,dados_intermediarios/processed/brasil/BR_005.md,5,3558,0.8066,0,OK
BR_005,dados_intermediarios/processed/brasil/BR_005.md,6,3828,0.8109,0,OK
BR_005,dados_intermediarios/processed/brasil/BR_005.md,7,3003,0.8115,0,OK
BR_005,dados_intermediarios/processed/brasil/BR_005.md,8,4073,0.8193,0,OK
BR_005,dados_intermediarios/processed/brasil/BR_005.md,9,2656,0.8008,0,OK
BR_005,dados_intermediarios/processed/brasil/BR_005.md,10,2685,0.8104,0,OK
BR_005,dados_intermediarios/processed/brasil/BR_005.md,11,2782,0.817,0,OK
BR_005,dados_intermediarios/processed/brasil/BR_005.md,12,2939,0.8061,0,OK
BR_005,dados_intermediarios/processed/brasil/BR_005.md,13,3092,0.8063,0,OK
BR_005,dados_intermediarios/processed/brasil/BR_005.md,14,2515,0.8076,0,OK
BR_005,dados_intermediarios/processed/brasil/BR_005.md,15,2983,0.8139,0,OK
BR_005,dados_intermediarios/processed/brasil/BR_005.md,16,3901,0.8036,0,OK
BR_005,dados_intermediarios/processed/brasil/BR_005.md,17,1201,0.7918,0,OK
BR_005,dados_intermediarios/processed/brasil/BR_005.md,18,2228,0.8155,0,OK
BR_005,dados_intermediarios/processed/brasil/BR_005.md,19,2853,0.8265,0,OK
BR_005,dados_intermediarios/processed/brasil/BR_005.md,20,2678,0.8111,0,OK
BR_005,dados_intermediarios/processed/brasil/BR_005.md,21,2945,0.8115,0,OK
BR_005,dados_intermediarios/processed/brasil/BR_005.md,22,2044,0.8136,0,OK
BR_005,dados_intermediarios/processed/brasil/BR_005.md,23,2020,0.8109,0,OK
BR_005,dados_intermediarios/processed/brasil/BR_005.md,24,2660,0.8282,0,OK
BR_005,dados_intermediarios/processed/brasil/BR_005.md,25,2565,0.7992,0,OK
BR_005,dados_intermediarios/processed/brasil/BR_005.md,26,1578,0.7921,0,OK
BR_005,dados_intermediarios/processed/brasil/BR_005.md,27,1944,0.7948,0,OK
BR_005,dados_intermediarios/processed/brasil/BR_005.md,28,410,0.739,0,OK
BR_005,dados_intermediarios/processed/brasil/BR_005.md,29,3206,0.8019,0,OK
BR_005,dados_intermediarios/processed/brasil/BR_005.md,30,3659,0.7999,0,OK
BR_005,dados_intermediarios/processed/brasil/BR_005.md,31,2962,0.7728,0,OK
BR_005,dados_intermediarios/processed/brasil/BR_005.md,32,2347,0.8049,0,OK
BR_005,dados_intermediarios/processed/brasil/BR_005.md,33,2165,0.7949,0,OK
BR_005,dados_intermediarios/processed/brasil/BR_005.md,34,2804,0.8071,0,OK
BR_005,dados_intermediarios/processed/brasil/BR_005.md,35,1864,0.794,0,OK
BR_005,dados_intermediarios/processed/brasil/BR_005.md,36,3369,0.8115,0,OK
BR_005,dados_intermediarios/processed/brasil/BR_005.md,37,2406,0.8026,0,OK
BR_005,dados_intermediarios/processed/brasil/BR_005.md,38,1595,0.8006,0,OK
BR_005,dados_intermediarios/processed/brasil/BR_005.md,39,2908,0.7964,0,OK
BR_005,dados_intermediarios/processed/brasil/BR_005.md,40,2027,0.7997,0,OK
BR_005,dados_intermediarios/processed/brasil/BR_005.md,41,2481,0.8138,0,OK
BR_005,dados_intermediarios/processed/brasil/BR_005.md,42,1975,0.8066,0,OK
BR_005,dados_intermediarios/processed/brasil/BR_005.md,43,2102,0.8035,0,OK
BR_005,dados_intermediarios/processed/brasil/BR_005.md,44,2669,0.7996,0,OK
BR_005,dados_intermediarios/processed/brasil/BR_005.md,45,3017,0.7991,0,OK
BR_005,dados_intermediarios/processed/brasil/BR_005.md,46,356,0.7416,0,OK
BR_005,dados_intermediarios/processed/brasil/BR_005.md,47,3297,0.8077,0,OK
BR_005,dados_intermediarios/processed/brasil/BR_005.md,48,2932,0.7991,0,OK
BR_005,dados_intermediarios/processed/brasil/BR_005.md,49,2322,0.7941,0,OK
BR_005,dados_intermediarios/processed/brasil/BR_005.md,50,1851,0.7839,0,OK
BR_005,dados_intermediarios/processed/brasil/BR_005.md,51,3508,0.7913,0,OK
BR_005,dados_intermediarios/processed/brasil/BR_005.md,52,2715,0.807,0,OK
BR_005,dados_intermediarios/processed/brasil/BR_005.md,53,3150,0.7994,0,OK
BR_005,dados_intermediarios/processed/brasil/BR_005.md,54,1983,0.7968,0,OK
BR_005,dados_intermediarios/processed/brasil/BR_005.md,55,2787,0.7983,0,OK
BR_005,dados_intermediarios/processed/brasil/BR_005.md,56,2513,0.805,0,OK
BR_005,dados_intermediarios/processed/brasil/BR_005.md,57,379,0.7546,0,OK
BR_005,dados_intermediarios/processed/brasil/BR_005.md,58,2741,0.8074,0,OK
BR_005,dados_intermediarios/processed/brasil/BR_005.md,59,3639,0.7994,0,OK
BR_005,dados_intermediarios/processed/brasil/BR_005.md,60,3958,0.787,0,OK
BR_005,dados_intermediarios/processed/brasil/BR_005.md,61,2702,0.8079,0,OK
BR_005,dados_intermediarios/processed/brasil/BR_005.md,62,1832,0.8008,0,OK
BR_005,dados_intermediarios/processed/brasil/BR_005.md,63,2980,0.7913,0,OK
BR_005,dados_intermediarios/processed/brasil/BR_005.md,64,1437,0.7968,0,OK
BR_005,dados_intermediarios/processed/brasil/BR_005.md,65,2626,0.7974,0,OK
BR_005,dados_intermediarios/processed/brasil/BR_005.md,66,2172,0.7799,0,OK
BR_005,dados_intermediarios/processed/brasil/BR_005.md,67,2921,0.7929,0,OK
BR_005,dados_intermediarios/processed/brasil/BR_005.md,68,2985,0.7926,0,OK
BR_005,dados_intermediarios/processed/brasil/BR_005.md,69,2785,0.8032,0,OK
BR_005,dados_intermediarios/processed/brasil/BR_005.md,70,1400,0.805,0,OK
BR_005,dados_intermediarios/processed/brasil/BR_005.md,71,2414,0.8024,0,OK
BR_005,dados_intermediarios/processed/brasil/BR_005.md,72,3061,0.8024,0,OK
BR_005,dados_intermediarios/processed/brasil/BR_005.md,73,2637,0.8225,0,OK
BR_005,dados_intermediarios/processed/brasil/BR_005.md,74,2218,0.7638,0,OK
BR_005,dados_intermediarios/processed/brasil/BR_005.md,75,1944,0.7634,0,OK
BR_005,dados_intermediarios/processed/brasil/BR_005.md,76,77,0.7273,0,OK
BR_006,dados_intermediarios/processed/brasil/BR_006.md,1,74,0.8378,0,OK
BR_006,dados_intermediarios/processed/brasil/BR_006.md,3,238,0.8151,0,OK
BR_006,dados_intermediarios/processed/brasil/BR_006.md,4,46,0.8261,0,OK
BR_006,dados_intermediarios/processed/brasil/BR_006.md,5,288,0.7986,0,OK
BR_006,dados_intermediarios/processed/brasil/BR_006.md,6,138,0.8623,0,OK
BR_006,dados_intermediarios/processed/brasil/BR_006.md,7,183,0.847,0,OK
BR_006,dados_intermediarios/processed/brasil/BR_006.md,8,488,0.8197,0,OK
BR_006,dados_intermediarios/processed/brasil/BR_006.md,9,171,0.8246,0,OK
BR_006,dados_intermediarios/processed/brasil/BR_006.md,10,35,0.6857,0,LOW_TEXT
BR_006,dados_intermediarios/processed/brasil/BR_006.md,11,164,0.8415,0,OK
BR_006,dados_intermediarios/processed/brasil/BR_006.md,12,19,0.8421,0,LOW_TEXT
BR_006,dados_intermediarios/processed/brasil/BR_006.md,13,380,0.8421,0,OK
BR_006,dados_intermediarios/processed/brasil/BR_006.md,14,666,0.8048,0,OK
BR_006,dados_intermediarios/processed/brasil/BR_006.md,15,626,0.8291,0,OK
BR_006,dados_intermediarios/processed/brasil/BR_006.md,16,490,0.8245,0,OK
BR_006,dados_intermediarios/processed/brasil/BR_006.md,17,148,0.8108,0,OK
BR_006,dados_intermediarios/processed/brasil/BR_006.md,18,58,0.8448,0,OK
BR_006,dados_intermediarios/processed/brasil/BR_006.md,19,1072,0.8591,0,OK
BR_006,dados_intermediarios/processed/brasil/BR_006.md,20,576,0.8003,0,OK
BR_006,dados_intermediarios/processed/brasil/BR_006.md,21,557,0.8133,0,OK
BR_006,dados_intermediarios/processed/brasil/BR_006.md,22,385,0.7896,0,OK
BR_006,dados_intermediarios/processed/brasil/BR_006.md,23,1030,0.8437,0,OK
BR_006,dados_intermediarios/processed/brasil/BR_006.md,24,2049,0.7989,0,OK
BR_006,dados_intermediarios/processed/brasil/BR_006.md,25,474,0.8165,0,OK
BR_006,dados_intermediarios/processed/brasil/BR_006.md,26,441,0.8186,0,OK
BR_006,dados_intermediarios/processed/brasil/BR_006.md,27,34,0.7059,0,LOW_TEXT
BR_006,dados_intermediarios/processed/brasil/BR_006.md,28,198,0.8232,0,OK
BR_006,dados_intermediarios/processed/brasil/BR_006.md,29,38,0.7895,0,LOW_TEXT
BR_006,dados_intermediarios/processed/brasil/BR_006.md,30,380,0.8289,0,OK
BR_006,dados_intermediarios/processed/brasil/BR_006.md,31,507,0.8659,0,OK
BR_006,dados_intermediarios/processed/brasil/BR_006.md,32,319,0.8339,0,OK
BR_006,dados_intermediarios/processed/brasil/BR_006.md,33,80,0.825,0,OK
BR_006,dados_intermediarios/processed/brasil/BR_006.md,34,19,0.8421,0,LOW_TEXT
BR_006,dados_intermediarios/processed/brasil/BR_006.md,35,47,0.766,0,OK
BR_007,dados_intermediarios/processed/brasil/BR_007.md,1,80,0.85,0,OK
BR_007,dados_intermediarios/processed/brasil/BR_007.md,2,613,0.8467,0,OK
BR_007,dados_intermediarios/processed/brasil/BR_007.md,3,2413,0.8268,0,OK
BR_007,dados_intermediarios/processed/brasil/BR_007.md,4,927,0.8252,0,OK
BR_007,dados_intermediarios/processed/brasil/BR_007.md,5,1562,0.8271,0,OK
BR_007,dados_intermediarios/processed/brasil/BR_007.md,6,1438,0.8234,0,OK
BR_007,dados_intermediarios/processed/brasil/BR_007.md,7,1902,0.8344,0,OK
BR_007,dados_intermediarios/processed/brasil/BR_007.md,8,1734,0.8276,0,OK
BR_007,dados_intermediarios/processed/brasil/BR_007.md,9,1972,0.8306,0,OK
BR_007,dados_intermediarios/processed/brasil/BR_007.md,10,1087,0.8206,0,OK
BR_007,dados_intermediarios/processed/brasil/BR_007.md,11,179,0.8939,0,OK
BR_008,dados_intermediarios/processed/brasil/BR_008.md,1,84,0.8214,0,OK
BR_008,dados_intermediarios/processed/brasil/BR_008.md,2,507,0.8185,0,OK
BR_008,dados_intermediarios/processed/brasil/BR_008.md,3,1656,0.8309,0,OK
BR_008,dados_intermediarios/processed/brasil/BR_008.md,4,971,0.7734,0,OK
BR_008,dados_intermediarios/processed/brasil/BR_008.md,5,2702,0.8198,0,OK
BR_008,dados_intermediarios/processed/brasil/BR_008.md,6,2680,0.809,0,OK
BR_008,dados_intermediarios/processed/brasil/BR_008.md,7,1800,0.8061,0,OK
BR_008,dados_intermediarios/processed/brasil/BR_008.md,8,2299,0.8147,0,OK
BR_008,dados_intermediarios/processed/brasil/BR_008.md,9,1975,0.8167,0,OK
BR_008,dados_intermediarios/processed/brasil/BR_008.md,10,2475,0.8206,0,OK
BR_008,dados_intermediarios/processed/brasil/BR_008.md,11,1951,0.8022,0,OK
BR_008,dados_intermediarios/processed/brasil/BR_008.md,12,2918,0.8105,0,OK
BR_008,dados_intermediarios/processed/brasil/BR_008.md,13,2046,0.8196,0,OK
BR_008,dados_intermediarios/processed/brasil/BR_008.md,14,2574,0.8186,0,OK
BR_008,dados_intermediarios/processed/brasil/BR_008.md,15,2770,0.8148,0,OK
BR_008,dados_intermediarios/processed/brasil/BR_008.md,16,3055,0.82,0,OK
BR_008,dados_intermediarios/processed/brasil/BR_008.md,17,2935,0.816,0,OK
BR_008,dados_intermediarios/processed/brasil/BR_008.md,18,1449,0.8226,0,OK
BR_008,dados_intermediarios/processed/brasil/BR_008.md,19,3363,0.8231,0,OK
BR_008,dados_intermediarios/processed/brasil/BR_008.md,20,2708,0.8187,0,OK
BR_008,dados_intermediarios/processed/brasil/BR_008.md,21,2685,0.8127,0,OK
BR_008,dados_intermediarios/processed/brasil/BR_008.md,22,2447,0.8096,0,OK
BR_008,dados_intermediarios/processed/brasil/BR_008.md,23,2832,0.8181,0,OK
BR_008,dados_intermediarios/processed/brasil/BR_008.md,24,2162,0.8085,0,OK
BR_008,dados_intermediarios/processed/brasil/BR_008.md,25,1658,0.8191,0,OK
BR_008,dados_intermediarios/processed/brasil/BR_008.md,26,1016,0.811,0,OK
BR_008,dados_intermediarios/processed/brasil/BR_008.md,27,834,0.771,0,OK
BR_008,dados_intermediarios/processed/brasil/BR_008.md,28,1467,0.8125,0,OK
BR_008,dados_intermediarios/processed/brasil/BR_008.md,29,2719,0.8282,0,OK
BR_008,dados_intermediarios/processed/brasil/BR_008.md,30,2172,0.8099,0,OK
BR_008,dados_intermediarios/processed/brasil/BR_008.md,31,2626,0.8134,0,OK
BR_008,dados_intermediarios/processed/brasil/BR_008.md,32,1974,0.8252,0,OK
BR_008,dados_intermediarios/processed/brasil/BR_008.md,33,1613,0.8115,0,OK
BR_008,dados_intermediarios/processed/brasil/BR_008.md,34,2536,0.8229,0,OK
BR_008,dados_intermediarios/processed/brasil/BR_008.md,35,2203,0.8057,0,OK
BR_008,dados_intermediarios/processed/brasil/BR_008.md,36,2206,0.7897,0,OK
BR_008,dados_intermediarios/processed/brasil/BR_008.md,37,1623,0.7899,0,OK
BR_008,dados_intermediarios/processed/brasil/BR_008.md,38,2608,0.7975,0,OK
BR_008,dados_intermediarios/processed/brasil/BR_008.md,39,1745,0.7731,0,OK
BR_008,dados_intermediarios/processed/brasil/BR_008.md,40,2541,0.7906,0,OK
BR_008,dados_intermediarios/processed/brasil/BR_008.md,41,603,0.7678,0,OK
BR_008,dados_intermediarios/processed/brasil/BR_008.md,42,969,0.7936,0,OK
BR_008,dados_intermediarios/processed/brasil/BR_008.md,43,1953,0.8039,0,OK
BR_008,dados_intermediarios/processed/brasil/BR_008.md,44,2152,0.8123,0,OK
BR_008,dados_intermediarios/processed/brasil/BR_008.md,45,2522,0.8251,0,OK
BR_008,dados_intermediarios/processed/brasil/BR_008.md,46,2938,0.8285,0,OK
BR_008,dados_intermediarios/processed/brasil/BR_008.md,47,2014,0.8123,0,OK
BR_008,dados_intermediarios/processed/brasil/BR_008.md,48,1950,0.82,0,OK
BR_008,dados_intermediarios/processed/brasil/BR_008.md,49,2375,0.8164,0,OK
BR_008,dados_intermediarios/processed/brasil/BR_008.md,50,2659,0.8244,0,OK
BR_008,dados_intermediarios/processed/brasil/BR_008.md,51,452,0.7876,0,OK
BR_008,dados_intermediarios/processed/brasil/BR_008.md,52,1177,0.8046,0,OK
BR_008,dados_intermediarios/processed/brasil/BR_008.md,53,2132,0.8208,0,OK
BR_008,dados_intermediarios/processed/brasil/BR_008.md,54,2856,0.8249,0,OK
BR_008,dados_intermediarios/processed/brasil/BR_008.md,55,4020,0.7891,0,OK
BR_009,dados_intermediarios/processed/brasil/BR_009.md,1,2003,0.7998,0,OK
BR_009,dados_intermediarios/processed/brasil/BR_009.md,2,3027,0.7618,0,OK
BR_009,dados_intermediarios/processed/brasil/BR_009.md,3,4068,0.7903,0,OK
BR_009,dados_intermediarios/processed/brasil/BR_009.md,4,4006,0.7586,0,OK
BR_009,dados_intermediarios/processed/brasil/BR_009.md,5,3551,0.8051,0,OK
BR_009,dados_intermediarios/processed/brasil/BR_009.md,6,3206,0.7966,0,OK
BR_009,dados_intermediarios/processed/brasil/BR_009.md,7,3111,0.7772,0,OK
BR_009,dados_intermediarios/processed/brasil/BR_009.md,8,3736,0.773,0,OK
BR_009,dados_intermediarios/processed/brasil/BR_009.md,9,2392,0.7726,0,OK
BR_009,dados_intermediarios/processed/brasil/BR_009.md,10,3168,0.8138,0,OK
BR_009,dados_intermediarios/processed/brasil/BR_009.md,11,3948,0.7875,0,OK
BR_009,dados_intermediarios/processed/brasil/BR_009.md,12,4239,0.7773,0,OK
BR_009,dados_intermediarios/processed/brasil/BR_009.md,13,2026,0.7902,0,OK
BR_009,dados_intermediarios/processed/brasil/BR_009.md,14,3204,0.774,0,OK
BR_009,dados_intermediarios/processed/brasil/BR_009.md,15,3424,0.7973,0,OK
BR_009,dados_intermediarios/processed/brasil/BR_009.md,16,4067,0.7974,0,OK
BR_009,dados_intermediarios/processed/brasil/BR_009.md,17,4116,0.7852,0,OK
BR_009,dados_intermediarios/processed/brasil/BR_009.md,18,3478,0.7697,0,OK
BR_009,dados_intermediarios/processed/brasil/BR_009.md,19,3460,0.7876,0,OK
BR_009,dados_intermediarios/processed/brasil/BR_009.md,20,3886,0.7851,0,OK
BR_009,dados_intermediarios/processed/brasil/BR_009.md,21,3705,0.8146,0,OK
BR_009,dados_intermediarios/processed/brasil/BR_009.md,22,4512,0.7839,0,OK
BR_009,dados_intermediarios/processed/brasil/BR_009.md,23,3612,0.781,0,OK
BR_009,dados_intermediarios/processed/brasil/BR_009.md,24,3194,0.7984,0,OK
BR_009,dados_intermediarios/processed/brasil/BR_009.md,25,3441,0.7806,0,OK
BR_009,dados_intermediarios/processed/brasil/BR_009.md,26,3905,0.8085,0,OK
BR_009,dados_intermediarios/processed/brasil/BR_009.md,27,4008,0.7904,0,OK
BR_009,dados_intermediarios/processed/brasil/BR_009.md,28,4310,0.771,0,OK
BR_009,dados_intermediarios/processed/brasil/BR_009.md,29,3699,0.7997,0,OK
BR_009,dados_intermediarios/processed/brasil/BR_009.md,30,3221,0.8057,0,OK
BR_009,dados_intermediarios/processed/brasil/BR_009.md,31,3379,0.7993,0,OK
BR_009,dados_intermediarios/processed/brasil/BR_009.md,32,3841,0.8128,0,OK
BR_009,dados_intermediarios/processed/brasil/BR_009.md,33,3488,0.7964,0,OK
BR_009,dados_intermediarios/processed/brasil/BR_009.md,34,3691,0.7949,0,OK
BR_009,dados_intermediarios/processed/brasil/BR_009.md,35,3251,0.7708,0,OK
BR_009,dados_intermediarios/processed/brasil/BR_009.md,36,2334,0.7785,0,OK
BR_010,dados_intermediarios/processed/brasil/BR_010.md,1,29,0.7931,0,LOW_TEXT
BR_010,dados_intermediarios/processed/brasil/BR_010.md,3,591,0.8342,0,OK
BR_010,dados_intermediarios/processed/brasil/BR_010.md,4,7,1.0,0,LOW_TEXT
BR_010,dados_intermediarios/processed/brasil/BR_010.md,5,1321,0.2165,0,REVIEW_TEXT_QUALITY
BR_010,dados_intermediarios/processed/brasil/BR_010.md,6,2427,0.8237,0,OK
BR_010,dados_intermediarios/processed/brasil/BR_010.md,7,777,0.7851,0,OK
BR_010,dados_intermediarios/processed/brasil/BR_010.md,8,1676,0.8186,0,OK
BR_010,dados_intermediarios/processed/brasil/BR_010.md,9,2251,0.7996,0,OK
BR_010,dados_intermediarios/processed/brasil/BR_010.md,10,1907,0.8034,0,OK
BR_010,dados_intermediarios/processed/brasil/BR_010.md,11,1858,0.8224,0,OK
BR_010,dados_intermediarios/processed/brasil/BR_010.md,12,1328,0.8306,0,OK
BR_010,dados_intermediarios/processed/brasil/BR_010.md,13,238,0.8361,0,OK
BR_010,dados_intermediarios/processed/brasil/BR_010.md,14,1933,0.8179,0,OK
BR_010,dados_intermediarios/processed/brasil/BR_010.md,15,1449,0.8254,0,OK
BR_010,dados_intermediarios/processed/brasil/BR_010.md,16,1775,0.831,0,OK
BR_010,dados_intermediarios/processed/brasil/BR_010.md,17,1165,0.8249,0,OK
BR_010,dados_intermediarios/processed/brasil/BR_010.md,18,1904,0.8361,0,OK
BR_010,dados_intermediarios/processed/brasil/BR_010.md,19,1451,0.827,0,OK
BR_010,dados_intermediarios/processed/brasil/BR_010.md,20,1435,0.8265,0,OK
BR_010,dados_intermediarios/processed/brasil/BR_010.md,21,930,0.8237,0,OK
BR_010,dados_intermediarios/processed/brasil/BR_010.md,22,1605,0.8361,0,OK
BR_010,dados_intermediarios/processed/brasil/BR_010.md,23,1385,0.8361,0,OK
BR_010,dados_intermediarios/processed/brasil/BR_010.md,24,2922,0.8155,0,OK
BR_010,dados_intermediarios/processed/brasil/BR_010.md,25,2920,0.8185,0,OK
BR_010,dados_intermediarios/processed/brasil/BR_010.md,26,1898,0.814,0,OK
BR_010,dados_intermediarios/processed/brasil/BR_010.md,27,3165,0.8193,0,OK
BR_010,dados_intermediarios/processed/brasil/BR_010.md,28,2482,0.8239,0,OK
BR_010,dados_intermediarios/processed/brasil/BR_010.md,29,1202,0.8278,0,OK
BR_010,dados_intermediarios/processed/brasil/BR_010.md,30,29,0.7931,0,LOW_TEXT
BR_011,dados_intermediarios/processed/brasil/BR_011.md,1,139,0.8058,0,OK
BR_011,dados_intermediarios/processed/brasil/BR_011.md,2,1127,0.8367,0,OK
BR_011,dados_intermediarios/processed/brasil/BR_011.md,3,2333,0.799,0,OK
BR_011,dados_intermediarios/processed/brasil/BR_011.md,4,327,0.7982,0,OK
BR_011,dados_intermediarios/processed/brasil/BR_011.md,5,1865,0.8038,0,OK
BR_011,dados_intermediarios/processed/brasil/BR_011.md,6,2985,0.8137,0,OK
BR_011,dados_intermediarios/processed/brasil/BR_011.md,7,1665,0.8336,0,OK
BR_011,dados_intermediarios/processed/brasil/BR_011.md,8,1111,0.8209,0,OK
BR_011,dados_intermediarios/processed/brasil/BR_011.md,9,2967,0.8335,0,OK
BR_011,dados_intermediarios/processed/brasil/BR_011.md,10,1980,0.8146,0,OK
BR_011,dados_intermediarios/processed/brasil/BR_011.md,11,2006,0.8156,0,OK
BR_011,dados_intermediarios/processed/brasil/BR_011.md,12,1906,0.82,0,OK
BR_011,dados_intermediarios/processed/brasil/BR_011.md,13,59,0.8305,0,OK
BR_012,dados_intermediarios/processed/brasil/BR_012.md,1,3217,0.7864,0,OK
BR_012,dados_intermediarios/processed/brasil/BR_012.md,2,3458,0.81,0,OK
BR_012,dados_intermediarios/processed/brasil/BR_012.md,3,2753,0.8147,0,OK
BR_012,dados_intermediarios/processed/brasil/BR_012.md,4,3414,0.8137,0,OK
BR_012,dados_intermediarios/processed/brasil/BR_012.md,5,3650,0.8085,0,OK
BR_012,dados_intermediarios/processed/brasil/BR_012.md,6,3272,0.8001,0,OK
BR_012,dados_intermediarios/processed/brasil/BR_012.md,7,1892,0.8055,0,OK
BR_012,dados_intermediarios/processed/brasil/BR_012.md,8,2141,0.823,0,OK
BR_012,dados_intermediarios/processed/brasil/BR_012.md,9,2733,0.8017,0,OK
BR_012,dados_intermediarios/processed/brasil/BR_012.md,10,3903,0.8114,0,OK
BR_012,dados_intermediarios/processed/brasil/BR_012.md,11,3258,0.822,0,OK
BR_012,dados_intermediarios/processed/brasil/BR_012.md,12,4066,0.8298,0,OK
BR_012,dados_intermediarios/processed/brasil/BR_012.md,13,4378,0.8255,0,OK
BR_012,dados_intermediarios/processed/brasil/BR_012.md,14,2870,0.8209,0,OK
BR_012,dados_intermediarios/processed/brasil/BR_012.md,15,2072,0.82,0,OK
BR_012,dados_intermediarios/processed/brasil/BR_012.md,16,2846,0.8064,0,OK
BR_012,dados_intermediarios/processed/brasil/BR_012.md,17,3325,0.8036,0,OK
BR_012,dados_intermediarios/processed/brasil/BR_012.md,18,2460,0.7939,0,OK
BR_012,dados_intermediarios/processed/brasil/BR_012.md,19,2311,0.7819,0,OK
BR_012,dados_intermediarios/processed/brasil/BR_012.md,20,2799,0.7889,0,OK
BR_012,dados_intermediarios/processed/brasil/BR_012.md,21,3327,0.8161,0,OK
BR_012,dados_intermediarios/processed/brasil/BR_012.md,22,3021,0.8027,0,OK
BR_012,dados_intermediarios/processed/brasil/BR_012.md,23,3233,0.8119,0,OK
BR_012,dados_intermediarios/processed/brasil/BR_012.md,24,2732,0.8064,0,OK
BR_012,dados_intermediarios/processed/brasil/BR_012.md,25,3096,0.8023,0,OK
BR_012,dados_intermediarios/processed/brasil/BR_012.md,26,3432,0.8173,0,OK
BR_012,dados_intermediarios/processed/brasil/BR_012.md,27,3142,0.8218,0,OK
BR_012,dados_intermediarios/processed/brasil/BR_012.md,28,3098,0.8115,0,OK
BR_012,dados_intermediarios/processed/brasil/BR_012.md,29,2771,0.8141,0,OK
BR_012,dados_intermediarios/processed/brasil/BR_012.md,30,2524,0.8078,0,OK
BR_012,dados_intermediarios/processed/brasil/BR_012.md,31,328,0.7561,0,OK
BR_012,dados_intermediarios/processed/brasil/BR_012.md,32,2253,0.7497,0,OK
BR_012,dados_intermediarios/processed/brasil/BR_012.md,33,3164,0.8135,0,OK
BR_012,dados_intermediarios/processed/brasil/BR_012.md,34,2461,0.7928,0,OK
BR_013,dados_intermediarios/processed/brasil/BR_013.md,1,3378,0.8005,0,OK
BR_013,dados_intermediarios/processed/brasil/BR_013.md,2,4156,0.8017,0,OK
BR_013,dados_intermediarios/processed/brasil/BR_013.md,3,3741,0.8019,0,OK
BR_013,dados_intermediarios/processed/brasil/BR_013.md,4,3335,0.8018,0,OK
BR_013,dados_intermediarios/processed/brasil/BR_013.md,5,3139,0.8044,0,OK
BR_013,dados_intermediarios/processed/brasil/BR_013.md,6,3377,0.8028,0,OK
BR_013,dados_intermediarios/processed/brasil/BR_013.md,7,3217,0.8045,0,OK
BR_013,dados_intermediarios/processed/brasil/BR_013.md,8,3896,0.8054,0,OK
BR_013,dados_intermediarios/processed/brasil/BR_013.md,9,3887,0.7831,0,OK
BR_013,dados_intermediarios/processed/brasil/BR_013.md,10,3492,0.7826,0,OK
BR_013,dados_intermediarios/processed/brasil/BR_013.md,11,3997,0.8094,0,OK
BR_013,dados_intermediarios/processed/brasil/BR_013.md,12,3194,0.8103,0,OK
BR_013,dados_intermediarios/processed/brasil/BR_013.md,13,1666,0.7779,0,OK
BR_013,dados_intermediarios/processed/brasil/BR_013.md,14,1463,0.7936,0,OK
BR_013,dados_intermediarios/processed/brasil/BR_013.md,15,1746,0.7881,0,OK
BR_013,dados_intermediarios/processed/brasil/BR_013.md,16,2365,0.8025,0,OK
BR_013,dados_intermediarios/processed/brasil/BR_013.md,17,2248,0.7958,0,OK
BR_013,dados_intermediarios/processed/brasil/BR_013.md,18,2983,0.7593,0,OK
BR_013,dados_intermediarios/processed/brasil/BR_013.md,19,4411,0.7509,0,OK
BR_013,dados_intermediarios/processed/brasil/BR_013.md,20,4912,0.7834,0,OK
BR_013,dados_intermediarios/processed/brasil/BR_013.md,21,3431,0.7849,0,OK
BR_013,dados_intermediarios/processed/brasil/BR_013.md,22,3769,0.7923,0,OK
BR_013,dados_intermediarios/processed/brasil/BR_013.md,23,3008,0.8039,0,OK
BR_013,dados_intermediarios/processed/brasil/BR_013.md,24,2833,0.7868,0,OK
BR_013,dados_intermediarios/processed/brasil/BR_013.md,25,4128,0.8144,0,OK
BR_013,dados_intermediarios/processed/brasil/BR_013.md,26,3761,0.8083,0,OK
BR_013,dados_intermediarios/processed/brasil/BR_013.md,27,4140,0.814,0,OK
BR_013,dados_intermediarios/processed/brasil/BR_013.md,28,3772,0.8091,0,OK
BR_013,dados_intermediarios/processed/brasil/BR_013.md,29,3578,0.8192,0,OK
BR_013,dados_intermediarios/processed/brasil/BR_013.md,30,4252,0.8123,0,OK
BR_013,dados_intermediarios/processed/brasil/BR_013.md,31,2707,0.8075,0,OK
BR_013,dados_intermediarios/processed/brasil/BR_013.md,32,905,0.7768,0,OK
BR_013,dados_intermediarios/processed/brasil/BR_013.md,33,3873,0.7795,0,OK
BR_013,dados_intermediarios/processed/brasil/BR_013.md,34,4288,0.7952,0,OK
BR_013,dados_intermediarios/processed/brasil/BR_013.md,35,3771,0.8054,0,OK
BR_013,dados_intermediarios/processed/brasil/BR_013.md,36,3609,0.806,0,OK
BR_013,dados_intermediarios/processed/brasil/BR_013.md,37,3816,0.8037,0,OK
BR_013,dados_intermediarios/processed/brasil/BR_013.md,38,3746,0.8094,0,OK
BR_013,dados_intermediarios/processed/brasil/BR_013.md,39,3741,0.7998,0,OK
BR_013,dados_intermediarios/processed/brasil/BR_013.md,40,3475,0.8098,0,OK
BR_013,dados_intermediarios/processed/brasil/BR_013.md,41,3557,0.8097,0,OK
BR_013,dados_intermediarios/processed/brasil/BR_013.md,42,3337,0.8121,0,OK
BR_013,dados_intermediarios/processed/brasil/BR_013.md,43,2800,0.8064,0,OK
BR_013,dados_intermediarios/processed/brasil/BR_013.md,44,3813,0.8143,0,OK
BR_013,dados_intermediarios/processed/brasil/BR_013.md,45,3768,0.8116,0,OK
BR_013,dados_intermediarios/processed/brasil/BR_013.md,46,562,0.8025,0,OK
BR_013,dados_intermediarios/processed/brasil/BR_013.md,47,3250,0.78,0,OK
BR_013,dados_intermediarios/processed/brasil/BR_013.md,48,3897,0.7888,0,OK
BR_013,dados_intermediarios/processed/brasil/BR_013.md,49,4000,0.8037,0,OK
BR_013,dados_intermediarios/processed/brasil/BR_013.md,50,3565,0.8123,0,OK
BR_013,dados_intermediarios/processed/brasil/BR_013.md,51,3533,0.8155,0,OK
BR_013,dados_intermediarios/processed/brasil/BR_013.md,52,3695,0.8206,0,OK
BR_013,dados_intermediarios/processed/brasil/BR_013.md,53,3757,0.8137,0,OK
BR_013,dados_intermediarios/processed/brasil/BR_013.md,54,3559,0.8146,0,OK
BR_013,dados_intermediarios/processed/brasil/BR_013.md,55,3625,0.8251,0,OK
BR_013,dados_intermediarios/processed/brasil/BR_013.md,56,3589,0.815,0,OK
BR_013,dados_intermediarios/processed/brasil/BR_013.md,57,3137,0.7925,0,OK
BR_013,dados_intermediarios/processed/brasil/BR_013.md,58,1247,0.7971,0,OK
BR_014,dados_intermediarios/processed/brasil/BR_014.md,1,2201,0.7815,0,OK
BR_014,dados_intermediarios/processed/brasil/BR_014.md,2,2338,0.7917,0,OK
BR_014,dados_intermediarios/processed/brasil/BR_014.md,3,3372,0.7737,0,OK
BR_014,dados_intermediarios/processed/brasil/BR_014.md,4,1784,0.7808,0,OK
BR_014,dados_intermediarios/processed/brasil/BR_014.md,5,2148,0.7854,0,OK
BR_014,dados_intermediarios/processed/brasil/BR_014.md,6,2616,0.792,0,OK
BR_014,dados_intermediarios/processed/brasil/BR_014.md,7,2785,0.7914,0,OK
BR_014,dados_intermediarios/processed/brasil/BR_014.md,8,2711,0.7894,0,OK
BR_014,dados_intermediarios/processed/brasil/BR_014.md,9,3180,0.7701,0,OK
BR_014,dados_intermediarios/processed/brasil/BR_014.md,10,2398,0.7832,0,OK
BR_014,dados_intermediarios/processed/brasil/BR_014.md,11,3064,0.8039,0,OK
BR_014,dados_intermediarios/processed/brasil/BR_014.md,12,2813,0.7821,0,OK
BR_014,dados_intermediarios/processed/brasil/BR_014.md,13,3531,0.8049,0,OK
BR_014,dados_intermediarios/processed/brasil/BR_014.md,14,3902,0.8114,0,OK
BR_014,dados_intermediarios/processed/brasil/BR_014.md,15,1415,0.7746,0,OK
BR_015,dados_intermediarios/processed/brasil/BR_015.md,1,3363,0.8192,0,OK
BR_015,dados_intermediarios/processed/brasil/BR_015.md,2,4206,0.8274,0,OK
BR_015,dados_intermediarios/processed/brasil/BR_015.md,3,3869,0.8255,0,OK
BR_015,dados_intermediarios/processed/brasil/BR_015.md,4,3727,0.6313,0,OK
BR_015,dados_intermediarios/processed/brasil/BR_015.md,5,1875,0.6683,0,OK
BR_015,dados_intermediarios/processed/brasil/BR_015.md,6,656,0.5534,0,OK
BR_015,dados_intermediarios/processed/brasil/BR_015.md,7,100,0.75,0,OK
BR_016,dados_intermediarios/processed/brasil/BR_016.md,1,29,0.7931,0,LOW_TEXT
BR_016,dados_intermediarios/processed/brasil/BR_016.md,3,591,0.8342,0,OK
BR_016,dados_intermediarios/processed/brasil/BR_016.md,4,7,1.0,0,LOW_TEXT
BR_016,dados_intermediarios/processed/brasil/BR_016.md,5,1321,0.2165,0,REVIEW_TEXT_QUALITY
BR_016,dados_intermediarios/processed/brasil/BR_016.md,6,2427,0.8237,0,OK
BR_016,dados_intermediarios/processed/brasil/BR_016.md,7,777,0.7851,0,OK
BR_016,dados_intermediarios/processed/brasil/BR_016.md,8,1676,0.8186,0,OK
BR_016,dados_intermediarios/processed/brasil/BR_016.md,9,2251,0.7996,0,OK
BR_016,dados_intermediarios/processed/brasil/BR_016.md,10,1907,0.8034,0,OK
BR_016,dados_intermediarios/processed/brasil/BR_016.md,11,1858,0.8224,0,OK
BR_016,dados_intermediarios/processed/brasil/BR_016.md,12,1328,0.8306,0,OK
BR_016,dados_intermediarios/processed/brasil/BR_016.md,13,238,0.8361,0,OK
BR_016,dados_intermediarios/processed/brasil/BR_016.md,14,1933,0.8179,0,OK
BR_016,dados_intermediarios/processed/brasil/BR_016.md,15,1449,0.8254,0,OK
BR_016,dados_intermediarios/processed/brasil/BR_016.md,16,1775,0.831,0,OK
BR_016,dados_intermediarios/processed/brasil/BR_016.md,17,1165,0.8249,0,OK
BR_016,dados_intermediarios/processed/brasil/BR_016.md,18,1904,0.8361,0,OK
BR_016,dados_intermediarios/processed/brasil/BR_016.md,19,1451,0.827,0,OK
BR_016,dados_intermediarios/processed/brasil/BR_016.md,20,1435,0.8265,0,OK
BR_016,dados_intermediarios/processed/brasil/BR_016.md,21,930,0.8237,0,OK
BR_016,dados_intermediarios/processed/brasil/BR_016.md,22,1605,0.8361,0,OK
BR_016,dados_intermediarios/processed/brasil/BR_016.md,23,1385,0.8361,0,OK
BR_016,dados_intermediarios/processed/brasil/BR_016.md,24,2922,0.8155,0,OK
BR_016,dados_intermediarios/processed/brasil/BR_016.md,25,2920,0.8185,0,OK
BR_016,dados_intermediarios/processed/brasil/BR_016.md,26,1898,0.814,0,OK
BR_016,dados_intermediarios/processed/brasil/BR_016.md,27,3165,0.8193,0,OK
BR_016,dados_intermediarios/processed/brasil/BR_016.md,28,2482,0.8239,0,OK
BR_016,dados_intermediarios/processed/brasil/BR_016.md,29,1202,0.8278,0,OK
BR_016,dados_intermediarios/processed/brasil/BR_016.md,30,29,0.7931,0,LOW_TEXT
BR_017,dados_intermediarios/processed/brasil/BR_017.md,1,2556,0.7887,0,OK
BR_018,dados_intermediarios/processed/brasil/BR_018.md,1,1995,0.7644,0,OK
BR_018,dados_intermediarios/processed/brasil/BR_018.md,2,3265,0.8233,0,OK
BR_018,dados_intermediarios/processed/brasil/BR_018.md,3,2403,0.8161,0,OK
BR_018,dados_intermediarios/processed/brasil/BR_018.md,4,3207,0.8198,0,OK
BR_018,dados_intermediarios/processed/brasil/BR_018.md,5,2994,0.8213,0,OK
BR_018,dados_intermediarios/processed/brasil/BR_018.md,6,2856,0.8155,0,OK
BR_018,dados_intermediarios/processed/brasil/BR_018.md,7,3019,0.8225,0,OK
BR_018,dados_intermediarios/processed/brasil/BR_018.md,8,3072,0.8141,0,OK
BR_018,dados_intermediarios/processed/brasil/BR_018.md,9,3076,0.827,0,OK
BR_018,dados_intermediarios/processed/brasil/BR_018.md,10,2767,0.8186,0,OK
BR_018,dados_intermediarios/processed/brasil/BR_018.md,11,2942,0.8158,0,OK
BR_018,dados_intermediarios/processed/brasil/BR_018.md,12,2808,0.808,0,OK
BR_018,dados_intermediarios/processed/brasil/BR_018.md,13,1026,0.8109,0,OK
BR_019,dados_intermediarios/processed/brasil/BR_019.md,1,3475,0.7678,0,OK
BR_019,dados_intermediarios/processed/brasil/BR_019.md,2,3865,0.7889,0,OK
BR_019,dados_intermediarios/processed/brasil/BR_019.md,3,4016,0.807,0,OK
BR_019,dados_intermediarios/processed/brasil/BR_019.md,4,3458,0.8117,0,OK
BR_019,dados_intermediarios/processed/brasil/BR_019.md,5,3447,0.8152,0,OK
BR_019,dados_intermediarios/processed/brasil/BR_019.md,6,3910,0.8235,0,OK
BR_019,dados_intermediarios/processed/brasil/BR_019.md,7,3321,0.8124,0,OK
BR_019,dados_intermediarios/processed/brasil/BR_019.md,8,3486,0.8147,0,OK
BR_019,dados_intermediarios/processed/brasil/BR_019.md,9,3452,0.8276,0,OK
BR_019,dados_intermediarios/processed/brasil/BR_019.md,10,3434,0.8151,0,OK
BR_019,dados_intermediarios/processed/brasil/BR_019.md,11,3269,0.7957,0,OK
BR_019,dados_intermediarios/processed/brasil/BR_019.md,12,926,0.7937,0,OK
BR_020,dados_intermediarios/processed/brasil/BR_020.md,1,158,0.7595,0,OK
CA_001,dados_intermediarios/processed/canada/CA_001.md,1,2884,0.8096,0,OK
CA_001,dados_intermediarios/processed/canada/CA_001.md,2,3180,0.8006,0,OK
CA_001,dados_intermediarios/processed/canada/CA_001.md,3,3375,0.7953,0,OK
CA_001,dados_intermediarios/processed/canada/CA_001.md,4,1776,0.8007,0,OK
CA_002,dados_intermediarios/processed/canada/CA_002.md,1,2645,0.814,0,OK
CA_002,dados_intermediarios/processed/canada/CA_002.md,2,2725,0.7974,0,OK
CA_002,dados_intermediarios/processed/canada/CA_002.md,3,3408,0.7996,0,OK
CA_002,dados_intermediarios/processed/canada/CA_002.md,4,558,0.7957,0,OK
CA_003,dados_intermediarios/processed/canada/CA_003.md,1,118,0.7797,0,OK
CA_003,dados_intermediarios/processed/canada/CA_003.md,2,747,0.751,0,OK
CA_003,dados_intermediarios/processed/canada/CA_003.md,3,1133,0.7926,0,OK
CA_003,dados_intermediarios/processed/canada/CA_003.md,4,2632,0.7979,0,OK
CA_003,dados_intermediarios/processed/canada/CA_003.md,5,2252,0.8068,0,OK
CA_003,dados_intermediarios/processed/canada/CA_003.md,6,1695,0.8006,0,OK
CA_003,dados_intermediarios/processed/canada/CA_003.md,7,1568,0.7959,0,OK
CA_003,dados_intermediarios/processed/canada/CA_003.md,8,177,0.7514,0,OK
CA_003,dados_intermediarios/processed/canada/CA_003.md,9,1918,0.8087,0,OK
CA_003,dados_intermediarios/processed/canada/CA_003.md,10,2174,0.8082,0,OK
CA_003,dados_intermediarios/processed/canada/CA_003.md,11,153,0.7778,0,OK
CA_003,dados_intermediarios/processed/canada/CA_003.md,12,1289,0.8029,0,OK
CA_003,dados_intermediarios/processed/canada/CA_003.md,13,1409,0.8062,0,OK
CA_003,dados_intermediarios/processed/canada/CA_003.md,14,2331,0.8104,0,OK
CA_003,dados_intermediarios/processed/canada/CA_003.md,15,59,0.7458,0,OK
CA_003,dados_intermediarios/processed/canada/CA_003.md,16,1986,0.8107,0,OK
CA_003,dados_intermediarios/processed/canada/CA_003.md,17,1545,0.8019,0,OK
CA_003,dados_intermediarios/processed/canada/CA_003.md,18,1362,0.8238,0,OK
CA_003,dados_intermediarios/processed/canada/CA_003.md,19,291,0.7904,0,OK
CA_003,dados_intermediarios/processed/canada/CA_003.md,20,1981,0.8173,0,OK
CA_003,dados_intermediarios/processed/canada/CA_003.md,21,1424,0.809,0,OK
CA_003,dados_intermediarios/processed/canada/CA_003.md,22,1809,0.8126,0,OK
CA_003,dados_intermediarios/processed/canada/CA_003.md,23,2036,0.805,0,OK
CA_003,dados_intermediarios/processed/canada/CA_003.md,24,1509,0.8257,0,OK
CA_003,dados_intermediarios/processed/canada/CA_003.md,25,1572,0.8206,0,OK
CA_003,dados_intermediarios/processed/canada/CA_003.md,26,1444,0.8158,0,OK
CA_003,dados_intermediarios/processed/canada/CA_003.md,27,1934,0.8077,0,OK
CA_003,dados_intermediarios/processed/canada/CA_003.md,28,2302,0.8184,0,OK
CA_003,dados_intermediarios/processed/canada/CA_003.md,29,1299,0.8199,0,OK
CA_003,dados_intermediarios/processed/canada/CA_003.md,30,1464,0.8128,0,OK
CA_003,dados_intermediarios/processed/canada/CA_003.md,31,2010,0.8,0,OK
CA_003,dados_intermediarios/processed/canada/CA_003.md,32,831,0.8026,0,OK
CA_003,dados_intermediarios/processed/canada/CA_003.md,33,2116,0.8081,0,OK
CA_003,dados_intermediarios/processed/canada/CA_003.md,34,1773,0.8133,0,OK
CA_003,dados_intermediarios/processed/canada/CA_003.md,35,1921,0.8162,0,OK
CA_003,dados_intermediarios/processed/canada/CA_003.md,36,1903,0.7998,0,OK
CA_003,dados_intermediarios/processed/canada/CA_003.md,37,2250,0.7698,0,OK
CA_003,dados_intermediarios/processed/canada/CA_003.md,38,40,0.825,0,OK
CA_003,dados_intermediarios/processed/canada/CA_003.md,39,40,0.825,0,OK
CA_003,dados_intermediarios/processed/canada/CA_003.md,40,35,0.7714,0,LOW_TEXT
CA_004,dados_intermediarios/processed/canada/CA_004.md,1,169814,0.6721,0,OK
CL_001,dados_intermediarios/processed/chile/CL_001.md,2,196,0.8265,0,OK
CL_001,dados_intermediarios/processed/chile/CL_001.md,3,1816,0.8144,0,OK
CL_001,dados_intermediarios/processed/chile/CL_001.md,4,846,0.7553,0,OK
CL_001,dados_intermediarios/processed/chile/CL_001.md,5,4281,0.3436,0,OK
CL_001,dados_intermediarios/processed/chile/CL_001.md,6,1447,0.2453,0,REVIEW_TEXT_QUALITY
CL_001,dados_intermediarios/processed/chile/CL_001.md,7,3686,0.8321,0,OK
CL_001,dados_intermediarios/processed/chile/CL_001.md,8,2663,0.8209,0,OK
CL_001,dados_intermediarios/processed/chile/CL_001.md,9,3316,0.8206,0,OK
CL_001,dados_intermediarios/processed/chile/CL_001.md,10,2957,0.816,0,OK
CL_001,dados_intermediarios/processed/chile/CL_001.md,11,2199,0.8154,0,OK
CL_001,dados_intermediarios/processed/chile/CL_001.md,12,2860,0.8189,0,OK
CL_001,dados_intermediarios/processed/chile/CL_001.md,13,3103,0.824,0,OK
CL_001,dados_intermediarios/processed/chile/CL_001.md,14,3149,0.8272,0,OK
CL_001,dados_intermediarios/processed/chile/CL_001.md,15,2897,0.8226,0,OK
CL_001,dados_intermediarios/processed/chile/CL_001.md,16,2716,0.8196,0,OK
CL_001,dados_intermediarios/processed/chile/CL_001.md,17,3268,0.8259,0,OK
CL_001,dados_intermediarios/processed/chile/CL_001.md,18,2397,0.8152,0,OK
CL_001,dados_intermediarios/processed/chile/CL_001.md,19,2466,0.8236,0,OK
CL_001,dados_intermediarios/processed/chile/CL_001.md,20,2480,0.8121,0,OK
CL_001,dados_intermediarios/processed/chile/CL_001.md,21,1072,0.7929,0,OK
CL_001,dados_intermediarios/processed/chile/CL_001.md,22,1277,0.794,0,OK
CL_001,dados_intermediarios/processed/chile/CL_001.md,23,2593,0.8276,0,OK
CL_001,dados_intermediarios/processed/chile/CL_001.md,24,3211,0.8228,0,OK
CL_001,dados_intermediarios/processed/chile/CL_001.md,25,2863,0.8289,0,OK
CL_001,dados_intermediarios/processed/chile/CL_001.md,26,3361,0.8194,0,OK
CL_001,dados_intermediarios/processed/chile/CL_001.md,27,3351,0.8168,0,OK
CL_001,dados_intermediarios/processed/chile/CL_001.md,28,1756,0.8115,0,OK
CL_001,dados_intermediarios/processed/chile/CL_001.md,29,2226,0.819,0,OK
CL_001,dados_intermediarios/processed/chile/CL_001.md,30,1592,0.8134,0,OK
CL_001,dados_intermediarios/processed/chile/CL_001.md,31,2842,0.785,0,OK
CL_001,dados_intermediarios/processed/chile/CL_001.md,32,2177,0.7905,0,OK
CL_001,dados_intermediarios/processed/chile/CL_001.md,33,157,0.7962,0,OK
CL_001,dados_intermediarios/processed/chile/CL_001.md,34,1733,0.8182,0,OK
CL_001,dados_intermediarios/processed/chile/CL_001.md,35,2165,0.7931,0,OK
CL_001,dados_intermediarios/processed/chile/CL_001.md,36,1470,0.7857,0,OK
CL_001,dados_intermediarios/processed/chile/CL_001.md,37,708,0.7811,0,OK
CL_001,dados_intermediarios/processed/chile/CL_001.md,38,942,0.7389,0,OK
CL_001,dados_intermediarios/processed/chile/CL_001.md,39,2036,0.7972,0,OK
CL_001,dados_intermediarios/processed/chile/CL_001.md,40,1962,0.7864,0,OK
CL_001,dados_intermediarios/processed/chile/CL_001.md,41,2309,0.8051,0,OK
CL_001,dados_intermediarios/processed/chile/CL_001.md,42,1311,0.733,0,OK
CL_001,dados_intermediarios/processed/chile/CL_001.md,43,2074,0.7522,0,OK
CL_001,dados_intermediarios/processed/chile/CL_001.md,44,1643,0.7955,0,OK
CL_001,dados_intermediarios/processed/chile/CL_001.md,45,1842,0.8024,0,OK
CL_001,dados_intermediarios/processed/chile/CL_001.md,46,1516,0.7493,0,OK
CL_001,dados_intermediarios/processed/chile/CL_001.md,47,2303,0.7877,0,OK
CL_001,dados_intermediarios/processed/chile/CL_001.md,48,1032,0.7723,0,OK
CL_001,dados_intermediarios/processed/chile/CL_001.md,49,2696,0.8034,0,OK
CL_001,dados_intermediarios/processed/chile/CL_001.md,50,2394,0.784,0,OK
CL_001,dados_intermediarios/processed/chile/CL_001.md,51,2109,0.7786,0,OK
CL_001,dados_intermediarios/processed/chile/CL_001.md,52,1111,0.7786,0,OK
CL_001,dados_intermediarios/processed/chile/CL_001.md,53,1419,0.7963,0,OK
CL_001,dados_intermediarios/processed/chile/CL_001.md,54,636,0.7752,0,OK
CL_001,dados_intermediarios/processed/chile/CL_001.md,55,2635,0.7841,0,OK
CL_001,dados_intermediarios/processed/chile/CL_001.md,56,1639,0.7828,0,OK
CL_001,dados_intermediarios/processed/chile/CL_001.md,57,940,0.7734,0,OK
CL_001,dados_intermediarios/processed/chile/CL_001.md,58,167,0.7904,0,OK
CL_001,dados_intermediarios/processed/chile/CL_001.md,59,1406,0.8037,0,OK
CL_001,dados_intermediarios/processed/chile/CL_001.md,60,2140,0.7958,0,OK
CL_001,dados_intermediarios/processed/chile/CL_001.md,61,1574,0.7732,0,OK
CL_001,dados_intermediarios/processed/chile/CL_001.md,62,1118,0.7254,0,OK
CL_001,dados_intermediarios/processed/chile/CL_001.md,63,1637,0.744,0,OK
CL_001,dados_intermediarios/processed/chile/CL_001.md,64,2612,0.7936,0,OK
CL_001,dados_intermediarios/processed/chile/CL_001.md,65,732,0.7814,0,OK
CL_001,dados_intermediarios/processed/chile/CL_001.md,66,1874,0.7967,0,OK
CL_001,dados_intermediarios/processed/chile/CL_001.md,67,2545,0.7859,0,OK
CL_001,dados_intermediarios/processed/chile/CL_001.md,68,1816,0.7748,0,OK
CL_001,dados_intermediarios/processed/chile/CL_001.md,69,2196,0.7577,0,OK
CL_001,dados_intermediarios/processed/chile/CL_001.md,70,1125,0.7831,0,OK
CL_001,dados_intermediarios/processed/chile/CL_001.md,71,2440,0.8139,0,OK
CL_001,dados_intermediarios/processed/chile/CL_001.md,72,1641,0.7812,0,OK
CL_001,dados_intermediarios/processed/chile/CL_001.md,73,1699,0.7699,0,OK
CL_001,dados_intermediarios/processed/chile/CL_001.md,74,1780,0.7966,0,OK
CL_001,dados_intermediarios/processed/chile/CL_001.md,75,1917,0.7997,0,OK
CL_001,dados_intermediarios/processed/chile/CL_001.md,76,748,0.7834,0,OK
CL_001,dados_intermediarios/processed/chile/CL_001.md,77,1199,0.7556,0,OK
CL_001,dados_intermediarios/processed/chile/CL_001.md,78,452,0.7655,0,OK
CL_001,dados_intermediarios/processed/chile/CL_001.md,79,1311,0.7765,0,OK
CL_001,dados_intermediarios/processed/chile/CL_001.md,80,2331,0.7791,0,OK
CL_001,dados_intermediarios/processed/chile/CL_001.md,81,1638,0.7973,0,OK
CL_001,dados_intermediarios/processed/chile/CL_001.md,82,1799,0.7832,0,OK
CL_001,dados_intermediarios/processed/chile/CL_001.md,83,1213,0.7799,0,OK
CL_001,dados_intermediarios/processed/chile/CL_001.md,84,1237,0.7688,0,OK
CL_001,dados_intermediarios/processed/chile/CL_001.md,85,2682,0.7685,0,OK
CL_001,dados_intermediarios/processed/chile/CL_001.md,86,1753,0.7741,0,OK
CL_001,dados_intermediarios/processed/chile/CL_001.md,87,169,0.7811,0,OK
CL_001,dados_intermediarios/processed/chile/CL_001.md,88,1509,0.8178,0,OK
CL_001,dados_intermediarios/processed/chile/CL_001.md,89,1534,0.8142,0,OK
CL_001,dados_intermediarios/processed/chile/CL_001.md,90,1521,0.7804,0,OK
CL_001,dados_intermediarios/processed/chile/CL_001.md,91,664,0.7756,0,OK
CL_001,dados_intermediarios/processed/chile/CL_001.md,92,1176,0.7679,0,OK
CL_001,dados_intermediarios/processed/chile/CL_001.md,93,1227,0.7514,0,OK
CL_001,dados_intermediarios/processed/chile/CL_001.md,94,1296,0.7855,0,OK
CL_001,dados_intermediarios/processed/chile/CL_001.md,95,774,0.8075,0,OK
CL_001,dados_intermediarios/processed/chile/CL_001.md,96,1948,0.809,0,OK
CL_001,dados_intermediarios/processed/chile/CL_001.md,97,585,0.7538,0,OK
CL_001,dados_intermediarios/processed/chile/CL_001.md,98,808,0.7562,0,OK
CL_001,dados_intermediarios/processed/chile/CL_001.md,99,1373,0.7524,0,OK
CL_001,dados_intermediarios/processed/chile/CL_001.md,100,1339,0.7752,0,OK
CL_001,dados_intermediarios/processed/chile/CL_001.md,101,2537,0.795,0,OK
CL_001,dados_intermediarios/processed/chile/CL_001.md,102,1989,0.7803,0,OK
CL_001,dados_intermediarios/processed/chile/CL_001.md,103,1444,0.7708,0,OK
CL_001,dados_intermediarios/processed/chile/CL_001.md,104,834,0.777,0,OK
CL_001,dados_intermediarios/processed/chile/CL_001.md,105,867,0.7612,0,OK
CL_001,dados_intermediarios/processed/chile/CL_001.md,106,2885,0.7951,0,OK
CL_001,dados_intermediarios/processed/chile/CL_001.md,107,1548,0.8159,0,OK
CL_001,dados_intermediarios/processed/chile/CL_001.md,108,1376,0.7173,0,OK
CL_001,dados_intermediarios/processed/chile/CL_001.md,109,1272,0.7579,0,OK
CL_001,dados_intermediarios/processed/chile/CL_001.md,110,1092,0.7299,0,OK
CL_001,dados_intermediarios/processed/chile/CL_001.md,111,2157,0.7705,0,OK
CL_001,dados_intermediarios/processed/chile/CL_001.md,112,2217,0.7704,0,OK
CL_001,dados_intermediarios/processed/chile/CL_001.md,113,769,0.7867,0,OK
CL_001,dados_intermediarios/processed/chile/CL_001.md,114,2493,0.7974,0,OK
CL_001,dados_intermediarios/processed/chile/CL_001.md,115,945,0.7757,0,OK
CL_001,dados_intermediarios/processed/chile/CL_001.md,116,886,0.7777,0,OK
CL_001,dados_intermediarios/processed/chile/CL_001.md,117,1115,0.7552,0,OK
CL_001,dados_intermediarios/processed/chile/CL_001.md,118,692,0.7731,0,OK
CL_001,dados_intermediarios/processed/chile/CL_001.md,119,792,0.7891,0,OK
CL_001,dados_intermediarios/processed/chile/CL_001.md,120,170,0.7824,0,OK
CL_001,dados_intermediarios/processed/chile/CL_001.md,121,1487,0.811,0,OK
CL_001,dados_intermediarios/processed/chile/CL_001.md,122,1834,0.7933,0,OK
CL_001,dados_intermediarios/processed/chile/CL_001.md,123,1402,0.7732,0,OK
CL_001,dados_intermediarios/processed/chile/CL_001.md,124,2069,0.7931,0,OK
CL_001,dados_intermediarios/processed/chile/CL_001.md,125,1465,0.7823,0,OK
CL_001,dados_intermediarios/processed/chile/CL_001.md,126,1748,0.7923,0,OK
CL_001,dados_intermediarios/processed/chile/CL_001.md,127,2006,0.7986,0,OK
CL_001,dados_intermediarios/processed/chile/CL_001.md,128,2433,0.7719,0,OK
CL_001,dados_intermediarios/processed/chile/CL_001.md,129,1780,0.727,0,OK
CL_001,dados_intermediarios/processed/chile/CL_001.md,130,1515,0.7921,0,OK
CL_001,dados_intermediarios/processed/chile/CL_001.md,131,1441,0.8133,0,OK
CL_001,dados_intermediarios/processed/chile/CL_001.md,132,1208,0.7897,0,OK
CL_001,dados_intermediarios/processed/chile/CL_001.md,133,1279,0.7725,0,OK
CL_001,dados_intermediarios/processed/chile/CL_001.md,134,1359,0.7631,0,OK
CL_001,dados_intermediarios/processed/chile/CL_001.md,135,1373,0.7786,0,OK
CL_001,dados_intermediarios/processed/chile/CL_001.md,136,962,0.7661,0,OK
CL_001,dados_intermediarios/processed/chile/CL_001.md,137,1187,0.7793,0,OK
CL_001,dados_intermediarios/processed/chile/CL_001.md,138,2358,0.7977,0,OK
CL_001,dados_intermediarios/processed/chile/CL_001.md,139,1843,0.7906,0,OK
CL_001,dados_intermediarios/processed/chile/CL_001.md,140,1836,0.7876,0,OK
CL_001,dados_intermediarios/processed/chile/CL_001.md,141,1555,0.8019,0,OK
CL_001,dados_intermediarios/processed/chile/CL_001.md,142,1092,0.7729,0,OK
CL_001,dados_intermediarios/processed/chile/CL_001.md,143,2262,0.7913,0,OK
CL_001,dados_intermediarios/processed/chile/CL_001.md,144,1303,0.7882,0,OK
CL_001,dados_intermediarios/processed/chile/CL_001.md,145,2809,0.7967,0,OK
CL_001,dados_intermediarios/processed/chile/CL_001.md,146,1118,0.7943,0,OK
CL_001,dados_intermediarios/processed/chile/CL_001.md,147,2557,0.8185,0,OK
CL_001,dados_intermediarios/processed/chile/CL_001.md,148,3209,0.8087,0,OK
CL_001,dados_intermediarios/processed/chile/CL_001.md,149,2644,0.7965,0,OK
CL_001,dados_intermediarios/processed/chile/CL_001.md,150,2653,0.813,0,OK
CL_001,dados_intermediarios/processed/chile/CL_001.md,151,2706,0.8211,0,OK
CL_001,dados_intermediarios/processed/chile/CL_001.md,152,1779,0.787,0,OK
CL_001,dados_intermediarios/processed/chile/CL_001.md,153,2006,0.7787,0,OK
CL_001,dados_intermediarios/processed/chile/CL_001.md,154,1703,0.7892,0,OK
CL_001,dados_intermediarios/processed/chile/CL_001.md,155,991,0.7709,0,OK
CL_001,dados_intermediarios/processed/chile/CL_001.md,156,2153,0.811,0,OK
CL_001,dados_intermediarios/processed/chile/CL_001.md,157,3051,0.763,0,OK
CL_001,dados_intermediarios/processed/chile/CL_001.md,158,2157,0.7478,0,OK
CL_001,dados_intermediarios/processed/chile/CL_001.md,159,256,0.7969,0,OK
CL_001,dados_intermediarios/processed/chile/CL_001.md,160,205,0.7951,0,OK
CL_001,dados_intermediarios/processed/chile/CL_001.md,161,168,0.7857,0,OK
CL_001,dados_intermediarios/processed/chile/CL_001.md,162,214,0.7991,0,OK
CL_001,dados_intermediarios/processed/chile/CL_001.md,163,168,0.7857,0,OK
CL_001,dados_intermediarios/processed/chile/CL_001.md,164,200,0.79,0,OK
CL_001,dados_intermediarios/processed/chile/CL_001.md,165,168,0.7857,0,OK
CL_001,dados_intermediarios/processed/chile/CL_001.md,166,205,0.7951,0,OK
CL_001,dados_intermediarios/processed/chile/CL_001.md,167,168,0.7857,0,OK
CL_002,dados_intermediarios/processed/chile/CL_002.md,1,257,0.8521,0,OK
CL_002,dados_intermediarios/processed/chile/CL_002.md,5,267,0.8427,0,OK
CL_002,dados_intermediarios/processed/chile/CL_002.md,6,552,0.8225,0,OK
CL_002,dados_intermediarios/processed/chile/CL_002.md,7,747,0.8474,0,OK
CL_002,dados_intermediarios/processed/chile/CL_002.md,8,655,0.8611,0,OK
CL_002,dados_intermediarios/processed/chile/CL_002.md,9,495,0.8707,0,OK
CL_002,dados_intermediarios/processed/chile/CL_002.md,10,1,1.0,0,LOW_TEXT
CL_002,dados_intermediarios/processed/chile/CL_002.md,11,16,0.875,0,LOW_TEXT
CL_002,dados_intermediarios/processed/chile/CL_002.md,12,73,0.6712,0,OK
CL_002,dados_intermediarios/processed/chile/CL_002.md,13,3050,0.8121,0,OK
CL_002,dados_intermediarios/processed/chile/CL_002.md,14,2439,0.804,0,OK
CL_002,dados_intermediarios/processed/chile/CL_002.md,15,550,0.7945,0,OK
CL_002,dados_intermediarios/processed/chile/CL_002.md,16,2738,0.8097,0,OK
CL_002,dados_intermediarios/processed/chile/CL_002.md,17,928,0.805,0,OK
CL_002,dados_intermediarios/processed/chile/CL_002.md,18,4330,0.8079,0,OK
CL_002,dados_intermediarios/processed/chile/CL_002.md,19,3824,0.8164,0,OK
CL_002,dados_intermediarios/processed/chile/CL_002.md,20,4668,0.8061,0,OK
CL_002,dados_intermediarios/processed/chile/CL_002.md,21,4807,0.813,0,OK
CL_002,dados_intermediarios/processed/chile/CL_002.md,22,4550,0.8119,0,OK
CL_002,dados_intermediarios/processed/chile/CL_002.md,23,4606,0.8107,0,OK
CL_002,dados_intermediarios/processed/chile/CL_002.md,24,4708,0.8165,0,OK
CL_002,dados_intermediarios/processed/chile/CL_002.md,25,3888,0.8166,0,OK
CL_002,dados_intermediarios/processed/chile/CL_002.md,26,1482,0.8111,0,OK
CL_002,dados_intermediarios/processed/chile/CL_002.md,27,4082,0.8114,0,OK
CL_002,dados_intermediarios/processed/chile/CL_002.md,28,4821,0.8133,0,OK
CL_002,dados_intermediarios/processed/chile/CL_002.md,29,4697,0.8109,0,OK
CL_002,dados_intermediarios/processed/chile/CL_002.md,30,1186,0.8052,0,OK
CL_002,dados_intermediarios/processed/chile/CL_002.md,31,3840,0.7831,0,OK
CL_002,dados_intermediarios/processed/chile/CL_002.md,32,73,0.6712,0,OK
CL_002,dados_intermediarios/processed/chile/CL_002.md,33,104,0.7019,0,OK
CL_002,dados_intermediarios/processed/chile/CL_002.md,34,4056,0.8173,0,OK
CL_002,dados_intermediarios/processed/chile/CL_002.md,35,2346,0.8133,0,OK
CL_002,dados_intermediarios/processed/chile/CL_002.md,36,3067,0.8135,0,OK
CL_002,dados_intermediarios/processed/chile/CL_002.md,37,4197,0.8003,0,OK
CL_002,dados_intermediarios/processed/chile/CL_002.md,38,5178,0.8121,0,OK
CL_002,dados_intermediarios/processed/chile/CL_002.md,39,5016,0.8078,0,OK
CL_002,dados_intermediarios/processed/chile/CL_002.md,40,5074,0.8116,0,OK
CL_002,dados_intermediarios/processed/chile/CL_002.md,41,4978,0.8096,0,OK
CL_002,dados_intermediarios/processed/chile/CL_002.md,42,5254,0.8137,0,OK
CL_002,dados_intermediarios/processed/chile/CL_002.md,43,5013,0.8111,0,OK
CL_002,dados_intermediarios/processed/chile/CL_002.md,44,5267,0.8155,0,OK
CL_002,dados_intermediarios/processed/chile/CL_002.md,45,5249,0.8179,0,OK
CL_002,dados_intermediarios/processed/chile/CL_002.md,46,4381,0.8135,0,OK
CL_002,dados_intermediarios/processed/chile/CL_002.md,47,926,0.7959,0,OK
CL_002,dados_intermediarios/processed/chile/CL_002.md,48,3668,0.759,0,OK
CL_002,dados_intermediarios/processed/chile/CL_002.md,49,3781,0.7445,0,OK
CL_002,dados_intermediarios/processed/chile/CL_002.md,50,1887,0.7239,0,OK
CL_002,dados_intermediarios/processed/chile/CL_002.md,51,18,0.8333,0,LOW_TEXT
CL_002,dados_intermediarios/processed/chile/CL_002.md,52,2064,0.7888,0,OK
CL_002,dados_intermediarios/processed/chile/CL_002.md,53,1785,0.7927,0,OK
CL_002,dados_intermediarios/processed/chile/CL_002.md,54,2681,0.8049,0,OK
CL_002,dados_intermediarios/processed/chile/CL_002.md,55,2541,0.8076,0,OK
CL_002,dados_intermediarios/processed/chile/CL_002.md,56,1050,0.8181,0,OK
CL_002,dados_intermediarios/processed/chile/CL_002.md,57,97,0.701,0,OK
CL_002,dados_intermediarios/processed/chile/CL_002.md,58,2142,0.7894,0,OK
CL_002,dados_intermediarios/processed/chile/CL_002.md,59,1887,0.7901,0,OK
CL_002,dados_intermediarios/processed/chile/CL_002.md,60,2513,0.7967,0,OK
CL_002,dados_intermediarios/processed/chile/CL_002.md,61,2550,0.8075,0,OK
CL_002,dados_intermediarios/processed/chile/CL_002.md,62,2205,0.8168,0,OK
CL_002,dados_intermediarios/processed/chile/CL_002.md,63,97,0.701,0,OK
CL_002,dados_intermediarios/processed/chile/CL_002.md,64,1987,0.7856,0,OK
CL_002,dados_intermediarios/processed/chile/CL_002.md,65,2189,0.7857,0,OK
CL_002,dados_intermediarios/processed/chile/CL_002.md,66,2750,0.8025,0,OK
CL_002,dados_intermediarios/processed/chile/CL_002.md,67,2802,0.8087,0,OK
CL_002,dados_intermediarios/processed/chile/CL_002.md,68,2410,0.817,0,OK
CL_002,dados_intermediarios/processed/chile/CL_002.md,69,98,0.6939,0,OK
CL_002,dados_intermediarios/processed/chile/CL_002.md,70,2093,0.785,0,OK
CL_002,dados_intermediarios/processed/chile/CL_002.md,71,2366,0.7904,0,OK
CL_002,dados_intermediarios/processed/chile/CL_002.md,72,2666,0.8016,0,OK
CL_002,dados_intermediarios/processed/chile/CL_002.md,73,2871,0.8123,0,OK
CL_002,dados_intermediarios/processed/chile/CL_002.md,74,2397,0.8039,0,OK
CL_002,dados_intermediarios/processed/chile/CL_002.md,75,937,0.8154,0,OK
CL_002,dados_intermediarios/processed/chile/CL_002.md,76,80,0.675,0,OK
CL_002,dados_intermediarios/processed/chile/CL_002.md,77,166,0.6988,0,OK
CL_002,dados_intermediarios/processed/chile/CL_002.md,78,4000,0.7953,0,OK
CL_002,dados_intermediarios/processed/chile/CL_002.md,79,802,0.7993,0,OK
CL_002,dados_intermediarios/processed/chile/CL_002.md,80,1579,0.7486,0,OK
CL_002,dados_intermediarios/processed/chile/CL_002.md,81,1397,0.7194,0,OK
CL_002,dados_intermediarios/processed/chile/CL_002.md,82,1809,0.738,0,OK
CL_002,dados_intermediarios/processed/chile/CL_002.md,83,1559,0.7191,0,OK
CL_002,dados_intermediarios/processed/chile/CL_002.md,84,1465,0.7222,0,OK
CL_002,dados_intermediarios/processed/chile/CL_002.md,85,1977,0.7183,0,OK
CL_002,dados_intermediarios/processed/chile/CL_002.md,86,2002,0.7123,0,OK
CL_002,dados_intermediarios/processed/chile/CL_002.md,87,2017,0.71,0,OK
CL_002,dados_intermediarios/processed/chile/CL_002.md,88,1744,0.7202,0,OK
CL_002,dados_intermediarios/processed/chile/CL_002.md,89,2473,0.721,0,OK
CL_002,dados_intermediarios/processed/chile/CL_002.md,90,1558,0.7157,0,OK
CL_002,dados_intermediarios/processed/chile/CL_002.md,91,2610,0.7172,0,OK
CL_002,dados_intermediarios/processed/chile/CL_002.md,92,2179,0.71,0,OK
CL_002,dados_intermediarios/processed/chile/CL_002.md,93,2313,0.7237,0,OK
CL_002,dados_intermediarios/processed/chile/CL_002.md,94,562,0.7135,0,OK
CL_002,dados_intermediarios/processed/chile/CL_002.md,95,13,0.9231,0,LOW_TEXT
CL_002,dados_intermediarios/processed/chile/CL_002.md,96,4310,0.8135,0,OK
CL_002,dados_intermediarios/processed/chile/CL_002.md,97,4202,0.8165,0,OK
CL_002,dados_intermediarios/processed/chile/CL_002.md,98,1481,0.813,0,OK
CL_002,dados_intermediarios/processed/chile/CL_002.md,99,3984,0.8135,0,OK
CL_002,dados_intermediarios/processed/chile/CL_002.md,100,4059,0.8197,0,OK
CL_002,dados_intermediarios/processed/chile/CL_002.md,101,4437,0.8141,0,OK
CL_002,dados_intermediarios/processed/chile/CL_002.md,102,3978,0.8193,0,OK
CL_002,dados_intermediarios/processed/chile/CL_002.md,103,1228,0.7989,0,OK
CL_002,dados_intermediarios/processed/chile/CL_002.md,104,3290,0.7395,0,OK
CL_002,dados_intermediarios/processed/chile/CL_002.md,105,1041,0.7397,0,OK
CL_002,dados_intermediarios/processed/chile/CL_002.md,106,72,0.6667,0,OK
CL_002,dados_intermediarios/processed/chile/CL_002.md,107,92,0.6957,0,OK
CL_002,dados_intermediarios/processed/chile/CL_002.md,108,1489,0.7938,0,OK
CL_002,dados_intermediarios/processed/chile/CL_002.md,109,1816,0.8078,0,OK
CL_002,dados_intermediarios/processed/chile/CL_002.md,110,2267,0.7869,0,OK
CL_002,dados_intermediarios/processed/chile/CL_002.md,111,934,0.803,0,OK
CL_002,dados_intermediarios/processed/chile/CL_002.md,112,72,0.6667,0,OK
CL_002,dados_intermediarios/processed/chile/CL_002.md,113,90,0.7,0,OK
CL_002,dados_intermediarios/processed/chile/CL_002.md,114,1481,0.7961,0,OK
CL_002,dados_intermediarios/processed/chile/CL_002.md,115,1673,0.8129,0,OK
CL_002,dados_intermediarios/processed/chile/CL_002.md,116,2478,0.7744,0,OK
CL_002,dados_intermediarios/processed/chile/CL_002.md,117,1296,0.8063,0,OK
CL_002,dados_intermediarios/processed/chile/CL_002.md,118,72,0.6667,0,OK
CL_002,dados_intermediarios/processed/chile/CL_002.md,119,90,0.7,0,OK
CL_002,dados_intermediarios/processed/chile/CL_002.md,120,1669,0.8149,0,OK
CL_002,dados_intermediarios/processed/chile/CL_002.md,121,2047,0.7948,0,OK
CL_002,dados_intermediarios/processed/chile/CL_002.md,122,2560,0.8004,0,OK
CL_002,dados_intermediarios/processed/chile/CL_002.md,123,18,0.8333,0,LOW_TEXT
CL_002,dados_intermediarios/processed/chile/CL_002.md,124,1676,0.8156,0,OK
CL_002,dados_intermediarios/processed/chile/CL_002.md,125,1717,0.8084,0,OK
CL_002,dados_intermediarios/processed/chile/CL_002.md,126,2119,0.7806,0,OK
CL_002,dados_intermediarios/processed/chile/CL_002.md,127,526,0.8118,0,OK
CL_002,dados_intermediarios/processed/chile/CL_002.md,128,80,0.6875,0,OK
CL_002,dados_intermediarios/processed/chile/CL_002.md,129,27,0.8519,0,LOW_TEXT
CL_002,dados_intermediarios/processed/chile/CL_002.md,130,3699,0.8137,0,OK
CL_002,dados_intermediarios/processed/chile/CL_002.md,131,3446,0.8134,0,OK
CL_002,dados_intermediarios/processed/chile/CL_002.md,132,4673,0.8166,0,OK
CL_002,dados_intermediarios/processed/chile/CL_002.md,133,4746,0.818,0,OK
CL_002,dados_intermediarios/processed/chile/CL_002.md,134,864,0.8032,0,OK
CL_002,dados_intermediarios/processed/chile/CL_002.md,135,2895,0.8173,0,OK
CL_002,dados_intermediarios/processed/chile/CL_002.md,136,4971,0.8125,0,OK
CL_002,dados_intermediarios/processed/chile/CL_002.md,137,2578,0.8088,0,OK
CL_002,dados_intermediarios/processed/chile/CL_002.md,138,4613,0.8205,0,OK
CL_002,dados_intermediarios/processed/chile/CL_002.md,139,2253,0.8211,0,OK
CL_002,dados_intermediarios/processed/chile/CL_002.md,140,2984,0.806,0,OK
CL_002,dados_intermediarios/processed/chile/CL_002.md,141,2873,0.8103,0,OK
CL_002,dados_intermediarios/processed/chile/CL_002.md,142,2756,0.8142,0,OK
CL_002,dados_intermediarios/processed/chile/CL_002.md,143,3962,0.7395,0,OK
CL_002,dados_intermediarios/processed/chile/CL_002.md,144,3307,0.7614,0,OK
CL_002,dados_intermediarios/processed/chile/CL_002.md,145,99,0.7172,0,OK
CL_002,dados_intermediarios/processed/chile/CL_002.md,146,2098,0.8093,0,OK
CL_002,dados_intermediarios/processed/chile/CL_002.md,147,1622,0.7941,0,OK
CL_002,dados_intermediarios/processed/chile/CL_002.md,148,2379,0.7911,0,OK
CL_002,dados_intermediarios/processed/chile/CL_002.md,149,804,0.8085,0,OK
CL_002,dados_intermediarios/processed/chile/CL_002.md,150,80,0.6875,0,OK
CL_002,dados_intermediarios/processed/chile/CL_002.md,151,97,0.7216,0,OK
CL_002,dados_intermediarios/processed/chile/CL_002.md,152,2098,0.8093,0,OK
CL_002,dados_intermediarios/processed/chile/CL_002.md,153,1762,0.8002,0,OK
CL_002,dados_intermediarios/processed/chile/CL_002.md,154,2202,0.7988,0,OK
CL_002,dados_intermediarios/processed/chile/CL_002.md,155,1797,0.7958,0,OK
CL_002,dados_intermediarios/processed/chile/CL_002.md,156,80,0.6875,0,OK
CL_002,dados_intermediarios/processed/chile/CL_002.md,157,97,0.7216,0,OK
CL_002,dados_intermediarios/processed/chile/CL_002.md,158,1936,0.8197,0,OK
CL_002,dados_intermediarios/processed/chile/CL_002.md,159,2016,0.8016,0,OK
CL_002,dados_intermediarios/processed/chile/CL_002.md,160,2699,0.7996,0,OK
CL_002,dados_intermediarios/processed/chile/CL_002.md,161,2693,0.7906,0,OK
CL_002,dados_intermediarios/processed/chile/CL_002.md,162,1236,0.801,0,OK
CL_002,dados_intermediarios/processed/chile/CL_002.md,163,98,0.7143,0,OK
CL_002,dados_intermediarios/processed/chile/CL_002.md,164,1938,0.8189,0,OK
CL_002,dados_intermediarios/processed/chile/CL_002.md,165,1944,0.8056,0,OK
CL_002,dados_intermediarios/processed/chile/CL_002.md,166,2458,0.8051,0,OK
CL_002,dados_intermediarios/processed/chile/CL_002.md,167,1396,0.8016,0,OK
CL_002,dados_intermediarios/processed/chile/CL_002.md,168,80,0.6875,0,OK
CL_002,dados_intermediarios/processed/chile/CL_002.md,169,126,0.754,0,OK
CL_002,dados_intermediarios/processed/chile/CL_002.md,170,2234,0.8268,0,OK
CL_002,dados_intermediarios/processed/chile/CL_002.md,171,2297,0.8276,0,OK
CL_002,dados_intermediarios/processed/chile/CL_002.md,172,80,0.6875,0,OK
CL_002,dados_intermediarios/processed/chile/CL_002.md,173,148,0.7432,0,OK
CL_002,dados_intermediarios/processed/chile/CL_002.md,174,1357,0.7929,0,OK
CL_002,dados_intermediarios/processed/chile/CL_002.md,175,79,0.6962,0,OK
CL_002,dados_intermediarios/processed/chile/CL_002.md,176,101,0.7129,0,OK
CL_002,dados_intermediarios/processed/chile/CL_002.md,177,147,0.7415,0,OK
CL_002,dados_intermediarios/processed/chile/CL_002.md,178,3723,0.8176,0,OK
CL_002,dados_intermediarios/processed/chile/CL_002.md,179,4058,0.8169,0,OK
CL_002,dados_intermediarios/processed/chile/CL_002.md,180,4920,0.8173,0,OK
CL_002,dados_intermediarios/processed/chile/CL_002.md,181,1468,0.814,0,OK
CL_002,dados_intermediarios/processed/chile/CL_002.md,182,3207,0.8142,0,OK
CL_002,dados_intermediarios/processed/chile/CL_002.md,183,4343,0.8096,0,OK
CL_002,dados_intermediarios/processed/chile/CL_002.md,184,3749,0.8202,0,OK
CL_002,dados_intermediarios/processed/chile/CL_002.md,185,4741,0.8222,0,OK
CL_002,dados_intermediarios/processed/chile/CL_002.md,186,3616,0.81,0,OK
CL_002,dados_intermediarios/processed/chile/CL_002.md,187,3589,0.7314,0,OK
CL_002,dados_intermediarios/processed/chile/CL_002.md,188,3587,0.7385,0,OK
CL_002,dados_intermediarios/processed/chile/CL_002.md,189,3622,0.7289,0,OK
CL_002,dados_intermediarios/processed/chile/CL_002.md,190,1937,0.729,0,OK
CL_002,dados_intermediarios/processed/chile/CL_002.md,191,19,0.8421,0,LOW_TEXT
CL_002,dados_intermediarios/processed/chile/CL_002.md,192,1954,0.8117,0,OK
CL_002,dados_intermediarios/processed/chile/CL_002.md,193,2273,0.8201,0,OK
CL_002,dados_intermediarios/processed/chile/CL_002.md,194,3006,0.8127,0,OK
CL_002,dados_intermediarios/processed/chile/CL_002.md,195,3104,0.8102,0,OK
CL_002,dados_intermediarios/processed/chile/CL_002.md,196,101,0.7129,0,OK
CL_002,dados_intermediarios/processed/chile/CL_002.md,197,119,0.7311,0,OK
CL_002,dados_intermediarios/processed/chile/CL_002.md,198,1954,0.8117,0,OK
CL_002,dados_intermediarios/processed/chile/CL_002.md,199,2329,0.8162,0,OK
CL_002,dados_intermediarios/processed/chile/CL_002.md,200,3247,0.8115,0,OK
CL_002,dados_intermediarios/processed/chile/CL_002.md,201,2614,0.8106,0,OK
CL_002,dados_intermediarios/processed/chile/CL_002.md,202,101,0.7129,0,OK
CL_002,dados_intermediarios/processed/chile/CL_002.md,203,119,0.7311,0,OK
CL_002,dados_intermediarios/processed/chile/CL_002.md,204,2198,0.8148,0,OK
CL_002,dados_intermediarios/processed/chile/CL_002.md,205,2116,0.8152,0,OK
CL_002,dados_intermediarios/processed/chile/CL_002.md,206,3393,0.809,0,OK
CL_002,dados_intermediarios/processed/chile/CL_002.md,207,3159,0.8148,0,OK
CL_002,dados_intermediarios/processed/chile/CL_002.md,208,1469,0.8053,0,OK
CL_002,dados_intermediarios/processed/chile/CL_002.md,209,18,0.8333,0,LOW_TEXT
CL_002,dados_intermediarios/processed/chile/CL_002.md,210,2095,0.8138,0,OK
CL_002,dados_intermediarios/processed/chile/CL_002.md,211,1415,0.8184,0,OK
CL_002,dados_intermediarios/processed/chile/CL_002.md,212,3370,0.8068,0,OK
CL_002,dados_intermediarios/processed/chile/CL_002.md,213,3573,0.8144,0,OK
CL_002,dados_intermediarios/processed/chile/CL_002.md,214,3089,0.819,0,OK
CL_002,dados_intermediarios/processed/chile/CL_002.md,215,101,0.7129,0,OK
CL_002,dados_intermediarios/processed/chile/CL_002.md,216,87,0.6897,0,OK
CL_002,dados_intermediarios/processed/chile/CL_002.md,217,35,0.8,0,LOW_TEXT
CL_002,dados_intermediarios/processed/chile/CL_002.md,218,4081,0.8094,0,OK
CL_002,dados_intermediarios/processed/chile/CL_002.md,219,4006,0.8183,0,OK
CL_002,dados_intermediarios/processed/chile/CL_002.md,220,4950,0.816,0,OK
CL_002,dados_intermediarios/processed/chile/CL_002.md,221,4896,0.8162,0,OK
CL_002,dados_intermediarios/processed/chile/CL_002.md,222,5258,0.8172,0,OK
CL_002,dados_intermediarios/processed/chile/CL_002.md,223,4985,0.8136,0,OK
CL_002,dados_intermediarios/processed/chile/CL_002.md,224,4917,0.8062,0,OK
CL_002,dados_intermediarios/processed/chile/CL_002.md,225,4015,0.8125,0,OK
CL_002,dados_intermediarios/processed/chile/CL_002.md,226,3630,0.8069,0,OK
CL_002,dados_intermediarios/processed/chile/CL_002.md,227,3334,0.7573,0,OK
CL_002,dados_intermediarios/processed/chile/CL_002.md,228,2653,0.7493,0,OK
CL_002,dados_intermediarios/processed/chile/CL_002.md,229,107,0.7103,0,OK
CL_002,dados_intermediarios/processed/chile/CL_002.md,230,2661,0.7865,0,OK
CL_002,dados_intermediarios/processed/chile/CL_002.md,231,2740,0.773,0,OK
CL_002,dados_intermediarios/processed/chile/CL_002.md,232,3122,0.7924,0,OK
CL_002,dados_intermediarios/processed/chile/CL_002.md,233,2079,0.7739,0,OK
CL_002,dados_intermediarios/processed/chile/CL_002.md,234,87,0.6897,0,OK
CL_002,dados_intermediarios/processed/chile/CL_002.md,235,105,0.7143,0,OK
CL_002,dados_intermediarios/processed/chile/CL_002.md,236,2660,0.7876,0,OK
CL_002,dados_intermediarios/processed/chile/CL_002.md,237,2474,0.7749,0,OK
CL_002,dados_intermediarios/processed/chile/CL_002.md,238,3170,0.7886,0,OK
CL_002,dados_intermediarios/processed/chile/CL_002.md,239,2557,0.7728,0,OK
CL_002,dados_intermediarios/processed/chile/CL_002.md,240,87,0.6897,0,OK
CL_002,dados_intermediarios/processed/chile/CL_002.md,241,105,0.7143,0,OK
CL_002,dados_intermediarios/processed/chile/CL_002.md,242,2216,0.7987,0,OK
CL_002,dados_intermediarios/processed/chile/CL_002.md,243,2499,0.7823,0,OK
CL_002,dados_intermediarios/processed/chile/CL_002.md,244,3465,0.7769,0,OK
CL_002,dados_intermediarios/processed/chile/CL_002.md,245,2851,0.7959,0,OK
CL_002,dados_intermediarios/processed/chile/CL_002.md,246,845,0.7657,0,OK
CL_002,dados_intermediarios/processed/chile/CL_002.md,247,18,0.8333,0,LOW_TEXT
CL_002,dados_intermediarios/processed/chile/CL_002.md,248,2336,0.7962,0,OK
CL_002,dados_intermediarios/processed/chile/CL_002.md,249,2553,0.7842,0,OK
CL_002,dados_intermediarios/processed/chile/CL_002.md,250,3140,0.779,0,OK
CL_002,dados_intermediarios/processed/chile/CL_002.md,251,2774,0.796,0,OK
CL_002,dados_intermediarios/processed/chile/CL_002.md,252,797,0.7528,0,OK
CL_002,dados_intermediarios/processed/chile/CL_002.md,253,18,0.8889,0,LOW_TEXT
CL_002,dados_intermediarios/processed/chile/CL_002.md,254,2643,0.8138,0,OK
CL_002,dados_intermediarios/processed/chile/CL_002.md,255,1355,0.7852,0,OK
CL_002,dados_intermediarios/processed/chile/CL_002.md,256,86,0.686,0,OK
CL_002,dados_intermediarios/processed/chile/CL_002.md,257,33,0.8182,0,LOW_TEXT
CL_002,dados_intermediarios/processed/chile/CL_002.md,258,4307,0.8156,0,OK
CL_002,dados_intermediarios/processed/chile/CL_002.md,259,2408,0.8202,0,OK
CL_002,dados_intermediarios/processed/chile/CL_002.md,260,3141,0.8173,0,OK
CL_002,dados_intermediarios/processed/chile/CL_002.md,261,3293,0.8072,0,OK
CL_002,dados_intermediarios/processed/chile/CL_002.md,262,658,0.7933,0,OK
CL_002,dados_intermediarios/processed/chile/CL_002.md,263,2965,0.7329,0,OK
CL_002,dados_intermediarios/processed/chile/CL_002.md,264,86,0.686,0,OK
CL_002,dados_intermediarios/processed/chile/CL_002.md,265,106,0.7075,0,OK
CL_002,dados_intermediarios/processed/chile/CL_002.md,266,2296,0.7949,0,OK
CL_002,dados_intermediarios/processed/chile/CL_002.md,267,17,0.8824,0,LOW_TEXT
CL_002,dados_intermediarios/processed/chile/CL_002.md,268,2485,0.7988,0,OK
CL_002,dados_intermediarios/processed/chile/CL_002.md,269,17,0.8824,0,LOW_TEXT
CL_002,dados_intermediarios/processed/chile/CL_002.md,270,2157,0.7983,0,OK
CL_002,dados_intermediarios/processed/chile/CL_002.md,271,652,0.7929,0,OK
CL_002,dados_intermediarios/processed/chile/CL_002.md,272,86,0.686,0,OK
CL_002,dados_intermediarios/processed/chile/CL_002.md,273,105,0.7048,0,OK
CL_002,dados_intermediarios/processed/chile/CL_002.md,274,2194,0.7995,0,OK
CL_002,dados_intermediarios/processed/chile/CL_002.md,275,734,0.7956,0,OK
CL_002,dados_intermediarios/processed/chile/CL_002.md,276,86,0.686,0,OK
CL_002,dados_intermediarios/processed/chile/CL_002.md,277,156,0.7436,0,OK
CL_002,dados_intermediarios/processed/chile/CL_002.md,278,1081,0.778,0,OK
CL_002,dados_intermediarios/processed/chile/CL_002.md,279,965,0.7337,0,OK
CL_002,dados_intermediarios/processed/chile/CL_002.md,280,86,0.686,0,OK
CL_002,dados_intermediarios/processed/chile/CL_002.md,281,106,0.7075,0,OK
CL_002,dados_intermediarios/processed/chile/CL_002.md,282,2816,0.8139,0,OK
CL_002,dados_intermediarios/processed/chile/CL_002.md,283,2500,0.8132,0,OK
CL_002,dados_intermediarios/processed/chile/CL_002.md,284,68,0.6471,0,OK
CL_002,dados_intermediarios/processed/chile/CL_002.md,285,92,0.6957,0,OK
CL_002,dados_intermediarios/processed/chile/CL_002.md,286,4042,0.8152,0,OK
CL_002,dados_intermediarios/processed/chile/CL_002.md,287,3827,0.8134,0,OK
CL_002,dados_intermediarios/processed/chile/CL_002.md,288,4692,0.8078,0,OK
CL_002,dados_intermediarios/processed/chile/CL_002.md,289,4622,0.8122,0,OK
CL_002,dados_intermediarios/processed/chile/CL_002.md,290,4240,0.8047,0,OK
CL_002,dados_intermediarios/processed/chile/CL_002.md,291,4300,0.8179,0,OK
CL_002,dados_intermediarios/processed/chile/CL_002.md,292,877,0.8027,0,OK
CL_002,dados_intermediarios/processed/chile/CL_002.md,293,3843,0.8124,0,OK
CL_002,dados_intermediarios/processed/chile/CL_002.md,294,1843,0.8226,0,OK
CL_002,dados_intermediarios/processed/chile/CL_002.md,295,4233,0.8108,0,OK
CL_002,dados_intermediarios/processed/chile/CL_002.md,296,705,0.7333,0,OK
CL_002,dados_intermediarios/processed/chile/CL_002.md,297,1808,0.8048,0,OK
CL_002,dados_intermediarios/processed/chile/CL_002.md,298,1093,0.7951,0,OK
CL_002,dados_intermediarios/processed/chile/CL_002.md,299,88,0.6818,0,OK
CL_002,dados_intermediarios/processed/chile/CL_002.md,300,1375,0.8109,0,OK
CL_002,dados_intermediarios/processed/chile/CL_002.md,301,99,0.7071,0,OK
CL_002,dados_intermediarios/processed/chile/CL_002.md,302,1620,0.8136,0,OK
CL_002,dados_intermediarios/processed/chile/CL_002.md,303,17,0.8824,0,LOW_TEXT
CL_002,dados_intermediarios/processed/chile/CL_002.md,304,1598,0.8135,0,OK
CL_002,dados_intermediarios/processed/chile/CL_002.md,305,87,0.6782,0,OK
CL_002,dados_intermediarios/processed/chile/CL_002.md,306,1567,0.8098,0,OK
CL_002,dados_intermediarios/processed/chile/CL_002.md,307,1924,0.711,0,OK
CL_002,dados_intermediarios/processed/chile/CL_002.md,308,2523,0.744,0,OK
CL_002,dados_intermediarios/processed/chile/CL_002.md,309,120,0.7167,0,OK
CL_002,dados_intermediarios/processed/chile/CL_002.md,310,3810,0.8021,0,OK
CL_002,dados_intermediarios/processed/chile/CL_002.md,311,3485,0.8146,0,OK
CL_002,dados_intermediarios/processed/chile/CL_002.md,312,2977,0.7874,0,OK
CL_002,dados_intermediarios/processed/chile/CL_002.md,313,3025,0.7798,0,OK
CL_002,dados_intermediarios/processed/chile/CL_002.md,314,76,0.6711,0,OK
CL_002,dados_intermediarios/processed/chile/CL_002.md,315,101,0.703,0,OK
CL_002,dados_intermediarios/processed/chile/CL_002.md,316,3885,0.8139,0,OK
CL_002,dados_intermediarios/processed/chile/CL_002.md,317,3692,0.8202,0,OK
CL_002,dados_intermediarios/processed/chile/CL_002.md,318,5129,0.8066,0,OK
CL_002,dados_intermediarios/processed/chile/CL_002.md,319,4069,0.8203,0,OK
CL_002,dados_intermediarios/processed/chile/CL_002.md,320,3758,0.8199,0,OK
CL_002,dados_intermediarios/processed/chile/CL_002.md,321,1386,0.811,0,OK
CL_002,dados_intermediarios/processed/chile/CL_002.md,322,819,0.8059,0,OK
CL_002,dados_intermediarios/processed/chile/CL_002.md,323,3067,0.8145,0,OK
CL_002,dados_intermediarios/processed/chile/CL_002.md,324,4510,0.8188,0,OK
CL_002,dados_intermediarios/processed/chile/CL_002.md,325,1057,0.8032,0,OK
CL_002,dados_intermediarios/processed/chile/CL_002.md,326,76,0.6711,0,OK
CL_002,dados_intermediarios/processed/chile/CL_002.md,327,96,0.6979,0,OK
CL_002,dados_intermediarios/processed/chile/CL_002.md,328,1272,0.8184,0,OK
CL_002,dados_intermediarios/processed/chile/CL_002.md,329,86,0.686,0,OK
CL_002,dados_intermediarios/processed/chile/CL_002.md,330,1229,0.8153,0,OK
CL_002,dados_intermediarios/processed/chile/CL_002.md,331,94,0.7021,0,OK
CL_002,dados_intermediarios/processed/chile/CL_002.md,332,1398,0.8119,0,OK
CL_002,dados_intermediarios/processed/chile/CL_002.md,333,95,0.6947,0,OK
CL_002,dados_intermediarios/processed/chile/CL_002.md,334,1372,0.8149,0,OK
CL_002,dados_intermediarios/processed/chile/CL_002.md,335,1119,0.7551,0,OK
CL_002,dados_intermediarios/processed/chile/CL_002.md,336,76,0.6711,0,OK
CL_002,dados_intermediarios/processed/chile/CL_002.md,337,128,0.7266,0,OK
CL_002,dados_intermediarios/processed/chile/CL_002.md,338,2336,0.792,0,OK
CL_002,dados_intermediarios/processed/chile/CL_002.md,339,2628,0.7835,0,OK
CL_002,dados_intermediarios/processed/chile/CL_002.md,340,73,0.6712,0,OK
CL_002,dados_intermediarios/processed/chile/CL_002.md,341,89,0.7079,0,OK
CL_002,dados_intermediarios/processed/chile/CL_002.md,342,4301,0.8224,0,OK
CL_002,dados_intermediarios/processed/chile/CL_002.md,343,3806,0.8137,0,OK
CL_002,dados_intermediarios/processed/chile/CL_002.md,344,4756,0.8129,0,OK
CL_002,dados_intermediarios/processed/chile/CL_002.md,345,4764,0.817,0,OK
CL_002,dados_intermediarios/processed/chile/CL_002.md,346,4958,0.8154,0,OK
CL_002,dados_intermediarios/processed/chile/CL_002.md,347,3953,0.8168,0,OK
CL_002,dados_intermediarios/processed/chile/CL_002.md,348,5107,0.8179,0,OK
CL_002,dados_intermediarios/processed/chile/CL_002.md,349,4017,0.8175,0,OK
CL_002,dados_intermediarios/processed/chile/CL_002.md,350,4502,0.8223,0,OK
CL_002,dados_intermediarios/processed/chile/CL_002.md,351,73,0.6712,0,OK
CL_002,dados_intermediarios/processed/chile/CL_002.md,352,77,0.6753,0,OK
CL_002,dados_intermediarios/processed/chile/CL_002.md,353,93,0.6989,0,OK
CL_002,dados_intermediarios/processed/chile/CL_002.md,354,2317,0.8222,0,OK
CL_002,dados_intermediarios/processed/chile/CL_002.md,355,1336,0.8196,0,OK
CL_002,dados_intermediarios/processed/chile/CL_002.md,356,77,0.6753,0,OK
CL_002,dados_intermediarios/processed/chile/CL_002.md,357,92,0.6957,0,OK
CL_002,dados_intermediarios/processed/chile/CL_002.md,358,2317,0.8222,0,OK
CL_002,dados_intermediarios/processed/chile/CL_002.md,359,1336,0.8196,0,OK
CL_002,dados_intermediarios/processed/chile/CL_002.md,360,73,0.6712,0,OK
CL_002,dados_intermediarios/processed/chile/CL_002.md,361,95,0.7053,0,OK
CL_002,dados_intermediarios/processed/chile/CL_002.md,362,2115,0.8095,0,OK
CL_002,dados_intermediarios/processed/chile/CL_002.md,363,1482,0.8117,0,OK
CL_002,dados_intermediarios/processed/chile/CL_002.md,364,77,0.6753,0,OK
CL_002,dados_intermediarios/processed/chile/CL_002.md,365,92,0.6957,0,OK
CL_002,dados_intermediarios/processed/chile/CL_002.md,366,2115,0.8095,0,OK
CL_002,dados_intermediarios/processed/chile/CL_002.md,367,1482,0.8117,0,OK
CL_002,dados_intermediarios/processed/chile/CL_002.md,368,3450,0.758,0,OK
CL_002,dados_intermediarios/processed/chile/CL_002.md,369,788,0.7437,0,OK
CL_002,dados_intermediarios/processed/chile/CL_002.md,370,73,0.6712,0,OK
CL_002,dados_intermediarios/processed/chile/CL_002.md,371,125,0.728,0,OK
CL_002,dados_intermediarios/processed/chile/CL_002.md,372,2723,0.7852,0,OK
CL_002,dados_intermediarios/processed/chile/CL_002.md,373,3510,0.7835,0,OK
CL_002,dados_intermediarios/processed/chile/CL_002.md,374,2664,0.7868,0,OK
CL_002,dados_intermediarios/processed/chile/CL_002.md,375,3361,0.7822,0,OK
CL_002,dados_intermediarios/processed/chile/CL_002.md,376,2322,0.7903,0,OK
CL_002,dados_intermediarios/processed/chile/CL_002.md,377,73,0.6712,0,OK
CL_002,dados_intermediarios/processed/chile/CL_002.md,378,72,0.6667,0,OK
CL_002,dados_intermediarios/processed/chile/CL_002.md,379,87,0.7011,0,OK
CL_002,dados_intermediarios/processed/chile/CL_002.md,380,4025,0.8127,0,OK
CL_002,dados_intermediarios/processed/chile/CL_002.md,381,3470,0.8138,0,OK
CL_002,dados_intermediarios/processed/chile/CL_002.md,382,3849,0.8174,0,OK
CL_002,dados_intermediarios/processed/chile/CL_002.md,383,3109,0.8199,0,OK
CL_002,dados_intermediarios/processed/chile/CL_002.md,384,3364,0.8151,0,OK
CL_002,dados_intermediarios/processed/chile/CL_002.md,385,19,0.8421,0,LOW_TEXT
CL_002,dados_intermediarios/processed/chile/CL_002.md,386,1372,0.8178,0,OK
CL_002,dados_intermediarios/processed/chile/CL_002.md,387,90,0.7,0,OK
CL_002,dados_intermediarios/processed/chile/CL_002.md,388,1339,0.8223,0,OK
CL_002,dados_intermediarios/processed/chile/CL_002.md,389,90,0.7,0,OK
CL_002,dados_intermediarios/processed/chile/CL_002.md,390,1260,0.8127,0,OK
CL_002,dados_intermediarios/processed/chile/CL_002.md,391,91,0.6923,0,OK
CL_002,dados_intermediarios/processed/chile/CL_002.md,392,1626,0.8272,0,OK
CL_002,dados_intermediarios/processed/chile/CL_002.md,393,3361,0.7391,0,OK
CL_002,dados_intermediarios/processed/chile/CL_002.md,394,72,0.6667,0,OK
CL_002,dados_intermediarios/processed/chile/CL_002.md,395,124,0.7258,0,OK
CL_002,dados_intermediarios/processed/chile/CL_002.md,396,1885,0.7936,0,OK
CL_002,dados_intermediarios/processed/chile/CL_002.md,397,2034,0.7891,0,OK
CL_002,dados_intermediarios/processed/chile/CL_002.md,398,1641,0.791,0,OK
CL_002,dados_intermediarios/processed/chile/CL_002.md,399,72,0.6667,0,OK
CL_002,dados_intermediarios/processed/chile/CL_002.md,402,188,0.8564,0,OK
CL_003,dados_intermediarios/processed/chile/CL_003.md,1,614,0.8534,0,OK
CL_003,dados_intermediarios/processed/chile/CL_003.md,4,570,0.7912,0,OK
CL_003,dados_intermediarios/processed/chile/CL_003.md,5,75,0.84,0,OK
CL_003,dados_intermediarios/processed/chile/CL_003.md,7,2099,0.8266,0,OK
CL_003,dados_intermediarios/processed/chile/CL_003.md,8,265,0.8226,0,OK
CL_003,dados_intermediarios/processed/chile/CL_003.md,10,772,0.8484,0,OK
CL_003,dados_intermediarios/processed/chile/CL_003.md,11,643,0.8631,0,OK
CL_003,dados_intermediarios/processed/chile/CL_003.md,12,905,0.863,0,OK
CL_003,dados_intermediarios/processed/chile/CL_003.md,13,1017,0.8653,0,OK
CL_003,dados_intermediarios/processed/chile/CL_003.md,14,1087,0.8638,0,OK
CL_003,dados_intermediarios/processed/chile/CL_003.md,15,362,0.8481,0,OK
CL_003,dados_intermediarios/processed/chile/CL_003.md,16,282,0.844,0,OK
CL_003,dados_intermediarios/processed/chile/CL_003.md,17,12,1.0,0,LOW_TEXT
CL_003,dados_intermediarios/processed/chile/CL_003.md,18,2163,0.8058,0,OK
CL_003,dados_intermediarios/processed/chile/CL_003.md,19,2394,0.8124,0,OK
CL_003,dados_intermediarios/processed/chile/CL_003.md,20,1156,0.8235,0,OK
CL_003,dados_intermediarios/processed/chile/CL_003.md,21,3565,0.8076,0,OK
CL_003,dados_intermediarios/processed/chile/CL_003.md,22,4012,0.8123,0,OK
CL_003,dados_intermediarios/processed/chile/CL_003.md,23,3909,0.8058,0,OK
CL_003,dados_intermediarios/processed/chile/CL_003.md,24,4098,0.8128,0,OK
CL_003,dados_intermediarios/processed/chile/CL_003.md,25,4394,0.8059,0,OK
CL_003,dados_intermediarios/processed/chile/CL_003.md,26,4033,0.8128,0,OK
CL_003,dados_intermediarios/processed/chile/CL_003.md,27,4170,0.8182,0,OK
CL_003,dados_intermediarios/processed/chile/CL_003.md,28,4342,0.8153,0,OK
CL_003,dados_intermediarios/processed/chile/CL_003.md,29,3347,0.8097,0,OK
CL_003,dados_intermediarios/processed/chile/CL_003.md,30,3457,0.8146,0,OK
CL_003,dados_intermediarios/processed/chile/CL_003.md,31,3759,0.818,0,OK
CL_003,dados_intermediarios/processed/chile/CL_003.md,32,3775,0.8042,0,OK
CL_003,dados_intermediarios/processed/chile/CL_003.md,33,3158,0.8144,0,OK
CL_003,dados_intermediarios/processed/chile/CL_003.md,34,3369,0.8071,0,OK
CL_003,dados_intermediarios/processed/chile/CL_003.md,35,2101,0.7949,0,OK
CL_003,dados_intermediarios/processed/chile/CL_003.md,36,3834,0.8109,0,OK
CL_003,dados_intermediarios/processed/chile/CL_003.md,37,931,0.7916,0,OK
CL_003,dados_intermediarios/processed/chile/CL_003.md,39,43,0.8372,0,OK
CL_003,dados_intermediarios/processed/chile/CL_003.md,41,49,0.8367,0,OK
CL_003,dados_intermediarios/processed/chile/CL_003.md,43,28,0.8571,0,LOW_TEXT
CL_003,dados_intermediarios/processed/chile/CL_003.md,44,1405,0.8256,0,OK
CL_003,dados_intermediarios/processed/chile/CL_003.md,45,2653,0.81,0,OK
CL_003,dados_intermediarios/processed/chile/CL_003.md,46,3248,0.8183,0,OK
CL_003,dados_intermediarios/processed/chile/CL_003.md,47,3284,0.8222,0,OK
CL_003,dados_intermediarios/processed/chile/CL_003.md,48,886,0.8183,0,OK
CL_003,dados_intermediarios/processed/chile/CL_003.md,49,1638,0.8175,0,OK
CL_003,dados_intermediarios/processed/chile/CL_003.md,51,678,0.8245,0,OK
CL_003,dados_intermediarios/processed/chile/CL_003.md,52,1421,0.8234,0,OK
CL_003,dados_intermediarios/processed/chile/CL_003.md,53,2098,0.8055,0,OK
CL_003,dados_intermediarios/processed/chile/CL_003.md,54,1436,0.8162,0,OK
CL_003,dados_intermediarios/processed/chile/CL_003.md,55,44,0.9091,0,OK
CL_003,dados_intermediarios/processed/chile/CL_003.md,56,1600,0.8231,0,OK
CL_003,dados_intermediarios/processed/chile/CL_003.md,57,2620,0.8141,0,OK
CL_003,dados_intermediarios/processed/chile/CL_003.md,58,3194,0.8131,0,OK
CL_003,dados_intermediarios/processed/chile/CL_003.md,59,1938,0.8189,0,OK
CL_003,dados_intermediarios/processed/chile/CL_003.md,60,1178,0.8132,0,OK
CL_003,dados_intermediarios/processed/chile/CL_003.md,61,477,0.8302,0,OK
CL_003,dados_intermediarios/processed/chile/CL_003.md,62,1751,0.819,0,OK
CL_003,dados_intermediarios/processed/chile/CL_003.md,63,2081,0.828,0,OK
CL_003,dados_intermediarios/processed/chile/CL_003.md,64,2111,0.8181,0,OK
CL_003,dados_intermediarios/processed/chile/CL_003.md,65,9,1.0,0,LOW_TEXT
CL_003,dados_intermediarios/processed/chile/CL_003.md,66,2524,0.8213,0,OK
CL_003,dados_intermediarios/processed/chile/CL_003.md,67,3008,0.8205,0,OK
CL_003,dados_intermediarios/processed/chile/CL_003.md,68,3916,0.8154,0,OK
CL_003,dados_intermediarios/processed/chile/CL_003.md,69,2331,0.8198,0,OK
CL_003,dados_intermediarios/processed/chile/CL_003.md,70,2167,0.8196,0,OK
CL_003,dados_intermediarios/processed/chile/CL_003.md,71,532,0.8383,0,OK
CL_003,dados_intermediarios/processed/chile/CL_003.md,72,1073,0.8276,0,OK
CL_003,dados_intermediarios/processed/chile/CL_003.md,73,1322,0.8366,0,OK
CL_003,dados_intermediarios/processed/chile/CL_003.md,74,1198,0.8214,0,OK
CL_003,dados_intermediarios/processed/chile/CL_003.md,75,401,0.818,0,OK
CL_003,dados_intermediarios/processed/chile/CL_003.md,77,6,1.0,0,LOW_TEXT
CL_003,dados_intermediarios/processed/chile/CL_003.md,78,1590,0.8151,0,OK
CL_003,dados_intermediarios/processed/chile/CL_003.md,79,2647,0.8122,0,OK
CL_003,dados_intermediarios/processed/chile/CL_003.md,80,3553,0.8165,0,OK
CL_003,dados_intermediarios/processed/chile/CL_003.md,81,2454,0.8199,0,OK
CL_003,dados_intermediarios/processed/chile/CL_003.md,83,60,0.8667,0,OK
CL_003,dados_intermediarios/processed/chile/CL_003.md,84,985,0.8183,0,OK
CL_003,dados_intermediarios/processed/chile/CL_003.md,85,984,0.8252,0,OK
CL_003,dados_intermediarios/processed/chile/CL_003.md,87,20,0.85,0,LOW_TEXT
CL_003,dados_intermediarios/processed/chile/CL_003.md,88,1254,0.8078,0,OK
CL_003,dados_intermediarios/processed/chile/CL_003.md,89,3304,0.8199,0,OK
CL_003,dados_intermediarios/processed/chile/CL_003.md,90,3587,0.8182,0,OK
CL_003,dados_intermediarios/processed/chile/CL_003.md,91,3634,0.8181,0,OK
CL_003,dados_intermediarios/processed/chile/CL_003.md,92,2855,0.8151,0,OK
CL_003,dados_intermediarios/processed/chile/CL_003.md,93,1979,0.8196,0,OK
CL_003,dados_intermediarios/processed/chile/CL_003.md,95,385,0.8312,0,OK
CL_003,dados_intermediarios/processed/chile/CL_003.md,96,1954,0.8153,0,OK
CL_003,dados_intermediarios/processed/chile/CL_003.md,97,2039,0.8151,0,OK
CL_003,dados_intermediarios/processed/chile/CL_003.md,98,551,0.8258,0,OK
CL_003,dados_intermediarios/processed/chile/CL_003.md,99,1598,0.8091,0,OK
CL_003,dados_intermediarios/processed/chile/CL_003.md,100,2149,0.8181,0,OK
CL_003,dados_intermediarios/processed/chile/CL_003.md,101,803,0.7559,0,OK
CL_003,dados_intermediarios/processed/chile/CL_003.md,103,10,1.0,0,LOW_TEXT
CL_003,dados_intermediarios/processed/chile/CL_003.md,104,2187,0.8185,0,OK
CL_003,dados_intermediarios/processed/chile/CL_003.md,105,3031,0.8189,0,OK
CL_003,dados_intermediarios/processed/chile/CL_003.md,106,3491,0.8201,0,OK
CL_003,dados_intermediarios/processed/chile/CL_003.md,107,1895,0.819,0,OK
CL_003,dados_intermediarios/processed/chile/CL_003.md,108,1520,0.8105,0,OK
CL_003,dados_intermediarios/processed/chile/CL_003.md,109,452,0.8341,0,OK
CL_003,dados_intermediarios/processed/chile/CL_003.md,110,1352,0.8299,0,OK
CL_003,dados_intermediarios/processed/chile/CL_003.md,111,614,0.829,0,OK
CL_003,dados_intermediarios/processed/chile/CL_003.md,112,1035,0.83,0,OK
CL_003,dados_intermediarios/processed/chile/CL_003.md,113,1026,0.8255,0,OK
CL_003,dados_intermediarios/processed/chile/CL_003.md,114,299,0.8161,0,OK
CL_003,dados_intermediarios/processed/chile/CL_003.md,115,44,0.7955,0,OK
CL_003,dados_intermediarios/processed/chile/CL_003.md,117,5,1.0,0,LOW_TEXT
CL_003,dados_intermediarios/processed/chile/CL_003.md,118,2111,0.8247,0,OK
CL_003,dados_intermediarios/processed/chile/CL_003.md,119,3286,0.8211,0,OK
CL_003,dados_intermediarios/processed/chile/CL_003.md,120,538,0.8364,0,OK
CL_003,dados_intermediarios/processed/chile/CL_003.md,121,3504,0.8202,0,OK
CL_003,dados_intermediarios/processed/chile/CL_003.md,122,2216,0.8141,0,OK
CL_003,dados_intermediarios/processed/chile/CL_003.md,123,588,0.8333,0,OK
CL_003,dados_intermediarios/processed/chile/CL_003.md,124,1623,0.8306,0,OK
CL_003,dados_intermediarios/processed/chile/CL_003.md,125,1293,0.809,0,OK
CL_003,dados_intermediarios/processed/chile/CL_003.md,126,1581,0.8273,0,OK
CL_003,dados_intermediarios/processed/chile/CL_003.md,127,1706,0.8183,0,OK
CL_003,dados_intermediarios/processed/chile/CL_003.md,129,24,0.875,0,LOW_TEXT
CL_003,dados_intermediarios/processed/chile/CL_003.md,130,1375,0.8204,0,OK
CL_003,dados_intermediarios/processed/chile/CL_003.md,131,2581,0.8222,0,OK
CL_003,dados_intermediarios/processed/chile/CL_003.md,132,3109,0.8131,0,OK
CL_003,dados_intermediarios/processed/chile/CL_003.md,133,2177,0.819,0,OK
CL_003,dados_intermediarios/processed/chile/CL_003.md,135,446,0.843,0,OK
CL_003,dados_intermediarios/processed/chile/CL_003.md,136,1203,0.8171,0,OK
CL_003,dados_intermediarios/processed/chile/CL_003.md,137,1188,0.8266,0,OK
CL_003,dados_intermediarios/processed/chile/CL_003.md,139,40,0.85,0,OK
CL_003,dados_intermediarios/processed/chile/CL_003.md,140,1663,0.8166,0,OK
CL_003,dados_intermediarios/processed/chile/CL_003.md,141,3011,0.822,0,OK
CL_003,dados_intermediarios/processed/chile/CL_003.md,142,3443,0.8211,0,OK
CL_003,dados_intermediarios/processed/chile/CL_003.md,143,1682,0.8175,0,OK
CL_003,dados_intermediarios/processed/chile/CL_003.md,144,2148,0.8189,0,OK
CL_003,dados_intermediarios/processed/chile/CL_003.md,145,645,0.8202,0,OK
CL_003,dados_intermediarios/processed/chile/CL_003.md,147,516,0.8314,0,OK
CL_003,dados_intermediarios/processed/chile/CL_003.md,148,1753,0.8197,0,OK
CL_003,dados_intermediarios/processed/chile/CL_003.md,149,2008,0.8187,0,OK
CL_003,dados_intermediarios/processed/chile/CL_003.md,150,2018,0.8191,0,OK
CL_003,dados_intermediarios/processed/chile/CL_003.md,151,58,0.8276,0,OK
CL_003,dados_intermediarios/processed/chile/CL_003.md,152,2512,0.8217,0,OK
CL_003,dados_intermediarios/processed/chile/CL_003.md,153,16,0.8125,0,LOW_TEXT
CL_003,dados_intermediarios/processed/chile/CL_003.md,154,1486,0.8062,0,OK
CL_003,dados_intermediarios/processed/chile/CL_003.md,155,47,0.8511,0,OK
CL_003,dados_intermediarios/processed/chile/CL_003.md,156,2214,0.8261,0,OK
CL_003,dados_intermediarios/processed/chile/CL_003.md,157,1602,0.8321,0,OK
CL_003,dados_intermediarios/processed/chile/CL_003.md,159,32,0.8438,0,LOW_TEXT
CL_003,dados_intermediarios/processed/chile/CL_003.md,160,2630,0.8141,0,OK
CL_003,dados_intermediarios/processed/chile/CL_003.md,161,1776,0.8322,0,OK
CL_003,dados_intermediarios/processed/chile/CL_003.md,163,22,0.8636,0,LOW_TEXT
CL_003,dados_intermediarios/processed/chile/CL_003.md,164,1853,0.8171,0,OK
CL_003,dados_intermediarios/processed/chile/CL_003.md,165,1625,0.8326,0,OK
CL_003,dados_intermediarios/processed/chile/CL_003.md,167,36,0.8333,0,LOW_TEXT
CL_003,dados_intermediarios/processed/chile/CL_003.md,168,1826,0.8165,0,OK
CL_003,dados_intermediarios/processed/chile/CL_003.md,169,1940,0.8216,0,OK
CL_003,dados_intermediarios/processed/chile/CL_003.md,171,37,0.8378,0,LOW_TEXT
CL_003,dados_intermediarios/processed/chile/CL_003.md,172,3293,0.8239,0,OK
CL_003,dados_intermediarios/processed/chile/CL_003.md,173,2128,0.8257,0,OK
CL_003,dados_intermediarios/processed/chile/CL_003.md,175,23,0.913,0,LOW_TEXT
CL_003,dados_intermediarios/processed/chile/CL_003.md,176,2354,0.8212,0,OK
CL_003,dados_intermediarios/processed/chile/CL_003.md,177,1686,0.8321,0,OK
CL_003,dados_intermediarios/processed/chile/CL_003.md,179,8,1.0,0,LOW_TEXT
CL_003,dados_intermediarios/processed/chile/CL_003.md,180,915,0.8306,0,OK
CL_003,dados_intermediarios/processed/chile/CL_003.md,181,2052,0.826,0,OK
CL_003,dados_intermediarios/processed/chile/CL_003.md,183,28,0.8571,0,LOW_TEXT
CL_003,dados_intermediarios/processed/chile/CL_003.md,184,1475,0.8156,0,OK
CL_003,dados_intermediarios/processed/chile/CL_003.md,185,1386,0.8232,0,OK
CL_003,dados_intermediarios/processed/chile/CL_003.md,187,30,0.8333,0,LOW_TEXT
CL_003,dados_intermediarios/processed/chile/CL_003.md,188,1486,0.819,0,OK
CL_003,dados_intermediarios/processed/chile/CL_003.md,189,1778,0.8195,0,OK
CL_003,dados_intermediarios/processed/chile/CL_003.md,191,20,0.85,0,LOW_TEXT
CL_003,dados_intermediarios/processed/chile/CL_003.md,192,1485,0.8209,0,OK
CL_003,dados_intermediarios/processed/chile/CL_003.md,193,1158,0.8204,0,OK
CL_003,dados_intermediarios/processed/chile/CL_003.md,195,6,1.0,0,LOW_TEXT
CL_003,dados_intermediarios/processed/chile/CL_003.md,196,1394,0.8178,0,OK
CL_003,dados_intermediarios/processed/chile/CL_003.md,197,1521,0.8172,0,OK
CL_003,dados_intermediarios/processed/chile/CL_003.md,199,7,1.0,0,LOW_TEXT
CL_003,dados_intermediarios/processed/chile/CL_003.md,200,1675,0.8149,0,OK
CL_003,dados_intermediarios/processed/chile/CL_003.md,201,1884,0.8259,0,OK
CL_003,dados_intermediarios/processed/chile/CL_003.md,203,24,0.875,0,LOW_TEXT
CL_003,dados_intermediarios/processed/chile/CL_003.md,204,612,0.817,0,OK
CL_003,dados_intermediarios/processed/chile/CL_003.md,205,52,0.8077,0,OK
CL_003,dados_intermediarios/processed/chile/CL_003.md,206,2098,0.8217,0,OK
CL_003,dados_intermediarios/processed/chile/CL_003.md,207,1043,0.8121,0,OK
CL_003,dados_intermediarios/processed/chile/CL_003.md,209,43,0.8372,0,OK
CL_003,dados_intermediarios/processed/chile/CL_003.md,210,2432,0.8236,0,OK
CL_003,dados_intermediarios/processed/chile/CL_003.md,211,963,0.8245,0,OK
CL_003,dados_intermediarios/processed/chile/CL_003.md,213,19,0.8947,0,LOW_TEXT
CL_003,dados_intermediarios/processed/chile/CL_003.md,214,2353,0.8168,0,OK
CL_003,dados_intermediarios/processed/chile/CL_003.md,215,733,0.809,0,OK
CL_003,dados_intermediarios/processed/chile/CL_003.md,217,9,1.0,0,LOW_TEXT
CL_003,dados_intermediarios/processed/chile/CL_003.md,218,1715,0.8198,0,OK
CL_003,dados_intermediarios/processed/chile/CL_003.md,219,1515,0.8317,0,OK
CL_003,dados_intermediarios/processed/chile/CL_003.md,221,8,1.0,0,LOW_TEXT
CL_003,dados_intermediarios/processed/chile/CL_003.md,222,3077,0.8089,0,OK
CL_003,dados_intermediarios/processed/chile/CL_003.md,223,1602,0.8165,0,OK
CL_003,dados_intermediarios/processed/chile/CL_003.md,225,18,0.9444,0,LOW_TEXT
CL_003,dados_intermediarios/processed/chile/CL_003.md,226,2474,0.8076,0,OK
CL_003,dados_intermediarios/processed/chile/CL_003.md,227,1619,0.8271,0,OK
CL_003,dados_intermediarios/processed/chile/CL_003.md,229,23,0.8696,0,LOW_TEXT
CL_003,dados_intermediarios/processed/chile/CL_003.md,230,2324,0.8042,0,OK
CL_003,dados_intermediarios/processed/chile/CL_003.md,231,1057,0.8269,0,OK
CL_003,dados_intermediarios/processed/chile/CL_003.md,233,86,0.8256,0,OK
CL_003,dados_intermediarios/processed/chile/CL_003.md,234,1006,0.827,0,OK
CL_003,dados_intermediarios/processed/chile/CL_003.md,235,2280,0.8263,0,OK
CL_003,dados_intermediarios/processed/chile/CL_003.md,237,36,0.8611,0,LOW_TEXT
CL_003,dados_intermediarios/processed/chile/CL_003.md,238,1973,0.8226,0,OK
CL_003,dados_intermediarios/processed/chile/CL_003.md,239,1374,0.8304,0,OK
CL_003,dados_intermediarios/processed/chile/CL_003.md,241,54,0.8148,0,OK
CL_003,dados_intermediarios/processed/chile/CL_003.md,242,2030,0.8163,0,OK
CL_003,dados_intermediarios/processed/chile/CL_003.md,243,1731,0.8261,0,OK
CL_003,dados_intermediarios/processed/chile/CL_003.md,245,20,0.85,0,LOW_TEXT
CL_003,dados_intermediarios/processed/chile/CL_003.md,246,2829,0.8176,0,OK
CL_003,dados_intermediarios/processed/chile/CL_003.md,247,2255,0.8213,0,OK
CL_003,dados_intermediarios/processed/chile/CL_003.md,249,20,0.85,0,LOW_TEXT
CL_003,dados_intermediarios/processed/chile/CL_003.md,250,1121,0.8225,0,OK
CL_003,dados_intermediarios/processed/chile/CL_003.md,251,21,0.8571,0,LOW_TEXT
CL_003,dados_intermediarios/processed/chile/CL_003.md,252,2722,0.8156,0,OK
CL_003,dados_intermediarios/processed/chile/CL_003.md,253,1259,0.8213,0,OK
CL_003,dados_intermediarios/processed/chile/CL_003.md,255,36,0.8611,0,LOW_TEXT
CL_003,dados_intermediarios/processed/chile/CL_003.md,256,2604,0.8184,0,OK
CL_003,dados_intermediarios/processed/chile/CL_003.md,257,1228,0.8265,0,OK
CL_003,dados_intermediarios/processed/chile/CL_003.md,259,45,0.8667,0,OK
CL_003,dados_intermediarios/processed/chile/CL_003.md,260,2348,0.822,0,OK
CL_003,dados_intermediarios/processed/chile/CL_003.md,261,1736,0.8272,0,OK
CL_003,dados_intermediarios/processed/chile/CL_003.md,263,25,0.92,0,LOW_TEXT
CL_003,dados_intermediarios/processed/chile/CL_003.md,264,1342,0.8204,0,OK
CL_003,dados_intermediarios/processed/chile/CL_003.md,265,1794,0.8328,0,OK
CL_003,dados_intermediarios/processed/chile/CL_003.md,266,614,0.8225,0,OK
CL_003,dados_intermediarios/processed/chile/CL_003.md,267,33,0.8182,0,LOW_TEXT
CL_003,dados_intermediarios/processed/chile/CL_003.md,268,2366,0.8132,0,OK
CL_003,dados_intermediarios/processed/chile/CL_003.md,269,1339,0.8215,0,OK
CL_003,dados_intermediarios/processed/chile/CL_003.md,271,57,0.8596,0,OK
CL_003,dados_intermediarios/processed/chile/CL_003.md,272,2303,0.8281,0,OK
CL_003,dados_intermediarios/processed/chile/CL_003.md,273,1168,0.8262,0,OK
CL_003,dados_intermediarios/processed/chile/CL_003.md,275,42,0.881,0,OK
CL_003,dados_intermediarios/processed/chile/CL_003.md,276,1889,0.8227,0,OK
CL_003,dados_intermediarios/processed/chile/CL_003.md,277,1054,0.8302,0,OK
CL_003,dados_intermediarios/processed/chile/CL_003.md,279,12,0.9167,0,LOW_TEXT
CL_003,dados_intermediarios/processed/chile/CL_003.md,280,1916,0.8116,0,OK
CL_003,dados_intermediarios/processed/chile/CL_003.md,281,1161,0.8183,0,OK
CL_003,dados_intermediarios/processed/chile/CL_003.md,283,54,0.8333,0,OK
CL_003,dados_intermediarios/processed/chile/CL_003.md,284,2828,0.8193,0,OK
CL_003,dados_intermediarios/processed/chile/CL_003.md,285,1428,0.8095,0,OK
CL_003,dados_intermediarios/processed/chile/CL_003.md,286,2675,0.8202,0,OK
CL_003,dados_intermediarios/processed/chile/CL_003.md,287,665,0.8887,0,OK
CL_003,dados_intermediarios/processed/chile/CL_003.md,288,770,0.8649,0,OK
CL_003,dados_intermediarios/processed/chile/CL_003.md,289,43,0.8372,0,OK
CL_003,dados_intermediarios/processed/chile/CL_003.md,290,1289,0.834,0,OK
CL_003,dados_intermediarios/processed/chile/CL_003.md,291,2198,0.8212,0,OK
CL_003,dados_intermediarios/processed/chile/CL_003.md,293,8,1.0,0,LOW_TEXT
CL_003,dados_intermediarios/processed/chile/CL_003.md,294,2145,0.8228,0,OK
CL_003,dados_intermediarios/processed/chile/CL_003.md,295,2256,0.8218,0,OK
CL_003,dados_intermediarios/processed/chile/CL_003.md,296,1413,0.8252,0,OK
CL_003,dados_intermediarios/processed/chile/CL_003.md,297,2321,0.8277,0,OK
CL_003,dados_intermediarios/processed/chile/CL_003.md,298,2303,0.8168,0,OK
CL_003,dados_intermediarios/processed/chile/CL_003.md,299,2445,0.8274,0,OK
CL_003,dados_intermediarios/processed/chile/CL_003.md,300,2232,0.8136,0,OK
CL_003,dados_intermediarios/processed/chile/CL_003.md,301,2028,0.822,0,OK
CL_003,dados_intermediarios/processed/chile/CL_003.md,302,2950,0.8183,0,OK
CL_003,dados_intermediarios/processed/chile/CL_003.md,303,2697,0.8098,0,OK
CL_003,dados_intermediarios/processed/chile/CL_003.md,304,2321,0.8216,0,OK
CL_003,dados_intermediarios/processed/chile/CL_003.md,305,2955,0.8149,0,OK
CL_003,dados_intermediarios/processed/chile/CL_003.md,306,2702,0.8212,0,OK
CL_003,dados_intermediarios/processed/chile/CL_003.md,307,2933,0.8241,0,OK
CL_003,dados_intermediarios/processed/chile/CL_003.md,308,1976,0.8122,0,OK
CL_003,dados_intermediarios/processed/chile/CL_003.md,309,2124,0.8253,0,OK
CL_003,dados_intermediarios/processed/chile/CL_003.md,310,2227,0.8137,0,OK
CL_003,dados_intermediarios/processed/chile/CL_003.md,311,2437,0.8067,0,OK
CL_003,dados_intermediarios/processed/chile/CL_003.md,312,2509,0.8179,0,OK
CL_003,dados_intermediarios/processed/chile/CL_003.md,313,2094,0.8223,0,OK
CL_003,dados_intermediarios/processed/chile/CL_003.md,314,912,0.8279,0,OK
CL_003,dados_intermediarios/processed/chile/CL_003.md,315,3025,0.8165,0,OK
CL_003,dados_intermediarios/processed/chile/CL_003.md,316,3347,0.8261,0,OK
CL_003,dados_intermediarios/processed/chile/CL_003.md,317,2668,0.8201,0,OK
CL_003,dados_intermediarios/processed/chile/CL_003.md,318,3268,0.8231,0,OK
CL_003,dados_intermediarios/processed/chile/CL_003.md,319,12,1.0,0,LOW_TEXT
CL_003,dados_intermediarios/processed/chile/CL_003.md,320,3582,0.7733,0,OK
CL_003,dados_intermediarios/processed/chile/CL_003.md,321,4184,0.7737,0,OK
CL_003,dados_intermediarios/processed/chile/CL_003.md,322,3376,0.7728,0,OK
CL_003,dados_intermediarios/processed/chile/CL_003.md,323,3172,0.7759,0,OK
CL_003,dados_intermediarios/processed/chile/CL_003.md,324,3789,0.7762,0,OK
CL_003,dados_intermediarios/processed/chile/CL_003.md,325,4157,0.7712,0,OK
CL_003,dados_intermediarios/processed/chile/CL_003.md,326,2928,0.7725,0,OK
CL_003,dados_intermediarios/processed/chile/CL_003.md,327,3855,0.7738,0,OK
CL_003,dados_intermediarios/processed/chile/CL_003.md,328,2439,0.7708,0,OK
CL_003,dados_intermediarios/processed/chile/CL_003.md,329,3703,0.7659,0,OK
CL_003,dados_intermediarios/processed/chile/CL_003.md,330,1836,0.7707,0,OK
CL_003,dados_intermediarios/processed/chile/CL_003.md,331,3464,0.7835,0,OK
CL_003,dados_intermediarios/processed/chile/CL_003.md,332,3923,0.7915,0,OK
CL_003,dados_intermediarios/processed/chile/CL_003.md,333,3664,0.7833,0,OK
CL_003,dados_intermediarios/processed/chile/CL_003.md,334,3752,0.7577,0,OK
CL_003,dados_intermediarios/processed/chile/CL_003.md,335,3984,0.7688,0,OK
CL_003,dados_intermediarios/processed/chile/CL_003.md,336,3463,0.7589,0,OK
CL_003,dados_intermediarios/processed/chile/CL_003.md,337,2290,0.7707,0,OK
CL_003,dados_intermediarios/processed/chile/CL_003.md,338,3772,0.7686,0,OK
CL_003,dados_intermediarios/processed/chile/CL_003.md,339,1995,0.7699,0,OK
CL_003,dados_intermediarios/processed/chile/CL_003.md,340,3788,0.7579,0,OK
CL_003,dados_intermediarios/processed/chile/CL_003.md,341,4167,0.7497,0,OK
CL_003,dados_intermediarios/processed/chile/CL_003.md,342,1880,0.7734,0,OK
CL_003,dados_intermediarios/processed/chile/CL_003.md,343,6,1.0,0,LOW_TEXT
CL_003,dados_intermediarios/processed/chile/CL_003.md,344,2226,0.8095,0,OK
CL_003,dados_intermediarios/processed/chile/CL_003.md,345,1571,0.8046,0,OK
CL_003,dados_intermediarios/processed/chile/CL_003.md,346,1482,0.7996,0,OK
CL_003,dados_intermediarios/processed/chile/CL_003.md,347,1130,0.8035,0,OK
CL_003,dados_intermediarios/processed/chile/CL_003.md,348,1185,0.8093,0,OK
CL_003,dados_intermediarios/processed/chile/CL_003.md,349,2326,0.8181,0,OK
CL_003,dados_intermediarios/processed/chile/CL_003.md,350,2421,0.8125,0,OK
CL_003,dados_intermediarios/processed/chile/CL_003.md,351,1786,0.8096,0,OK
CL_003,dados_intermediarios/processed/chile/CL_003.md,352,2090,0.8096,0,OK
CL_003,dados_intermediarios/processed/chile/CL_003.md,353,2372,0.8175,0,OK
CL_003,dados_intermediarios/processed/chile/CL_003.md,354,2726,0.7898,0,OK
CL_003,dados_intermediarios/processed/chile/CL_003.md,355,2369,0.767,0,OK
CL_003,dados_intermediarios/processed/chile/CL_003.md,356,2232,0.7715,0,OK
CL_003,dados_intermediarios/processed/chile/CL_003.md,357,874,0.7517,0,OK
CL_003,dados_intermediarios/processed/chile/CL_003.md,358,954,0.8113,0,OK
CL_003,dados_intermediarios/processed/chile/CL_003.md,359,2098,0.7917,0,OK
CL_003,dados_intermediarios/processed/chile/CL_003.md,360,2276,0.7922,0,OK
CL_003,dados_intermediarios/processed/chile/CL_003.md,361,2565,0.7981,0,OK
CL_003,dados_intermediarios/processed/chile/CL_003.md,362,446,0.7892,0,OK
CL_003,dados_intermediarios/processed/chile/CL_003.md,363,2205,0.7914,0,OK
CL_003,dados_intermediarios/processed/chile/CL_003.md,364,1881,0.7911,0,OK
CL_003,dados_intermediarios/processed/chile/CL_003.md,365,2055,0.7917,0,OK
CL_003,dados_intermediarios/processed/chile/CL_003.md,366,1055,0.8237,0,OK
CL_003,dados_intermediarios/processed/chile/CL_003.md,367,2455,0.8045,0,OK
CL_004,dados_intermediarios/processed/chile/CL_004.md,1,279,0.8495,0,OK
CL_004,dados_intermediarios/processed/chile/CL_004.md,4,570,0.7912,0,OK
CL_004,dados_intermediarios/processed/chile/CL_004.md,5,85,0.8471,0,OK
CL_004,dados_intermediarios/processed/chile/CL_004.md,7,3317,0.8263,0,OK
CL_004,dados_intermediarios/processed/chile/CL_004.md,8,317,0.8233,0,OK
CL_004,dados_intermediarios/processed/chile/CL_004.md,10,732,0.8702,0,OK
CL_004,dados_intermediarios/processed/chile/CL_004.md,11,592,0.8784,0,OK
CL_004,dados_intermediarios/processed/chile/CL_004.md,13,12,1.0,0,LOW_TEXT
CL_004,dados_intermediarios/processed/chile/CL_004.md,14,3795,0.8145,0,OK
CL_004,dados_intermediarios/processed/chile/CL_004.md,15,2985,0.8211,0,OK
CL_004,dados_intermediarios/processed/chile/CL_004.md,16,3509,0.8128,0,OK
CL_004,dados_intermediarios/processed/chile/CL_004.md,17,932,0.8208,0,OK
CL_004,dados_intermediarios/processed/chile/CL_004.md,18,2128,0.8064,0,OK
CL_004,dados_intermediarios/processed/chile/CL_004.md,19,1212,0.8102,0,OK
CL_004,dados_intermediarios/processed/chile/CL_004.md,20,2971,0.8108,0,OK
CL_004,dados_intermediarios/processed/chile/CL_004.md,21,3546,0.8099,0,OK
CL_004,dados_intermediarios/processed/chile/CL_004.md,22,3226,0.8025,0,OK
CL_004,dados_intermediarios/processed/chile/CL_004.md,23,3893,0.8127,0,OK
CL_004,dados_intermediarios/processed/chile/CL_004.md,24,3779,0.8185,0,OK
CL_004,dados_intermediarios/processed/chile/CL_004.md,25,3091,0.8172,0,OK
CL_004,dados_intermediarios/processed/chile/CL_004.md,26,3486,0.8147,0,OK
CL_004,dados_intermediarios/processed/chile/CL_004.md,27,2864,0.8205,0,OK
CL_004,dados_intermediarios/processed/chile/CL_004.md,28,3878,0.8138,0,OK
CL_004,dados_intermediarios/processed/chile/CL_004.md,29,1267,0.8224,0,OK
CL_004,dados_intermediarios/processed/chile/CL_004.md,30,3652,0.8135,0,OK
CL_004,dados_intermediarios/processed/chile/CL_004.md,31,2976,0.8088,0,OK
CL_004,dados_intermediarios/processed/chile/CL_004.md,32,3715,0.8032,0,OK
CL_004,dados_intermediarios/processed/chile/CL_004.md,33,2413,0.8102,0,OK
CL_004,dados_intermediarios/processed/chile/CL_004.md,34,2471,0.7819,0,OK
CL_004,dados_intermediarios/processed/chile/CL_004.md,35,1217,0.7954,0,OK
CL_004,dados_intermediarios/processed/chile/CL_004.md,37,15,0.8667,0,LOW_TEXT
CL_004,dados_intermediarios/processed/chile/CL_004.md,38,3913,0.8063,0,OK
CL_004,dados_intermediarios/processed/chile/CL_004.md,39,3624,0.8143,0,OK
CL_004,dados_intermediarios/processed/chile/CL_004.md,40,684,0.8085,0,OK
CL_004,dados_intermediarios/processed/chile/CL_004.md,41,2795,0.8122,0,OK
CL_004,dados_intermediarios/processed/chile/CL_004.md,42,2036,0.8188,0,OK
CL_004,dados_intermediarios/processed/chile/CL_004.md,43,3130,0.8176,0,OK
CL_004,dados_intermediarios/processed/chile/CL_004.md,44,2578,0.82,0,OK
CL_004,dados_intermediarios/processed/chile/CL_004.md,45,1371,0.8191,0,OK
CL_004,dados_intermediarios/processed/chile/CL_004.md,46,2,1.0,0,LOW_TEXT
CL_004,dados_intermediarios/processed/chile/CL_004.md,47,14,0.9286,0,LOW_TEXT
CL_004,dados_intermediarios/processed/chile/CL_004.md,49,1413,0.7933,0,OK
CL_004,dados_intermediarios/processed/chile/CL_004.md,51,14,0.9286,0,LOW_TEXT
CL_004,dados_intermediarios/processed/chile/CL_004.md,53,1451,0.7939,0,OK
CL_004,dados_intermediarios/processed/chile/CL_004.md,55,14,0.9286,0,LOW_TEXT
CL_004,dados_intermediarios/processed/chile/CL_004.md,57,1754,0.8005,0,OK
CL_004,dados_intermediarios/processed/chile/CL_004.md,59,13,0.9231,0,LOW_TEXT
CL_004,dados_intermediarios/processed/chile/CL_004.md,61,1794,0.8021,0,OK
CL_004,dados_intermediarios/processed/chile/CL_004.md,63,13,0.9231,0,LOW_TEXT
CL_004,dados_intermediarios/processed/chile/CL_004.md,65,1734,0.797,0,OK
CL_004,dados_intermediarios/processed/chile/CL_004.md,67,12,0.9167,0,LOW_TEXT
CL_004,dados_intermediarios/processed/chile/CL_004.md,69,1708,0.7992,0,OK
CL_004,dados_intermediarios/processed/chile/CL_004.md,71,18,0.9444,0,LOW_TEXT
CL_004,dados_intermediarios/processed/chile/CL_004.md,72,3776,0.813,0,OK
CL_004,dados_intermediarios/processed/chile/CL_004.md,73,3444,0.8185,0,OK
CL_004,dados_intermediarios/processed/chile/CL_004.md,74,1992,0.8268,0,OK
CL_004,dados_intermediarios/processed/chile/CL_004.md,75,2297,0.8224,0,OK
CL_004,dados_intermediarios/processed/chile/CL_004.md,76,2408,0.8056,0,OK
CL_004,dados_intermediarios/processed/chile/CL_004.md,77,2021,0.807,0,OK
CL_004,dados_intermediarios/processed/chile/CL_004.md,78,3508,0.8104,0,OK
CL_004,dados_intermediarios/processed/chile/CL_004.md,79,3653,0.8166,0,OK
CL_004,dados_intermediarios/processed/chile/CL_004.md,80,845,0.7692,0,OK
CL_004,dados_intermediarios/processed/chile/CL_004.md,81,2012,0.7654,0,OK
CL_004,dados_intermediarios/processed/chile/CL_004.md,82,2095,0.7766,0,OK
CL_004,dados_intermediarios/processed/chile/CL_004.md,83,371,0.8005,0,OK
CL_004,dados_intermediarios/processed/chile/CL_004.md,84,2,1.0,0,LOW_TEXT
CL_004,dados_intermediarios/processed/chile/CL_004.md,85,14,0.9286,0,LOW_TEXT
CL_004,dados_intermediarios/processed/chile/CL_004.md,86,738,0.8198,0,OK
CL_004,dados_intermediarios/processed/chile/CL_004.md,87,1764,0.8135,0,OK
CL_004,dados_intermediarios/processed/chile/CL_004.md,88,426,0.7817,0,OK
CL_004,dados_intermediarios/processed/chile/CL_004.md,89,14,0.9286,0,LOW_TEXT
CL_004,dados_intermediarios/processed/chile/CL_004.md,90,890,0.8101,0,OK
CL_004,dados_intermediarios/processed/chile/CL_004.md,91,1815,0.8083,0,OK
CL_004,dados_intermediarios/processed/chile/CL_004.md,92,949,0.8072,0,OK
CL_004,dados_intermediarios/processed/chile/CL_004.md,93,14,0.9286,0,LOW_TEXT
CL_004,dados_intermediarios/processed/chile/CL_004.md,94,1253,0.814,0,OK
CL_004,dados_intermediarios/processed/chile/CL_004.md,95,1900,0.8121,0,OK
CL_004,dados_intermediarios/processed/chile/CL_004.md,96,599,0.793,0,OK
CL_004,dados_intermediarios/processed/chile/CL_004.md,97,13,0.9231,0,LOW_TEXT
CL_004,dados_intermediarios/processed/chile/CL_004.md,98,1243,0.8174,0,OK
CL_004,dados_intermediarios/processed/chile/CL_004.md,99,2046,0.8016,0,OK
CL_004,dados_intermediarios/processed/chile/CL_004.md,100,1303,0.7966,0,OK
CL_004,dados_intermediarios/processed/chile/CL_004.md,101,13,0.9231,0,LOW_TEXT
CL_004,dados_intermediarios/processed/chile/CL_004.md,102,1480,0.8236,0,OK
CL_004,dados_intermediarios/processed/chile/CL_004.md,103,1922,0.8065,0,OK
CL_004,dados_intermediarios/processed/chile/CL_004.md,104,1231,0.8026,0,OK
CL_004,dados_intermediarios/processed/chile/CL_004.md,105,12,0.9167,0,LOW_TEXT
CL_004,dados_intermediarios/processed/chile/CL_004.md,106,1597,0.8278,0,OK
CL_004,dados_intermediarios/processed/chile/CL_004.md,107,1936,0.8166,0,OK
CL_004,dados_intermediarios/processed/chile/CL_004.md,108,1291,0.8056,0,OK
CL_004,dados_intermediarios/processed/chile/CL_004.md,109,24,0.875,0,LOW_TEXT
CL_004,dados_intermediarios/processed/chile/CL_004.md,110,3520,0.8145,0,OK
CL_004,dados_intermediarios/processed/chile/CL_004.md,111,3255,0.8151,0,OK
CL_004,dados_intermediarios/processed/chile/CL_004.md,112,2396,0.8159,0,OK
CL_004,dados_intermediarios/processed/chile/CL_004.md,113,2818,0.8155,0,OK
CL_004,dados_intermediarios/processed/chile/CL_004.md,114,1547,0.8177,0,OK
CL_004,dados_intermediarios/processed/chile/CL_004.md,115,14,0.9286,0,LOW_TEXT
CL_004,dados_intermediarios/processed/chile/CL_004.md,117,2006,0.8091,0,OK
CL_004,dados_intermediarios/processed/chile/CL_004.md,118,556,0.8201,0,OK
CL_004,dados_intermediarios/processed/chile/CL_004.md,119,14,0.9286,0,LOW_TEXT
CL_004,dados_intermediarios/processed/chile/CL_004.md,121,2017,0.8106,0,OK
CL_004,dados_intermediarios/processed/chile/CL_004.md,122,556,0.8201,0,OK
CL_004,dados_intermediarios/processed/chile/CL_004.md,123,14,0.9286,0,LOW_TEXT
CL_004,dados_intermediarios/processed/chile/CL_004.md,125,2243,0.815,0,OK
CL_004,dados_intermediarios/processed/chile/CL_004.md,126,559,0.8211,0,OK
CL_004,dados_intermediarios/processed/chile/CL_004.md,127,13,0.9231,0,LOW_TEXT
CL_004,dados_intermediarios/processed/chile/CL_004.md,129,1470,0.8068,0,OK
CL_004,dados_intermediarios/processed/chile/CL_004.md,130,1505,0.8213,0,OK
CL_004,dados_intermediarios/processed/chile/CL_004.md,131,13,0.9231,0,LOW_TEXT
CL_004,dados_intermediarios/processed/chile/CL_004.md,133,1413,0.8096,0,OK
CL_004,dados_intermediarios/processed/chile/CL_004.md,134,1674,0.822,0,OK
CL_004,dados_intermediarios/processed/chile/CL_004.md,135,41,0.8537,0,OK
CL_004,dados_intermediarios/processed/chile/CL_004.md,137,1385,0.8202,0,OK
CL_004,dados_intermediarios/processed/chile/CL_004.md,138,1732,0.8227,0,OK
CL_004,dados_intermediarios/processed/chile/CL_004.md,139,40,0.85,0,OK
CL_004,dados_intermediarios/processed/chile/CL_004.md,140,3685,0.81,0,OK
CL_004,dados_intermediarios/processed/chile/CL_004.md,141,3829,0.8099,0,OK
CL_004,dados_intermediarios/processed/chile/CL_004.md,142,4576,0.8158,0,OK
CL_004,dados_intermediarios/processed/chile/CL_004.md,143,2962,0.8106,0,OK
CL_004,dados_intermediarios/processed/chile/CL_004.md,144,2563,0.8272,0,OK
CL_004,dados_intermediarios/processed/chile/CL_004.md,145,2444,0.8167,0,OK
CL_004,dados_intermediarios/processed/chile/CL_004.md,146,3348,0.81,0,OK
CL_004,dados_intermediarios/processed/chile/CL_004.md,147,3609,0.8066,0,OK
CL_004,dados_intermediarios/processed/chile/CL_004.md,148,3185,0.8097,0,OK
CL_004,dados_intermediarios/processed/chile/CL_004.md,149,3813,0.8156,0,OK
CL_004,dados_intermediarios/processed/chile/CL_004.md,150,2081,0.8078,0,OK
CL_004,dados_intermediarios/processed/chile/CL_004.md,151,2411,0.7628,0,OK
CL_004,dados_intermediarios/processed/chile/CL_004.md,152,2111,0.7546,0,OK
CL_004,dados_intermediarios/processed/chile/CL_004.md,153,14,0.9286,0,LOW_TEXT
CL_004,dados_intermediarios/processed/chile/CL_004.md,154,1088,0.8097,0,OK
CL_004,dados_intermediarios/processed/chile/CL_004.md,155,2219,0.8035,0,OK
CL_004,dados_intermediarios/processed/chile/CL_004.md,156,1914,0.7936,0,OK
CL_004,dados_intermediarios/processed/chile/CL_004.md,157,14,0.9286,0,LOW_TEXT
CL_004,dados_intermediarios/processed/chile/CL_004.md,158,1421,0.8079,0,OK
CL_004,dados_intermediarios/processed/chile/CL_004.md,159,2248,0.8069,0,OK
CL_004,dados_intermediarios/processed/chile/CL_004.md,160,2471,0.7997,0,OK
CL_004,dados_intermediarios/processed/chile/CL_004.md,161,14,0.9286,0,LOW_TEXT
CL_004,dados_intermediarios/processed/chile/CL_004.md,162,1488,0.8105,0,OK
CL_004,dados_intermediarios/processed/chile/CL_004.md,163,2025,0.8099,0,OK
CL_004,dados_intermediarios/processed/chile/CL_004.md,164,2510,0.8068,0,OK
CL_004,dados_intermediarios/processed/chile/CL_004.md,165,13,0.9231,0,LOW_TEXT
CL_004,dados_intermediarios/processed/chile/CL_004.md,166,1777,0.8177,0,OK
CL_004,dados_intermediarios/processed/chile/CL_004.md,167,2298,0.8168,0,OK
CL_004,dados_intermediarios/processed/chile/CL_004.md,168,2396,0.8051,0,OK
CL_004,dados_intermediarios/processed/chile/CL_004.md,169,13,0.9231,0,LOW_TEXT
CL_004,dados_intermediarios/processed/chile/CL_004.md,170,1730,0.8168,0,OK
CL_004,dados_intermediarios/processed/chile/CL_004.md,171,416,0.8269,0,OK
CL_004,dados_intermediarios/processed/chile/CL_004.md,172,1984,0.8135,0,OK
CL_004,dados_intermediarios/processed/chile/CL_004.md,173,2236,0.8001,0,OK
CL_004,dados_intermediarios/processed/chile/CL_004.md,174,2358,0.802,0,OK
CL_004,dados_intermediarios/processed/chile/CL_004.md,175,12,0.9167,0,LOW_TEXT
CL_004,dados_intermediarios/processed/chile/CL_004.md,176,1966,0.8164,0,OK
CL_004,dados_intermediarios/processed/chile/CL_004.md,177,470,0.8277,0,OK
CL_004,dados_intermediarios/processed/chile/CL_004.md,178,2385,0.8122,0,OK
CL_004,dados_intermediarios/processed/chile/CL_004.md,179,1904,0.8157,0,OK
CL_004,dados_intermediarios/processed/chile/CL_004.md,180,2573,0.8068,0,OK
CL_004,dados_intermediarios/processed/chile/CL_004.md,181,329,0.7903,0,OK
CL_004,dados_intermediarios/processed/chile/CL_004.md,183,10,1.0,0,LOW_TEXT
CL_004,dados_intermediarios/processed/chile/CL_004.md,184,3728,0.8138,0,OK
CL_004,dados_intermediarios/processed/chile/CL_004.md,185,3485,0.825,0,OK
CL_004,dados_intermediarios/processed/chile/CL_004.md,186,911,0.82,0,OK
CL_004,dados_intermediarios/processed/chile/CL_004.md,187,2901,0.8239,0,OK
CL_004,dados_intermediarios/processed/chile/CL_004.md,188,3158,0.8176,0,OK
CL_004,dados_intermediarios/processed/chile/CL_004.md,189,2082,0.8247,0,OK
CL_004,dados_intermediarios/processed/chile/CL_004.md,190,1368,0.8231,0,OK
CL_004,dados_intermediarios/processed/chile/CL_004.md,191,14,0.9286,0,LOW_TEXT
CL_004,dados_intermediarios/processed/chile/CL_004.md,193,1330,0.8113,0,OK
CL_004,dados_intermediarios/processed/chile/CL_004.md,195,14,0.9286,0,LOW_TEXT
CL_004,dados_intermediarios/processed/chile/CL_004.md,197,1300,0.8123,0,OK
CL_004,dados_intermediarios/processed/chile/CL_004.md,199,14,0.9286,0,LOW_TEXT
CL_004,dados_intermediarios/processed/chile/CL_004.md,201,1479,0.8114,0,OK
CL_004,dados_intermediarios/processed/chile/CL_004.md,203,13,0.9231,0,LOW_TEXT
CL_004,dados_intermediarios/processed/chile/CL_004.md,205,1802,0.8119,0,OK
CL_004,dados_intermediarios/processed/chile/CL_004.md,207,13,0.9231,0,LOW_TEXT
CL_004,dados_intermediarios/processed/chile/CL_004.md,209,2024,0.8147,0,OK
CL_004,dados_intermediarios/processed/chile/CL_004.md,211,12,0.9167,0,LOW_TEXT
CL_004,dados_intermediarios/processed/chile/CL_004.md,213,2086,0.815,0,OK
CL_004,dados_intermediarios/processed/chile/CL_004.md,215,10,1.0,0,LOW_TEXT
CL_004,dados_intermediarios/processed/chile/CL_004.md,216,3812,0.8211,0,OK
CL_004,dados_intermediarios/processed/chile/CL_004.md,217,3794,0.8166,0,OK
CL_004,dados_intermediarios/processed/chile/CL_004.md,218,852,0.8192,0,OK
CL_004,dados_intermediarios/processed/chile/CL_004.md,219,2606,0.8273,0,OK
CL_004,dados_intermediarios/processed/chile/CL_004.md,220,2779,0.801,0,OK
CL_004,dados_intermediarios/processed/chile/CL_004.md,221,2723,0.8142,0,OK
CL_004,dados_intermediarios/processed/chile/CL_004.md,222,3314,0.8186,0,OK
CL_004,dados_intermediarios/processed/chile/CL_004.md,223,2037,0.7595,0,OK
CL_004,dados_intermediarios/processed/chile/CL_004.md,224,2168,0.762,0,OK
CL_004,dados_intermediarios/processed/chile/CL_004.md,225,692,0.7746,0,OK
CL_004,dados_intermediarios/processed/chile/CL_004.md,227,14,0.9286,0,LOW_TEXT
CL_004,dados_intermediarios/processed/chile/CL_004.md,228,971,0.8321,0,OK
CL_004,dados_intermediarios/processed/chile/CL_004.md,229,1699,0.7946,0,OK
CL_004,dados_intermediarios/processed/chile/CL_004.md,230,1381,0.8001,0,OK
CL_004,dados_intermediarios/processed/chile/CL_004.md,231,14,0.9286,0,LOW_TEXT
CL_004,dados_intermediarios/processed/chile/CL_004.md,232,1007,0.8322,0,OK
CL_004,dados_intermediarios/processed/chile/CL_004.md,233,1866,0.7985,0,OK
CL_004,dados_intermediarios/processed/chile/CL_004.md,234,2027,0.8032,0,OK
CL_004,dados_intermediarios/processed/chile/CL_004.md,235,14,0.9286,0,LOW_TEXT
CL_004,dados_intermediarios/processed/chile/CL_004.md,236,1733,0.82,0,OK
CL_004,dados_intermediarios/processed/chile/CL_004.md,237,1970,0.803,0,OK
CL_004,dados_intermediarios/processed/chile/CL_004.md,238,2306,0.8018,0,OK
CL_004,dados_intermediarios/processed/chile/CL_004.md,239,1350,0.8059,0,OK
CL_004,dados_intermediarios/processed/chile/CL_004.md,241,13,0.9231,0,LOW_TEXT
CL_004,dados_intermediarios/processed/chile/CL_004.md,242,1716,0.8199,0,OK
CL_004,dados_intermediarios/processed/chile/CL_004.md,243,1752,0.8128,0,OK
CL_004,dados_intermediarios/processed/chile/CL_004.md,244,2160,0.8028,0,OK
CL_004,dados_intermediarios/processed/chile/CL_004.md,245,1943,0.8008,0,OK
CL_004,dados_intermediarios/processed/chile/CL_004.md,246,439,0.82,0,OK
CL_004,dados_intermediarios/processed/chile/CL_004.md,247,13,0.9231,0,LOW_TEXT
CL_004,dados_intermediarios/processed/chile/CL_004.md,248,1722,0.8351,0,OK
CL_004,dados_intermediarios/processed/chile/CL_004.md,249,1815,0.827,0,OK
CL_004,dados_intermediarios/processed/chile/CL_004.md,250,1945,0.8129,0,OK
CL_004,dados_intermediarios/processed/chile/CL_004.md,251,1360,0.8066,0,OK
CL_004,dados_intermediarios/processed/chile/CL_004.md,253,12,0.9167,0,LOW_TEXT
CL_004,dados_intermediarios/processed/chile/CL_004.md,254,1780,0.8309,0,OK
CL_004,dados_intermediarios/processed/chile/CL_004.md,255,1875,0.8235,0,OK
CL_004,dados_intermediarios/processed/chile/CL_004.md,256,2035,0.8113,0,OK
CL_004,dados_intermediarios/processed/chile/CL_004.md,257,736,0.6929,0,OK
CL_004,dados_intermediarios/processed/chile/CL_004.md,258,818,0.5929,0,OK
CL_004,dados_intermediarios/processed/chile/CL_004.md,259,927,0.5965,0,OK
CL_004,dados_intermediarios/processed/chile/CL_004.md,260,1269,0.7053,0,OK
CL_004,dados_intermediarios/processed/chile/CL_004.md,261,593,0.4486,0,OK
CL_004,dados_intermediarios/processed/chile/CL_004.md,262,1049,0.8074,0,OK
CL_004,dados_intermediarios/processed/chile/CL_004.md,263,1026,0.7836,0,OK
CL_004,dados_intermediarios/processed/chile/CL_004.md,265,26,0.8462,0,LOW_TEXT
CL_004,dados_intermediarios/processed/chile/CL_004.md,266,3686,0.8188,0,OK
CL_004,dados_intermediarios/processed/chile/CL_004.md,267,3398,0.8217,0,OK
CL_004,dados_intermediarios/processed/chile/CL_004.md,268,4324,0.8185,0,OK
CL_004,dados_intermediarios/processed/chile/CL_004.md,269,4188,0.8181,0,OK
CL_004,dados_intermediarios/processed/chile/CL_004.md,270,4244,0.812,0,OK
CL_004,dados_intermediarios/processed/chile/CL_004.md,271,370,0.8189,0,OK
CL_004,dados_intermediarios/processed/chile/CL_004.md,272,2604,0.8161,0,OK
CL_004,dados_intermediarios/processed/chile/CL_004.md,273,2605,0.8219,0,OK
CL_004,dados_intermediarios/processed/chile/CL_004.md,274,2863,0.8159,0,OK
CL_004,dados_intermediarios/processed/chile/CL_004.md,275,2034,0.7616,0,OK
CL_004,dados_intermediarios/processed/chile/CL_004.md,276,406,0.7586,0,OK
CL_004,dados_intermediarios/processed/chile/CL_004.md,277,2057,0.7594,0,OK
CL_004,dados_intermediarios/processed/chile/CL_004.md,278,1446,0.7621,0,OK
CL_004,dados_intermediarios/processed/chile/CL_004.md,279,13,0.9231,0,LOW_TEXT
CL_004,dados_intermediarios/processed/chile/CL_004.md,280,1861,0.8098,0,OK
CL_004,dados_intermediarios/processed/chile/CL_004.md,281,1639,0.8103,0,OK
CL_004,dados_intermediarios/processed/chile/CL_004.md,282,2148,0.7561,0,OK
CL_004,dados_intermediarios/processed/chile/CL_004.md,283,2115,0.756,0,OK
CL_004,dados_intermediarios/processed/chile/CL_004.md,285,12,0.9167,0,LOW_TEXT
CL_004,dados_intermediarios/processed/chile/CL_004.md,286,2147,0.8132,0,OK
CL_004,dados_intermediarios/processed/chile/CL_004.md,287,1675,0.809,0,OK
CL_004,dados_intermediarios/processed/chile/CL_004.md,288,2397,0.768,0,OK
CL_004,dados_intermediarios/processed/chile/CL_004.md,289,2179,0.777,0,OK
CL_004,dados_intermediarios/processed/chile/CL_004.md,290,1993,0.8073,0,OK
CL_004,dados_intermediarios/processed/chile/CL_004.md,291,468,0.8141,0,OK
CL_004,dados_intermediarios/processed/chile/CL_004.md,293,24,0.875,0,LOW_TEXT
CL_004,dados_intermediarios/processed/chile/CL_004.md,294,3775,0.8125,0,OK
CL_004,dados_intermediarios/processed/chile/CL_004.md,295,3594,0.8175,0,OK
CL_004,dados_intermediarios/processed/chile/CL_004.md,296,2910,0.8148,0,OK
CL_004,dados_intermediarios/processed/chile/CL_004.md,297,3678,0.8105,0,OK
CL_004,dados_intermediarios/processed/chile/CL_004.md,298,4464,0.8123,0,OK
CL_004,dados_intermediarios/processed/chile/CL_004.md,299,4073,0.8114,0,OK
CL_004,dados_intermediarios/processed/chile/CL_004.md,300,4364,0.8146,0,OK
CL_004,dados_intermediarios/processed/chile/CL_004.md,301,4188,0.8183,0,OK
CL_004,dados_intermediarios/processed/chile/CL_004.md,302,3470,0.8196,0,OK
CL_004,dados_intermediarios/processed/chile/CL_004.md,303,2182,0.8148,0,OK
CL_004,dados_intermediarios/processed/chile/CL_004.md,304,2281,0.7256,0,OK
CL_004,dados_intermediarios/processed/chile/CL_004.md,305,1636,0.7384,0,OK
CL_004,dados_intermediarios/processed/chile/CL_004.md,306,2313,0.7324,0,OK
CL_004,dados_intermediarios/processed/chile/CL_004.md,307,2205,0.7311,0,OK
CL_004,dados_intermediarios/processed/chile/CL_004.md,308,2292,0.7352,0,OK
CL_004,dados_intermediarios/processed/chile/CL_004.md,309,14,0.9286,0,LOW_TEXT
CL_004,dados_intermediarios/processed/chile/CL_004.md,310,1793,0.8171,0,OK
CL_004,dados_intermediarios/processed/chile/CL_004.md,311,1366,0.8155,0,OK
CL_004,dados_intermediarios/processed/chile/CL_004.md,312,2060,0.8228,0,OK
CL_004,dados_intermediarios/processed/chile/CL_004.md,313,14,0.9286,0,LOW_TEXT
CL_004,dados_intermediarios/processed/chile/CL_004.md,314,1604,0.8117,0,OK
CL_004,dados_intermediarios/processed/chile/CL_004.md,315,1610,0.813,0,OK
CL_004,dados_intermediarios/processed/chile/CL_004.md,316,1869,0.8111,0,OK
CL_004,dados_intermediarios/processed/chile/CL_004.md,317,1665,0.8234,0,OK
CL_004,dados_intermediarios/processed/chile/CL_004.md,319,14,0.9286,0,LOW_TEXT
CL_004,dados_intermediarios/processed/chile/CL_004.md,320,1425,0.8168,0,OK
CL_004,dados_intermediarios/processed/chile/CL_004.md,321,1807,0.8168,0,OK
CL_004,dados_intermediarios/processed/chile/CL_004.md,322,1958,0.8151,0,OK
CL_004,dados_intermediarios/processed/chile/CL_004.md,323,1980,0.8227,0,OK
CL_004,dados_intermediarios/processed/chile/CL_004.md,324,573,0.815,0,OK
CL_004,dados_intermediarios/processed/chile/CL_004.md,325,13,0.9231,0,LOW_TEXT
CL_004,dados_intermediarios/processed/chile/CL_004.md,326,1528,0.8181,0,OK
CL_004,dados_intermediarios/processed/chile/CL_004.md,327,1773,0.8116,0,OK
CL_004,dados_intermediarios/processed/chile/CL_004.md,328,2055,0.8136,0,OK
CL_004,dados_intermediarios/processed/chile/CL_004.md,329,2009,0.8208,0,OK
CL_004,dados_intermediarios/processed/chile/CL_004.md,330,734,0.8215,0,OK
CL_004,dados_intermediarios/processed/chile/CL_004.md,331,13,0.9231,0,LOW_TEXT
CL_004,dados_intermediarios/processed/chile/CL_004.md,332,1655,0.8199,0,OK
CL_004,dados_intermediarios/processed/chile/CL_004.md,333,1957,0.8191,0,OK
CL_004,dados_intermediarios/processed/chile/CL_004.md,334,2024,0.8132,0,OK
CL_004,dados_intermediarios/processed/chile/CL_004.md,335,1889,0.8179,0,OK
CL_004,dados_intermediarios/processed/chile/CL_004.md,336,1437,0.8156,0,OK
CL_004,dados_intermediarios/processed/chile/CL_004.md,337,12,0.9167,0,LOW_TEXT
CL_004,dados_intermediarios/processed/chile/CL_004.md,338,1698,0.8151,0,OK
CL_004,dados_intermediarios/processed/chile/CL_004.md,339,1916,0.822,0,OK
CL_004,dados_intermediarios/processed/chile/CL_004.md,340,1781,0.8164,0,OK
CL_004,dados_intermediarios/processed/chile/CL_004.md,341,2104,0.8146,0,OK
CL_004,dados_intermediarios/processed/chile/CL_004.md,342,2042,0.8164,0,OK
CL_004,dados_intermediarios/processed/chile/CL_004.md,343,868,0.8214,0,OK
CL_004,dados_intermediarios/processed/chile/CL_004.md,345,6,1.0,0,LOW_TEXT
CL_004,dados_intermediarios/processed/chile/CL_004.md,346,3604,0.8077,0,OK
CL_004,dados_intermediarios/processed/chile/CL_004.md,347,3190,0.8135,0,OK
CL_004,dados_intermediarios/processed/chile/CL_004.md,348,2457,0.8136,0,OK
CL_004,dados_intermediarios/processed/chile/CL_004.md,349,2391,0.8168,0,OK
CL_004,dados_intermediarios/processed/chile/CL_004.md,350,1945,0.8165,0,OK
CL_004,dados_intermediarios/processed/chile/CL_004.md,351,2232,0.8181,0,OK
CL_004,dados_intermediarios/processed/chile/CL_004.md,353,14,0.9286,0,LOW_TEXT
CL_004,dados_intermediarios/processed/chile/CL_004.md,355,1601,0.8032,0,OK
CL_004,dados_intermediarios/processed/chile/CL_004.md,357,14,0.9286,0,LOW_TEXT
CL_004,dados_intermediarios/processed/chile/CL_004.md,359,1649,0.8005,0,OK
CL_004,dados_intermediarios/processed/chile/CL_004.md,361,14,0.9286,0,LOW_TEXT
CL_004,dados_intermediarios/processed/chile/CL_004.md,363,1801,0.7896,0,OK
CL_004,dados_intermediarios/processed/chile/CL_004.md,364,355,0.8197,0,OK
CL_004,dados_intermediarios/processed/chile/CL_004.md,365,13,0.9231,0,LOW_TEXT
CL_004,dados_intermediarios/processed/chile/CL_004.md,367,1853,0.7965,0,OK
CL_004,dados_intermediarios/processed/chile/CL_004.md,368,355,0.8197,0,OK
CL_004,dados_intermediarios/processed/chile/CL_004.md,369,13,0.9231,0,LOW_TEXT
CL_004,dados_intermediarios/processed/chile/CL_004.md,371,1966,0.794,0,OK
CL_004,dados_intermediarios/processed/chile/CL_004.md,373,12,0.9167,0,LOW_TEXT
CL_004,dados_intermediarios/processed/chile/CL_004.md,375,1744,0.7936,0,OK
CL_004,dados_intermediarios/processed/chile/CL_004.md,376,344,0.811,0,OK
CL_004,dados_intermediarios/processed/chile/CL_004.md,377,11,1.0,0,LOW_TEXT
CL_004,dados_intermediarios/processed/chile/CL_004.md,378,3835,0.8128,0,OK
CL_004,dados_intermediarios/processed/chile/CL_004.md,379,3512,0.8206,0,OK
CL_004,dados_intermediarios/processed/chile/CL_004.md,380,2941,0.814,0,OK
CL_004,dados_intermediarios/processed/chile/CL_004.md,381,2468,0.8205,0,OK
CL_004,dados_intermediarios/processed/chile/CL_004.md,382,1380,0.8174,0,OK
CL_004,dados_intermediarios/processed/chile/CL_004.md,383,14,0.9286,0,LOW_TEXT
CL_004,dados_intermediarios/processed/chile/CL_004.md,385,1686,0.8001,0,OK
CL_004,dados_intermediarios/processed/chile/CL_004.md,386,310,0.8226,0,OK
CL_004,dados_intermediarios/processed/chile/CL_004.md,387,14,0.9286,0,LOW_TEXT
CL_004,dados_intermediarios/processed/chile/CL_004.md,389,1686,0.8001,0,OK
CL_004,dados_intermediarios/processed/chile/CL_004.md,390,311,0.8199,0,OK
CL_004,dados_intermediarios/processed/chile/CL_004.md,391,14,0.9286,0,LOW_TEXT
CL_004,dados_intermediarios/processed/chile/CL_004.md,393,1772,0.8047,0,OK
CL_004,dados_intermediarios/processed/chile/CL_004.md,394,739,0.8119,0,OK
CL_004,dados_intermediarios/processed/chile/CL_004.md,395,13,0.9231,0,LOW_TEXT
CL_004,dados_intermediarios/processed/chile/CL_004.md,397,1977,0.8088,0,OK
CL_004,dados_intermediarios/processed/chile/CL_004.md,398,828,0.8116,0,OK
CL_004,dados_intermediarios/processed/chile/CL_004.md,399,13,0.9231,0,LOW_TEXT
CL_004,dados_intermediarios/processed/chile/CL_004.md,401,2142,0.8151,0,OK
CL_004,dados_intermediarios/processed/chile/CL_004.md,402,1166,0.8182,0,OK
CL_004,dados_intermediarios/processed/chile/CL_004.md,405,2142,0.8151,0,OK
CL_004,dados_intermediarios/processed/chile/CL_004.md,406,1166,0.8182,0,OK
CL_004,dados_intermediarios/processed/chile/CL_004.md,408,301,0.7973,0,OK
CL_005,dados_intermediarios/processed/chile/CL_005.md,2,1318,0.8331,0,OK
CL_005,dados_intermediarios/processed/chile/CL_005.md,3,2348,0.833,0,OK
CL_005,dados_intermediarios/processed/chile/CL_005.md,4,1788,0.8272,0,OK
CL_005,dados_intermediarios/processed/chile/CL_005.md,5,1451,0.8236,0,OK
CL_005,dados_intermediarios/processed/chile/CL_005.md,6,1650,0.8061,0,OK
CL_005,dados_intermediarios/processed/chile/CL_005.md,7,983,0.8189,0,OK
CL_005,dados_intermediarios/processed/chile/CL_005.md,8,1185,0.8143,0,OK
CL_005,dados_intermediarios/processed/chile/CL_005.md,9,2156,0.8279,0,OK
CL_005,dados_intermediarios/processed/chile/CL_005.md,10,2035,0.8428,0,OK
CL_005,dados_intermediarios/processed/chile/CL_005.md,11,1087,0.7884,0,OK
CL_005,dados_intermediarios/processed/chile/CL_005.md,12,2197,0.8261,0,OK
CL_005,dados_intermediarios/processed/chile/CL_005.md,13,834,0.8177,0,OK
CL_005,dados_intermediarios/processed/chile/CL_005.md,14,1769,0.827,0,OK
CL_005,dados_intermediarios/processed/chile/CL_005.md,15,1030,0.8194,0,OK
CL_005,dados_intermediarios/processed/chile/CL_005.md,16,1977,0.8381,0,OK
CL_005,dados_intermediarios/processed/chile/CL_005.md,17,1338,0.8191,0,OK
CL_005,dados_intermediarios/processed/chile/CL_005.md,18,2043,0.8316,0,OK
CL_005,dados_intermediarios/processed/chile/CL_005.md,19,1100,0.8173,0,OK
CL_005,dados_intermediarios/processed/chile/CL_005.md,20,1954,0.8342,0,OK
CL_005,dados_intermediarios/processed/chile/CL_005.md,21,919,0.8248,0,OK
CL_005,dados_intermediarios/processed/chile/CL_005.md,22,1989,0.8361,0,OK
CL_005,dados_intermediarios/processed/chile/CL_005.md,23,1133,0.8155,0,OK
CL_005,dados_intermediarios/processed/chile/CL_005.md,24,1522,0.8456,0,OK
CL_005,dados_intermediarios/processed/chile/CL_005.md,25,1101,0.8165,0,OK
CL_005,dados_intermediarios/processed/chile/CL_005.md,26,1283,0.8332,0,OK
CL_005,dados_intermediarios/processed/chile/CL_005.md,27,1168,0.8185,0,OK
CL_005,dados_intermediarios/processed/chile/CL_005.md,28,2005,0.8409,0,OK
CL_005,dados_intermediarios/processed/chile/CL_005.md,29,1556,0.8233,0,OK
CL_005,dados_intermediarios/processed/chile/CL_005.md,30,1266,0.8476,0,OK
CL_005,dados_intermediarios/processed/chile/CL_005.md,31,1226,0.8181,0,OK
CL_005,dados_intermediarios/processed/chile/CL_005.md,32,1488,0.8367,0,OK
CL_005,dados_intermediarios/processed/chile/CL_005.md,33,1448,0.8294,0,OK
CL_005,dados_intermediarios/processed/chile/CL_005.md,34,1406,0.8279,0,OK
CL_005,dados_intermediarios/processed/chile/CL_005.md,35,1318,0.8331,0,OK
CL_005,dados_intermediarios/processed/chile/CL_005.md,36,2479,0.7963,0,OK
AS-CN-01,dados_intermediarios/processed_ocr/AS-CN-01.md,1,64,0.5938,0,OK
AS-CN-01,dados_intermediarios/processed_ocr/AS-CN-01.md,2,519,0.8459,0,OK
AS-CN-01,dados_intermediarios/processed_ocr/AS-CN-01.md,3,605,0.843,0,OK
AS-CN-01,dados_intermediarios/processed_ocr/AS-CN-01.md,4,604,0.8344,0,OK
AS-CN-01,dados_intermediarios/processed_ocr/AS-CN-01.md,5,733,0.8404,0,OK
AS-CN-01,dados_intermediarios/processed_ocr/AS-CN-01.md,6,90,0.8222,0,OK
AS-CN-01,dados_intermediarios/processed_ocr/AS-CN-01.md,7,114,0.693,0,OK
AS-CN-01,dados_intermediarios/processed_ocr/AS-CN-01.md,8,217,0.8756,0,OK
AS-CN-01,dados_intermediarios/processed_ocr/AS-CN-01.md,9,478,0.8724,0,OK
AS-CN-01,dados_intermediarios/processed_ocr/AS-CN-01.md,10,351,0.8205,0,OK
AS-CN-01,dados_intermediarios/processed_ocr/AS-CN-01.md,11,442,0.8529,0,OK
AS-CN-01,dados_intermediarios/processed_ocr/AS-CN-01.md,12,692,0.8598,0,OK
AS-CN-01,dados_intermediarios/processed_ocr/AS-CN-01.md,13,647,0.8516,0,OK
AS-CN-01,dados_intermediarios/processed_ocr/AS-CN-01.md,14,514,0.8405,0,OK
AS-CN-01,dados_intermediarios/processed_ocr/AS-CN-01.md,15,720,0.7875,0,OK
AS-CN-01,dados_intermediarios/processed_ocr/AS-CN-01.md,16,782,0.8184,0,OK
AS-CN-01,dados_intermediarios/processed_ocr/AS-CN-01.md,17,856,0.7979,0,OK
AS-CN-01,dados_intermediarios/processed_ocr/AS-CN-01.md,18,818,0.7958,0,OK
AS-CN-01,dados_intermediarios/processed_ocr/AS-CN-01.md,19,505,0.796,0,OK
AS-CN-01,dados_intermediarios/processed_ocr/AS-CN-01.md,20,418,0.7225,0,OK
AS-CN-01,dados_intermediarios/processed_ocr/AS-CN-01.md,21,593,0.7976,0,OK
AS-CN-01,dados_intermediarios/processed_ocr/AS-CN-01.md,22,707,0.8586,0,OK
AS-CN-01,dados_intermediarios/processed_ocr/AS-CN-01.md,23,747,0.8501,0,OK
AS-CN-01,dados_intermediarios/processed_ocr/AS-CN-01.md,24,618,0.8269,0,OK
AS-CN-01,dados_intermediarios/processed_ocr/AS-CN-01.md,25,671,0.8152,0,OK
AS-CN-01,dados_intermediarios/processed_ocr/AS-CN-01.md,26,684,0.8465,0,OK
AS-CN-01,dados_intermediarios/processed_ocr/AS-CN-01.md,27,664,0.8238,0,OK
AS-CN-01,dados_intermediarios/processed_ocr/AS-CN-01.md,28,676,0.8402,0,OK
AS-CN-01,dados_intermediarios/processed_ocr/AS-CN-01.md,29,816,0.8505,0,OK
AS-CN-01,dados_intermediarios/processed_ocr/AS-CN-01.md,30,683,0.8507,0,OK
AS-CN-01,dados_intermediarios/processed_ocr/AS-CN-01.md,31,704,0.8438,0,OK
AS-CN-01,dados_intermediarios/processed_ocr/AS-CN-01.md,32,738,0.8306,0,OK
AS-CN-01,dados_intermediarios/processed_ocr/AS-CN-01.md,33,720,0.8431,0,OK
AS-CN-01,dados_intermediarios/processed_ocr/AS-CN-01.md,34,638,0.8558,0,OK
AS-CN-01,dados_intermediarios/processed_ocr/AS-CN-01.md,35,592,0.8226,0,OK
AS-CN-01,dados_intermediarios/processed_ocr/AS-CN-01.md,36,718,0.8496,0,OK
AS-CN-01,dados_intermediarios/processed_ocr/AS-CN-01.md,37,649,0.8428,0,OK
AS-CN-01,dados_intermediarios/processed_ocr/AS-CN-01.md,38,727,0.8748,0,OK
AS-CN-01,dados_intermediarios/processed_ocr/AS-CN-01.md,39,706,0.847,0,OK
AS-CN-01,dados_intermediarios/processed_ocr/AS-CN-01.md,40,659,0.8574,0,OK
AS-CN-01,dados_intermediarios/processed_ocr/AS-CN-01.md,41,626,0.8578,0,OK
AS-CN-01,dados_intermediarios/processed_ocr/AS-CN-01.md,42,644,0.8261,0,OK
AS-CN-01,dados_intermediarios/processed_ocr/AS-CN-01.md,43,790,0.8633,0,OK
AS-CN-01,dados_intermediarios/processed_ocr/AS-CN-01.md,44,691,0.848,0,OK
AS-CN-01,dados_intermediarios/processed_ocr/AS-CN-01.md,45,686,0.8426,0,OK
AS-CN-01,dados_intermediarios/processed_ocr/AS-CN-01.md,46,727,0.8707,0,OK
AS-CN-01,dados_intermediarios/processed_ocr/AS-CN-01.md,47,664,0.8343,0,OK
AS-CN-01,dados_intermediarios/processed_ocr/AS-CN-01.md,48,694,0.8718,0,OK
AS-CN-01,dados_intermediarios/processed_ocr/AS-CN-01.md,49,647,0.8609,0,OK
AS-CN-01,dados_intermediarios/processed_ocr/AS-CN-01.md,50,685,0.8642,0,OK
AS-CN-01,dados_intermediarios/processed_ocr/AS-CN-01.md,51,256,0.8398,0,OK
AS-CN-01,dados_intermediarios/processed_ocr/AS-CN-01.md,52,955,0.8283,0,OK
AS-CN-01,dados_intermediarios/processed_ocr/AS-CN-01.md,53,582,0.8351,0,OK
AS-CN-01,dados_intermediarios/processed_ocr/AS-CN-01.md,54,412,0.8641,0,OK
AS-CN-01,dados_intermediarios/processed_ocr/AS-CN-01.md,55,628,0.836,0,OK
AS-CN-01,dados_intermediarios/processed_ocr/AS-CN-01.md,56,663,0.8416,0,OK
AS-CN-01,dados_intermediarios/processed_ocr/AS-CN-01.md,57,669,0.8371,0,OK
AS-CN-01,dados_intermediarios/processed_ocr/AS-CN-01.md,58,617,0.8071,0,OK
AS-CN-01,dados_intermediarios/processed_ocr/AS-CN-01.md,59,460,0.7717,0,OK
AS-CN-01,dados_intermediarios/processed_ocr/AS-CN-01.md,60,345,0.7101,0,OK
AS-CN-01,dados_intermediarios/processed_ocr/AS-CN-01.md,61,495,0.8061,0,OK
AS-CN-01,dados_intermediarios/processed_ocr/AS-CN-01.md,62,685,0.8672,0,OK
AS-CN-01,dados_intermediarios/processed_ocr/AS-CN-01.md,63,756,0.8571,0,OK
AS-CN-01,dados_intermediarios/processed_ocr/AS-CN-01.md,64,723,0.8589,0,OK
AS-CN-01,dados_intermediarios/processed_ocr/AS-CN-01.md,65,139,0.8417,0,OK
AS-CN-01,dados_intermediarios/processed_ocr/AS-CN-01.md,66,461,0.8004,0,OK
AS-CN-01,dados_intermediarios/processed_ocr/AS-CN-01.md,67,645,0.7829,0,OK
AS-CN-01,dados_intermediarios/processed_ocr/AS-CN-01.md,68,662,0.7976,0,OK
AS-CN-01,dados_intermediarios/processed_ocr/AS-CN-01.md,69,524,0.8111,0,OK
AS-CN-01,dados_intermediarios/processed_ocr/AS-CN-01.md,70,636,0.8553,0,OK
AS-CN-01,dados_intermediarios/processed_ocr/AS-CN-01.md,71,709,0.7757,0,OK
AS-CN-01,dados_intermediarios/processed_ocr/AS-CN-01.md,72,923,0.6793,0,OK
AS-CN-01,dados_intermediarios/processed_ocr/AS-CN-01.md,73,582,0.7904,0,OK
AS-CN-01,dados_intermediarios/processed_ocr/AS-CN-01.md,74,63,0.8254,0,OK
AS-CN-02,dados_intermediarios/processed_ocr/AS-CN-02.md,1,45,0.7333,0,OK
AS-CN-02,dados_intermediarios/processed_ocr/AS-CN-02.md,2,518,0.8475,0,OK
AS-CN-02,dados_intermediarios/processed_ocr/AS-CN-02.md,3,599,0.8414,0,OK
AS-CN-02,dados_intermediarios/processed_ocr/AS-CN-02.md,4,604,0.8344,0,OK
AS-CN-02,dados_intermediarios/processed_ocr/AS-CN-02.md,5,728,0.8393,0,OK
AS-CN-02,dados_intermediarios/processed_ocr/AS-CN-02.md,6,248,0.1653,0,REVIEW_TEXT_QUALITY
AS-CN-02,dados_intermediarios/processed_ocr/AS-CN-02.md,7,15,0.0,0,EMPTY
AS-CN-02,dados_intermediarios/processed_ocr/AS-CN-02.md,8,211,0.872,0,OK
AS-CN-02,dados_intermediarios/processed_ocr/AS-CN-02.md,9,491,0.8513,0,OK
AS-CN-02,dados_intermediarios/processed_ocr/AS-CN-02.md,10,319,0.8245,0,OK
AS-CN-02,dados_intermediarios/processed_ocr/AS-CN-02.md,11,412,0.8228,0,OK
AS-CN-02,dados_intermediarios/processed_ocr/AS-CN-02.md,12,295,0.8305,0,OK
AS-CN-02,dados_intermediarios/processed_ocr/AS-CN-02.md,13,435,0.8115,0,OK
AS-CN-02,dados_intermediarios/processed_ocr/AS-CN-02.md,14,492,0.7907,0,OK
AS-CN-02,dados_intermediarios/processed_ocr/AS-CN-02.md,15,305,0.7475,0,OK
AS-CN-02,dados_intermediarios/processed_ocr/AS-CN-02.md,16,278,0.8022,0,OK
AS-CN-02,dados_intermediarios/processed_ocr/AS-CN-02.md,17,276,0.7971,0,OK
AS-CN-02,dados_intermediarios/processed_ocr/AS-CN-02.md,18,550,0.8491,0,OK
AS-CN-02,dados_intermediarios/processed_ocr/AS-CN-02.md,19,600,0.835,0,OK
AS-CN-02,dados_intermediarios/processed_ocr/AS-CN-02.md,20,563,0.8703,0,OK
AS-CN-02,dados_intermediarios/processed_ocr/AS-CN-02.md,21,696,0.8348,0,OK
AS-CN-02,dados_intermediarios/processed_ocr/AS-CN-02.md,22,752,0.8418,0,OK
AS-CN-02,dados_intermediarios/processed_ocr/AS-CN-02.md,23,635,0.8709,0,OK
KR_001,dados_intermediarios/processed/coreia-do-sul/KR_001.md,3,93,0.7849,0,OK
KR_001,dados_intermediarios/processed/coreia-do-sul/KR_001.md,5,1030,0.7117,0,OK
KR_001,dados_intermediarios/processed/coreia-do-sul/KR_001.md,6,1317,0.8223,0,OK
KR_001,dados_intermediarios/processed/coreia-do-sul/KR_001.md,7,1152,0.8255,0,OK
KR_001,dados_intermediarios/processed/coreia-do-sul/KR_001.md,8,1398,0.8155,0,OK
KR_001,dados_intermediarios/processed/coreia-do-sul/KR_001.md,9,1858,0.7427,0,OK
KR_001,dados_intermediarios/processed/coreia-do-sul/KR_001.md,10,1564,0.8159,0,OK
KR_001,dados_intermediarios/processed/coreia-do-sul/KR_001.md,11,1037,0.8081,0,OK
KR_001,dados_intermediarios/processed/coreia-do-sul/KR_001.md,12,1453,0.8121,0,OK
KR_001,dados_intermediarios/processed/coreia-do-sul/KR_001.md,13,1165,0.8343,0,OK
KR_001,dados_intermediarios/processed/coreia-do-sul/KR_001.md,14,1417,0.8095,0,OK
KR_001,dados_intermediarios/processed/coreia-do-sul/KR_001.md,15,1351,0.8335,0,OK
KR_001,dados_intermediarios/processed/coreia-do-sul/KR_001.md,16,2235,0.821,0,OK
KR_001,dados_intermediarios/processed/coreia-do-sul/KR_001.md,17,3326,0.819,0,OK
KR_001,dados_intermediarios/processed/coreia-do-sul/KR_001.md,18,2318,0.8046,0,OK
KR_001,dados_intermediarios/processed/coreia-do-sul/KR_001.md,19,2695,0.8182,0,OK
KR_001,dados_intermediarios/processed/coreia-do-sul/KR_001.md,20,1349,0.6909,0,OK
KR_001,dados_intermediarios/processed/coreia-do-sul/KR_001.md,21,1497,0.5411,0,OK
KR_001,dados_intermediarios/processed/coreia-do-sul/KR_001.md,22,940,0.5819,0,OK
KR_001,dados_intermediarios/processed/coreia-do-sul/KR_001.md,23,1306,0.7006,0,OK
KR_001,dados_intermediarios/processed/coreia-do-sul/KR_001.md,24,2798,0.8099,0,OK
KR_001,dados_intermediarios/processed/coreia-do-sul/KR_001.md,25,2170,0.8244,0,OK
KR_001,dados_intermediarios/processed/coreia-do-sul/KR_001.md,26,2212,0.8124,0,OK
KR_001,dados_intermediarios/processed/coreia-do-sul/KR_001.md,27,4087,0.8133,0,OK
KR_001,dados_intermediarios/processed/coreia-do-sul/KR_001.md,28,2871,0.791,0,OK
KR_001,dados_intermediarios/processed/coreia-do-sul/KR_001.md,29,2695,0.8163,0,OK
KR_001,dados_intermediarios/processed/coreia-do-sul/KR_001.md,30,2339,0.8025,0,OK
KR_001,dados_intermediarios/processed/coreia-do-sul/KR_001.md,31,3983,0.7771,0,OK
KR_001,dados_intermediarios/processed/coreia-do-sul/KR_001.md,32,2582,0.7932,0,OK
KR_001,dados_intermediarios/processed/coreia-do-sul/KR_001.md,33,3875,0.7489,0,OK
KR_001,dados_intermediarios/processed/coreia-do-sul/KR_001.md,34,74,0.1892,0,REVIEW_TEXT_QUALITY
KR_001,dados_intermediarios/processed/coreia-do-sul/KR_001.md,35,15,0.8667,0,LOW_TEXT
KR_001,dados_intermediarios/processed/coreia-do-sul/KR_001.md,36,1755,0.8182,0,OK
KR_001,dados_intermediarios/processed/coreia-do-sul/KR_001.md,37,2571,0.8211,0,OK
KR_001,dados_intermediarios/processed/coreia-do-sul/KR_001.md,38,3163,0.8236,0,OK
KR_001,dados_intermediarios/processed/coreia-do-sul/KR_001.md,39,2826,0.822,0,OK
KR_001,dados_intermediarios/processed/coreia-do-sul/KR_001.md,40,3131,0.8288,0,OK
KR_001,dados_intermediarios/processed/coreia-do-sul/KR_001.md,41,701,0.8074,0,OK
KR_001,dados_intermediarios/processed/coreia-do-sul/KR_001.md,42,1698,0.7786,0,OK
KR_001,dados_intermediarios/processed/coreia-do-sul/KR_001.md,43,2075,0.8227,0,OK
KR_001,dados_intermediarios/processed/coreia-do-sul/KR_001.md,44,2615,0.8451,0,OK
KR_001,dados_intermediarios/processed/coreia-do-sul/KR_001.md,45,935,0.8278,0,OK
KR_001,dados_intermediarios/processed/coreia-do-sul/KR_001.md,46,2453,0.8267,0,OK
KR_001,dados_intermediarios/processed/coreia-do-sul/KR_001.md,47,291,0.7388,0,OK
KR_001,dados_intermediarios/processed/coreia-do-sul/KR_001.md,48,74,0.1892,0,REVIEW_TEXT_QUALITY
KR_001,dados_intermediarios/processed/coreia-do-sul/KR_001.md,49,12,0.9167,0,LOW_TEXT
KR_001,dados_intermediarios/processed/coreia-do-sul/KR_001.md,50,1524,0.811,0,OK
KR_001,dados_intermediarios/processed/coreia-do-sul/KR_001.md,51,3172,0.8146,0,OK
KR_001,dados_intermediarios/processed/coreia-do-sul/KR_001.md,52,2034,0.8245,0,OK
KR_001,dados_intermediarios/processed/coreia-do-sul/KR_001.md,53,2238,0.8235,0,OK
KR_001,dados_intermediarios/processed/coreia-do-sul/KR_001.md,54,979,0.811,0,OK
KR_001,dados_intermediarios/processed/coreia-do-sul/KR_001.md,55,551,0.7949,0,OK
KR_001,dados_intermediarios/processed/coreia-do-sul/KR_001.md,56,1473,0.8133,0,OK
KR_001,dados_intermediarios/processed/coreia-do-sul/KR_001.md,57,1698,0.8127,0,OK
KR_001,dados_intermediarios/processed/coreia-do-sul/KR_001.md,58,1164,0.8093,0,OK
KR_001,dados_intermediarios/processed/coreia-do-sul/KR_001.md,59,2607,0.817,0,OK
KR_001,dados_intermediarios/processed/coreia-do-sul/KR_001.md,60,2141,0.808,0,OK
KR_001,dados_intermediarios/processed/coreia-do-sul/KR_001.md,61,2104,0.8151,0,OK
KR_001,dados_intermediarios/processed/coreia-do-sul/KR_001.md,62,2102,0.8078,0,OK
KR_001,dados_intermediarios/processed/coreia-do-sul/KR_001.md,63,2283,0.8117,0,OK
KR_001,dados_intermediarios/processed/coreia-do-sul/KR_001.md,64,1845,0.8136,0,OK
KR_001,dados_intermediarios/processed/coreia-do-sul/KR_001.md,65,48,0.7083,0,OK
KR_001,dados_intermediarios/processed/coreia-do-sul/KR_001.md,66,1046,0.8279,0,OK
KR_001,dados_intermediarios/processed/coreia-do-sul/KR_001.md,67,2239,0.7356,0,OK
KR_001,dados_intermediarios/processed/coreia-do-sul/KR_001.md,68,1217,0.7403,0,OK
KR_001,dados_intermediarios/processed/coreia-do-sul/KR_001.md,69,1436,0.7806,0,OK
KR_001,dados_intermediarios/processed/coreia-do-sul/KR_001.md,70,444,0.8086,0,OK
KR_001,dados_intermediarios/processed/coreia-do-sul/KR_001.md,71,1630,0.8215,0,OK
KR_001,dados_intermediarios/processed/coreia-do-sul/KR_001.md,72,1292,0.7678,0,OK
KR_001,dados_intermediarios/processed/coreia-do-sul/KR_001.md,73,667,0.8096,0,OK
KR_001,dados_intermediarios/processed/coreia-do-sul/KR_001.md,74,1579,0.817,0,OK
KR_001,dados_intermediarios/processed/coreia-do-sul/KR_001.md,75,2016,0.8234,0,OK
KR_001,dados_intermediarios/processed/coreia-do-sul/KR_001.md,76,1848,0.7846,0,OK
KR_001,dados_intermediarios/processed/coreia-do-sul/KR_001.md,77,1526,0.808,0,OK
KR_001,dados_intermediarios/processed/coreia-do-sul/KR_001.md,78,919,0.8052,0,OK
KR_001,dados_intermediarios/processed/coreia-do-sul/KR_001.md,79,1080,0.8185,0,OK
KR_001,dados_intermediarios/processed/coreia-do-sul/KR_001.md,80,1924,0.8186,0,OK
KR_001,dados_intermediarios/processed/coreia-do-sul/KR_001.md,81,2192,0.8225,0,OK
KR_001,dados_intermediarios/processed/coreia-do-sul/KR_001.md,82,1627,0.8052,0,OK
KR_001,dados_intermediarios/processed/coreia-do-sul/KR_001.md,83,1928,0.777,0,OK
KR_001,dados_intermediarios/processed/coreia-do-sul/KR_001.md,84,2055,0.7946,0,OK
KR_001,dados_intermediarios/processed/coreia-do-sul/KR_001.md,85,1327,0.8282,0,OK
KR_001,dados_intermediarios/processed/coreia-do-sul/KR_001.md,86,1629,0.8036,0,OK
KR_001,dados_intermediarios/processed/coreia-do-sul/KR_001.md,87,1446,0.8271,0,OK
KR_001,dados_intermediarios/processed/coreia-do-sul/KR_001.md,88,1471,0.8131,0,OK
KR_001,dados_intermediarios/processed/coreia-do-sul/KR_001.md,89,1298,0.8143,0,OK
KR_001,dados_intermediarios/processed/coreia-do-sul/KR_001.md,90,1199,0.8165,0,OK
KR_001,dados_intermediarios/processed/coreia-do-sul/KR_001.md,91,1810,0.8282,0,OK
KR_001,dados_intermediarios/processed/coreia-do-sul/KR_001.md,92,2335,0.8304,0,OK
KR_001,dados_intermediarios/processed/coreia-do-sul/KR_001.md,93,1053,0.8243,0,OK
KR_001,dados_intermediarios/processed/coreia-do-sul/KR_001.md,94,1449,0.8047,0,OK
KR_001,dados_intermediarios/processed/coreia-do-sul/KR_001.md,95,1843,0.7873,0,OK
KR_001,dados_intermediarios/processed/coreia-do-sul/KR_001.md,96,2144,0.8214,0,OK
KR_001,dados_intermediarios/processed/coreia-do-sul/KR_001.md,97,257,0.7938,0,OK
KR_001,dados_intermediarios/processed/coreia-do-sul/KR_001.md,98,2079,0.8052,0,OK
KR_001,dados_intermediarios/processed/coreia-do-sul/KR_001.md,99,1877,0.7954,0,OK
KR_001,dados_intermediarios/processed/coreia-do-sul/KR_001.md,100,1971,0.8077,0,OK
KR_001,dados_intermediarios/processed/coreia-do-sul/KR_001.md,101,1829,0.8229,0,OK
KR_001,dados_intermediarios/processed/coreia-do-sul/KR_001.md,102,2176,0.8226,0,OK
KR_001,dados_intermediarios/processed/coreia-do-sul/KR_001.md,103,1978,0.8094,0,OK
KR_001,dados_intermediarios/processed/coreia-do-sul/KR_001.md,104,2095,0.8215,0,OK
KR_001,dados_intermediarios/processed/coreia-do-sul/KR_001.md,105,1920,0.8276,0,OK
KR_001,dados_intermediarios/processed/coreia-do-sul/KR_001.md,106,1055,0.8218,0,OK
KR_001,dados_intermediarios/processed/coreia-do-sul/KR_001.md,107,2230,0.8247,0,OK
KR_001,dados_intermediarios/processed/coreia-do-sul/KR_001.md,108,1162,0.7926,0,OK
KR_001,dados_intermediarios/processed/coreia-do-sul/KR_001.md,109,1748,0.8261,0,OK
KR_001,dados_intermediarios/processed/coreia-do-sul/KR_001.md,110,1806,0.8123,0,OK
KR_001,dados_intermediarios/processed/coreia-do-sul/KR_001.md,111,269,0.8104,0,OK
KR_001,dados_intermediarios/processed/coreia-do-sul/KR_001.md,112,1619,0.8172,0,OK
KR_001,dados_intermediarios/processed/coreia-do-sul/KR_001.md,113,1556,0.8098,0,OK
KR_001,dados_intermediarios/processed/coreia-do-sul/KR_001.md,114,2260,0.815,0,OK
KR_001,dados_intermediarios/processed/coreia-do-sul/KR_001.md,115,1794,0.835,0,OK
KR_001,dados_intermediarios/processed/coreia-do-sul/KR_001.md,116,2154,0.8162,0,OK
KR_001,dados_intermediarios/processed/coreia-do-sul/KR_001.md,117,1170,0.8154,0,OK
KR_001,dados_intermediarios/processed/coreia-do-sul/KR_001.md,118,1512,0.8208,0,OK
KR_001,dados_intermediarios/processed/coreia-do-sul/KR_001.md,119,2491,0.8198,0,OK
KR_001,dados_intermediarios/processed/coreia-do-sul/KR_001.md,120,1208,0.7972,0,OK
KR_001,dados_intermediarios/processed/coreia-do-sul/KR_001.md,121,515,0.732,0,OK
KR_001,dados_intermediarios/processed/coreia-do-sul/KR_001.md,122,1060,0.8208,0,OK
KR_001,dados_intermediarios/processed/coreia-do-sul/KR_001.md,123,1546,0.8195,0,OK
KR_001,dados_intermediarios/processed/coreia-do-sul/KR_001.md,124,1948,0.8311,0,OK
KR_001,dados_intermediarios/processed/coreia-do-sul/KR_001.md,125,409,0.8264,0,OK
KR_001,dados_intermediarios/processed/coreia-do-sul/KR_001.md,126,1773,0.8122,0,OK
KR_001,dados_intermediarios/processed/coreia-do-sul/KR_001.md,127,2444,0.8044,0,OK
KR_001,dados_intermediarios/processed/coreia-do-sul/KR_001.md,128,1878,0.8062,0,OK
KR_001,dados_intermediarios/processed/coreia-do-sul/KR_001.md,129,1768,0.8326,0,OK
KR_001,dados_intermediarios/processed/coreia-do-sul/KR_001.md,130,1962,0.8191,0,OK
KR_001,dados_intermediarios/processed/coreia-do-sul/KR_001.md,131,813,0.8216,0,OK
KR_001,dados_intermediarios/processed/coreia-do-sul/KR_001.md,132,1713,0.8255,0,OK
KR_001,dados_intermediarios/processed/coreia-do-sul/KR_001.md,133,2225,0.8121,0,OK
KR_001,dados_intermediarios/processed/coreia-do-sul/KR_001.md,134,1921,0.8178,0,OK
KR_001,dados_intermediarios/processed/coreia-do-sul/KR_001.md,135,1335,0.8247,0,OK
KR_001,dados_intermediarios/processed/coreia-do-sul/KR_001.md,136,1212,0.8432,0,OK
KR_001,dados_intermediarios/processed/coreia-do-sul/KR_001.md,137,2457,0.8221,0,OK
KR_001,dados_intermediarios/processed/coreia-do-sul/KR_001.md,138,1212,0.8276,0,OK
KR_001,dados_intermediarios/processed/coreia-do-sul/KR_001.md,139,1353,0.8278,0,OK
KR_001,dados_intermediarios/processed/coreia-do-sul/KR_001.md,140,1695,0.8254,0,OK
KR_001,dados_intermediarios/processed/coreia-do-sul/KR_001.md,141,2505,0.8176,0,OK
KR_001,dados_intermediarios/processed/coreia-do-sul/KR_001.md,142,1400,0.8221,0,OK
KR_001,dados_intermediarios/processed/coreia-do-sul/KR_001.md,143,1972,0.8276,0,OK
KR_001,dados_intermediarios/processed/coreia-do-sul/KR_001.md,144,2433,0.8109,0,OK
KR_001,dados_intermediarios/processed/coreia-do-sul/KR_001.md,145,2436,0.8095,0,OK
KR_001,dados_intermediarios/processed/coreia-do-sul/KR_001.md,146,1973,0.813,0,OK
KR_001,dados_intermediarios/processed/coreia-do-sul/KR_001.md,147,1599,0.8218,0,OK
KR_001,dados_intermediarios/processed/coreia-do-sul/KR_001.md,148,1142,0.8205,0,OK
KR_001,dados_intermediarios/processed/coreia-do-sul/KR_001.md,149,1905,0.8079,0,OK
KR_001,dados_intermediarios/processed/coreia-do-sul/KR_001.md,150,2398,0.8173,0,OK
KR_001,dados_intermediarios/processed/coreia-do-sul/KR_001.md,151,1488,0.8273,0,OK
KR_001,dados_intermediarios/processed/coreia-do-sul/KR_001.md,152,1847,0.7953,0,OK
KR_001,dados_intermediarios/processed/coreia-do-sul/KR_001.md,153,1791,0.8124,0,OK
KR_001,dados_intermediarios/processed/coreia-do-sul/KR_001.md,154,1291,0.7761,0,OK
KR_001,dados_intermediarios/processed/coreia-do-sul/KR_001.md,155,52,0.75,0,OK
KR_001,dados_intermediarios/processed/coreia-do-sul/KR_001.md,156,1305,0.833,0,OK
KR_001,dados_intermediarios/processed/coreia-do-sul/KR_001.md,157,2500,0.8232,0,OK
KR_001,dados_intermediarios/processed/coreia-do-sul/KR_001.md,158,1834,0.8206,0,OK
KR_001,dados_intermediarios/processed/coreia-do-sul/KR_001.md,159,2202,0.8183,0,OK
KR_001,dados_intermediarios/processed/coreia-do-sul/KR_001.md,160,542,0.8155,0,OK
KR_001,dados_intermediarios/processed/coreia-do-sul/KR_001.md,161,1225,0.8343,0,OK
KR_001,dados_intermediarios/processed/coreia-do-sul/KR_001.md,162,2110,0.8133,0,OK
KR_001,dados_intermediarios/processed/coreia-do-sul/KR_001.md,163,1464,0.8197,0,OK
KR_001,dados_intermediarios/processed/coreia-do-sul/KR_001.md,164,1043,0.8303,0,OK
KR_001,dados_intermediarios/processed/coreia-do-sul/KR_001.md,165,1908,0.8234,0,OK
KR_001,dados_intermediarios/processed/coreia-do-sul/KR_001.md,166,1490,0.8141,0,OK
KR_001,dados_intermediarios/processed/coreia-do-sul/KR_001.md,167,1172,0.8404,0,OK
KR_001,dados_intermediarios/processed/coreia-do-sul/KR_001.md,168,2133,0.8228,0,OK
KR_001,dados_intermediarios/processed/coreia-do-sul/KR_001.md,169,2616,0.8368,0,OK
KR_001,dados_intermediarios/processed/coreia-do-sul/KR_001.md,170,1837,0.8291,0,OK
KR_001,dados_intermediarios/processed/coreia-do-sul/KR_001.md,171,1617,0.8275,0,OK
KR_001,dados_intermediarios/processed/coreia-do-sul/KR_001.md,172,2208,0.8261,0,OK
KR_001,dados_intermediarios/processed/coreia-do-sul/KR_001.md,173,2074,0.824,0,OK
KR_001,dados_intermediarios/processed/coreia-do-sul/KR_001.md,174,1630,0.8245,0,OK
KR_001,dados_intermediarios/processed/coreia-do-sul/KR_001.md,175,1851,0.8314,0,OK
KR_001,dados_intermediarios/processed/coreia-do-sul/KR_001.md,176,1936,0.8306,0,OK
KR_001,dados_intermediarios/processed/coreia-do-sul/KR_001.md,177,1326,0.8281,0,OK
KR_001,dados_intermediarios/processed/coreia-do-sul/KR_001.md,178,1406,0.8265,0,OK
KR_001,dados_intermediarios/processed/coreia-do-sul/KR_001.md,179,1483,0.8092,0,OK
KR_001,dados_intermediarios/processed/coreia-do-sul/KR_001.md,180,859,0.8114,0,OK
KR_001,dados_intermediarios/processed/coreia-do-sul/KR_001.md,181,1350,0.8281,0,OK
KR_001,dados_intermediarios/processed/coreia-do-sul/KR_001.md,182,2120,0.8156,0,OK
KR_001,dados_intermediarios/processed/coreia-do-sul/KR_001.md,183,2009,0.8308,0,OK
KR_001,dados_intermediarios/processed/coreia-do-sul/KR_001.md,184,1229,0.821,0,OK
KR_001,dados_intermediarios/processed/coreia-do-sul/KR_001.md,185,1465,0.8239,0,OK
KR_001,dados_intermediarios/processed/coreia-do-sul/KR_001.md,186,1326,0.8288,0,OK
KR_001,dados_intermediarios/processed/coreia-do-sul/KR_001.md,187,2071,0.8242,0,OK
KR_001,dados_intermediarios/processed/coreia-do-sul/KR_001.md,188,2064,0.8222,0,OK
KR_001,dados_intermediarios/processed/coreia-do-sul/KR_001.md,189,480,0.7896,0,OK
KR_001,dados_intermediarios/processed/coreia-do-sul/KR_001.md,190,74,0.1892,0,REVIEW_TEXT_QUALITY
KR_001,dados_intermediarios/processed/coreia-do-sul/KR_001.md,191,30,0.6667,0,LOW_TEXT
KR_001,dados_intermediarios/processed/coreia-do-sul/KR_001.md,192,1769,0.8253,0,OK
KR_001,dados_intermediarios/processed/coreia-do-sul/KR_001.md,193,2079,0.7869,0,OK
KR_001,dados_intermediarios/processed/coreia-do-sul/KR_001.md,194,2318,0.8171,0,OK
KR_001,dados_intermediarios/processed/coreia-do-sul/KR_001.md,195,1304,0.8137,0,OK
KR_001,dados_intermediarios/processed/coreia-do-sul/KR_001.md,196,1177,0.8148,0,OK
KR_001,dados_intermediarios/processed/coreia-do-sul/KR_001.md,197,1746,0.8362,0,OK
KR_001,dados_intermediarios/processed/coreia-do-sul/KR_001.md,198,1406,0.8144,0,OK
KR_001,dados_intermediarios/processed/coreia-do-sul/KR_001.md,199,1957,0.8089,0,OK
KR_001,dados_intermediarios/processed/coreia-do-sul/KR_001.md,200,1733,0.813,0,OK
KR_001,dados_intermediarios/processed/coreia-do-sul/KR_001.md,201,981,0.8267,0,OK
KR_001,dados_intermediarios/processed/coreia-do-sul/KR_001.md,202,1190,0.7908,0,OK
KR_001,dados_intermediarios/processed/coreia-do-sul/KR_001.md,203,1955,0.8246,0,OK
KR_001,dados_intermediarios/processed/coreia-do-sul/KR_001.md,204,2073,0.8278,0,OK
KR_001,dados_intermediarios/processed/coreia-do-sul/KR_001.md,205,2267,0.8183,0,OK
KR_001,dados_intermediarios/processed/coreia-do-sul/KR_001.md,206,2059,0.8213,0,OK
KR_001,dados_intermediarios/processed/coreia-do-sul/KR_001.md,207,1094,0.8135,0,OK
KR_001,dados_intermediarios/processed/coreia-do-sul/KR_001.md,208,1310,0.8221,0,OK
KR_001,dados_intermediarios/processed/coreia-do-sul/KR_001.md,209,2111,0.8134,0,OK
KR_001,dados_intermediarios/processed/coreia-do-sul/KR_001.md,210,902,0.806,0,OK
KR_001,dados_intermediarios/processed/coreia-do-sul/KR_001.md,211,1172,0.8148,0,OK
KR_001,dados_intermediarios/processed/coreia-do-sul/KR_001.md,212,1224,0.8007,0,OK
KR_001,dados_intermediarios/processed/coreia-do-sul/KR_001.md,213,2083,0.8243,0,OK
KR_001,dados_intermediarios/processed/coreia-do-sul/KR_001.md,214,1765,0.8283,0,OK
KR_001,dados_intermediarios/processed/coreia-do-sul/KR_001.md,215,878,0.7961,0,OK
KR_001,dados_intermediarios/processed/coreia-do-sul/KR_001.md,216,1340,0.8261,0,OK
KR_001,dados_intermediarios/processed/coreia-do-sul/KR_001.md,217,1982,0.7886,0,OK
KR_001,dados_intermediarios/processed/coreia-do-sul/KR_001.md,218,1347,0.8099,0,OK
KR_001,dados_intermediarios/processed/coreia-do-sul/KR_001.md,219,31,0.7097,0,LOW_TEXT
KR_001,dados_intermediarios/processed/coreia-do-sul/KR_001.md,220,1197,0.8296,0,OK
KR_001,dados_intermediarios/processed/coreia-do-sul/KR_001.md,221,873,0.8282,0,OK
KR_001,dados_intermediarios/processed/coreia-do-sul/KR_001.md,222,1583,0.8275,0,OK
KR_001,dados_intermediarios/processed/coreia-do-sul/KR_001.md,223,913,0.8248,0,OK
KR_001,dados_intermediarios/processed/coreia-do-sul/KR_001.md,224,1190,0.8269,0,OK
KR_001,dados_intermediarios/processed/coreia-do-sul/KR_001.md,225,2604,0.8172,0,OK
KR_001,dados_intermediarios/processed/coreia-do-sul/KR_001.md,226,2292,0.8141,0,OK
KR_001,dados_intermediarios/processed/coreia-do-sul/KR_001.md,227,1620,0.8204,0,OK
KR_001,dados_intermediarios/processed/coreia-do-sul/KR_001.md,228,1487,0.8299,0,OK
KR_001,dados_intermediarios/processed/coreia-do-sul/KR_001.md,229,1921,0.8225,0,OK
KR_001,dados_intermediarios/processed/coreia-do-sul/KR_001.md,230,736,0.8071,0,OK
KR_001,dados_intermediarios/processed/coreia-do-sul/KR_001.md,231,32,0.6875,0,LOW_TEXT
KR_001,dados_intermediarios/processed/coreia-do-sul/KR_001.md,232,1090,0.8284,0,OK
KR_001,dados_intermediarios/processed/coreia-do-sul/KR_001.md,233,1857,0.8314,0,OK
KR_001,dados_intermediarios/processed/coreia-do-sul/KR_001.md,234,1921,0.8365,0,OK
KR_001,dados_intermediarios/processed/coreia-do-sul/KR_001.md,235,1503,0.817,0,OK
KR_001,dados_intermediarios/processed/coreia-do-sul/KR_001.md,236,2023,0.8339,0,OK
KR_001,dados_intermediarios/processed/coreia-do-sul/KR_001.md,237,2350,0.8051,0,OK
KR_001,dados_intermediarios/processed/coreia-do-sul/KR_001.md,238,2242,0.8234,0,OK
KR_001,dados_intermediarios/processed/coreia-do-sul/KR_001.md,239,2349,0.8255,0,OK
KR_001,dados_intermediarios/processed/coreia-do-sul/KR_001.md,240,810,0.8222,0,OK
KR_001,dados_intermediarios/processed/coreia-do-sul/KR_001.md,241,1343,0.831,0,OK
KR_001,dados_intermediarios/processed/coreia-do-sul/KR_001.md,242,2098,0.8122,0,OK
KR_001,dados_intermediarios/processed/coreia-do-sul/KR_001.md,243,1076,0.8197,0,OK
KR_001,dados_intermediarios/processed/coreia-do-sul/KR_001.md,244,2183,0.8227,0,OK
KR_001,dados_intermediarios/processed/coreia-do-sul/KR_001.md,245,1880,0.8096,0,OK
KR_001,dados_intermediarios/processed/coreia-do-sul/KR_001.md,246,1654,0.8065,0,OK
KR_001,dados_intermediarios/processed/coreia-do-sul/KR_001.md,247,2157,0.8025,0,OK
KR_001,dados_intermediarios/processed/coreia-do-sul/KR_001.md,248,2318,0.8201,0,OK
KR_001,dados_intermediarios/processed/coreia-do-sul/KR_001.md,249,2060,0.8218,0,OK
KR_001,dados_intermediarios/processed/coreia-do-sul/KR_001.md,250,1078,0.8173,0,OK
KR_001,dados_intermediarios/processed/coreia-do-sul/KR_001.md,251,1663,0.8268,0,OK
KR_001,dados_intermediarios/processed/coreia-do-sul/KR_001.md,252,1948,0.826,0,OK
KR_001,dados_intermediarios/processed/coreia-do-sul/KR_001.md,253,2114,0.8212,0,OK
KR_001,dados_intermediarios/processed/coreia-do-sul/KR_001.md,254,1057,0.8136,0,OK
KR_001,dados_intermediarios/processed/coreia-do-sul/KR_001.md,255,43,0.7209,0,OK
KR_001,dados_intermediarios/processed/coreia-do-sul/KR_001.md,256,1255,0.8231,0,OK
KR_001,dados_intermediarios/processed/coreia-do-sul/KR_001.md,257,1836,0.8115,0,OK
KR_001,dados_intermediarios/processed/coreia-do-sul/KR_001.md,258,1349,0.7791,0,OK
KR_001,dados_intermediarios/processed/coreia-do-sul/KR_001.md,259,1675,0.803,0,OK
KR_001,dados_intermediarios/processed/coreia-do-sul/KR_001.md,260,1002,0.8164,0,OK
KR_001,dados_intermediarios/processed/coreia-do-sul/KR_001.md,261,1339,0.8237,0,OK
KR_001,dados_intermediarios/processed/coreia-do-sul/KR_001.md,262,1747,0.8237,0,OK
KR_001,dados_intermediarios/processed/coreia-do-sul/KR_001.md,263,415,0.7976,0,OK
KR_001,dados_intermediarios/processed/coreia-do-sul/KR_001.md,264,1325,0.8483,0,OK
KR_001,dados_intermediarios/processed/coreia-do-sul/KR_001.md,265,1775,0.8282,0,OK
KR_001,dados_intermediarios/processed/coreia-do-sul/KR_001.md,266,1791,0.8275,0,OK
KR_001,dados_intermediarios/processed/coreia-do-sul/KR_001.md,267,2174,0.8261,0,OK
KR_001,dados_intermediarios/processed/coreia-do-sul/KR_001.md,268,1285,0.8163,0,OK
KR_001,dados_intermediarios/processed/coreia-do-sul/KR_001.md,269,1864,0.7736,0,OK
KR_001,dados_intermediarios/processed/coreia-do-sul/KR_001.md,270,723,0.8147,0,OK
KR_001,dados_intermediarios/processed/coreia-do-sul/KR_001.md,271,33,0.7273,0,LOW_TEXT
KR_001,dados_intermediarios/processed/coreia-do-sul/KR_001.md,272,1272,0.8341,0,OK
KR_001,dados_intermediarios/processed/coreia-do-sul/KR_001.md,273,2098,0.8046,0,OK
KR_001,dados_intermediarios/processed/coreia-do-sul/KR_001.md,274,2112,0.7973,0,OK
KR_001,dados_intermediarios/processed/coreia-do-sul/KR_001.md,275,1877,0.8109,0,OK
KR_001,dados_intermediarios/processed/coreia-do-sul/KR_001.md,276,1878,0.8291,0,OK
KR_001,dados_intermediarios/processed/coreia-do-sul/KR_001.md,277,2082,0.8276,0,OK
KR_001,dados_intermediarios/processed/coreia-do-sul/KR_001.md,278,2130,0.8305,0,OK
KR_001,dados_intermediarios/processed/coreia-do-sul/KR_001.md,279,1318,0.8027,0,OK
KR_001,dados_intermediarios/processed/coreia-do-sul/KR_001.md,280,1661,0.832,0,OK
KR_001,dados_intermediarios/processed/coreia-do-sul/KR_001.md,281,73,0.7945,0,OK
KR_001,dados_intermediarios/processed/coreia-do-sul/KR_001.md,282,1260,0.827,0,OK
KR_001,dados_intermediarios/processed/coreia-do-sul/KR_001.md,283,2270,0.8075,0,OK
KR_001,dados_intermediarios/processed/coreia-do-sul/KR_001.md,284,2621,0.8359,0,OK
KR_001,dados_intermediarios/processed/coreia-do-sul/KR_001.md,285,3317,0.8481,0,OK
KR_001,dados_intermediarios/processed/coreia-do-sul/KR_001.md,286,2309,0.8294,0,OK
KR_001,dados_intermediarios/processed/coreia-do-sul/KR_001.md,287,2220,0.8239,0,OK
KR_001,dados_intermediarios/processed/coreia-do-sul/KR_001.md,288,1150,0.8409,0,OK
KR_001,dados_intermediarios/processed/coreia-do-sul/KR_001.md,289,2154,0.8366,0,OK
KR_001,dados_intermediarios/processed/coreia-do-sul/KR_001.md,290,2205,0.8231,0,OK
KR_001,dados_intermediarios/processed/coreia-do-sul/KR_001.md,291,990,0.8293,0,OK
KR_001,dados_intermediarios/processed/coreia-do-sul/KR_001.md,292,1769,0.8174,0,OK
KR_001,dados_intermediarios/processed/coreia-do-sul/KR_001.md,293,1812,0.8251,0,OK
KR_001,dados_intermediarios/processed/coreia-do-sul/KR_001.md,294,2144,0.8214,0,OK
KR_001,dados_intermediarios/processed/coreia-do-sul/KR_001.md,295,1136,0.8231,0,OK
KR_001,dados_intermediarios/processed/coreia-do-sul/KR_001.md,296,938,0.8081,0,OK
KR_001,dados_intermediarios/processed/coreia-do-sul/KR_001.md,297,2120,0.8354,0,OK
KR_001,dados_intermediarios/processed/coreia-do-sul/KR_001.md,298,1899,0.8231,0,OK
KR_001,dados_intermediarios/processed/coreia-do-sul/KR_001.md,299,1858,0.8213,0,OK
KR_001,dados_intermediarios/processed/coreia-do-sul/KR_001.md,300,1979,0.8135,0,OK
KR_001,dados_intermediarios/processed/coreia-do-sul/KR_001.md,301,1233,0.8402,0,OK
KR_001,dados_intermediarios/processed/coreia-do-sul/KR_001.md,302,1529,0.8319,0,OK
KR_001,dados_intermediarios/processed/coreia-do-sul/KR_001.md,303,1522,0.8173,0,OK
KR_001,dados_intermediarios/processed/coreia-do-sul/KR_001.md,304,792,0.8295,0,OK
KR_001,dados_intermediarios/processed/coreia-do-sul/KR_001.md,305,2056,0.821,0,OK
KR_001,dados_intermediarios/processed/coreia-do-sul/KR_001.md,306,2022,0.8254,0,OK
KR_001,dados_intermediarios/processed/coreia-do-sul/KR_001.md,307,2077,0.8219,0,OK
KR_001,dados_intermediarios/processed/coreia-do-sul/KR_001.md,308,2161,0.8209,0,OK
KR_001,dados_intermediarios/processed/coreia-do-sul/KR_001.md,309,2203,0.8243,0,OK
KR_001,dados_intermediarios/processed/coreia-do-sul/KR_001.md,310,1160,0.8095,0,OK
KR_001,dados_intermediarios/processed/coreia-do-sul/KR_001.md,311,72,0.7639,0,OK
KR_001,dados_intermediarios/processed/coreia-do-sul/KR_001.md,312,1445,0.8249,0,OK
KR_001,dados_intermediarios/processed/coreia-do-sul/KR_001.md,313,1847,0.8148,0,OK
KR_001,dados_intermediarios/processed/coreia-do-sul/KR_001.md,314,1211,0.777,0,OK
KR_001,dados_intermediarios/processed/coreia-do-sul/KR_001.md,315,1965,0.8092,0,OK
KR_001,dados_intermediarios/processed/coreia-do-sul/KR_001.md,316,1792,0.7394,0,OK
KR_001,dados_intermediarios/processed/coreia-do-sul/KR_001.md,317,1695,0.7168,0,OK
KR_001,dados_intermediarios/processed/coreia-do-sul/KR_001.md,318,2117,0.7681,0,OK
KR_001,dados_intermediarios/processed/coreia-do-sul/KR_001.md,319,1451,0.7733,0,OK
KR_001,dados_intermediarios/processed/coreia-do-sul/KR_001.md,320,1421,0.7481,0,OK
KR_001,dados_intermediarios/processed/coreia-do-sul/KR_001.md,321,720,0.5528,0,OK
EU-EE-01,dados_intermediarios/processed/estonia/EU-EE-01.md,1,2080,0.7692,0,OK
EU-EE-01,dados_intermediarios/processed/estonia/EU-EE-01.md,2,3261,0.808,0,OK
EU-EE-01,dados_intermediarios/processed/estonia/EU-EE-01.md,3,5558,0.8499,0,OK
EU-EE-01,dados_intermediarios/processed/estonia/EU-EE-01.md,4,4823,0.8557,0,OK
EU-EE-01,dados_intermediarios/processed/estonia/EU-EE-01.md,5,4210,0.8309,0,OK
EU-EE-01,dados_intermediarios/processed/estonia/EU-EE-01.md,6,4892,0.8352,0,OK
EU-EE-01,dados_intermediarios/processed/estonia/EU-EE-01.md,7,4025,0.84,0,OK
EU-EE-01,dados_intermediarios/processed/estonia/EU-EE-01.md,8,5031,0.8374,0,OK
EU-EE-01,dados_intermediarios/processed/estonia/EU-EE-01.md,9,4078,0.8212,0,OK
EU-EE-01,dados_intermediarios/processed/estonia/EU-EE-01.md,10,4606,0.8437,0,OK
EU-EE-01,dados_intermediarios/processed/estonia/EU-EE-01.md,11,3969,0.8382,0,OK
EU-EE-01,dados_intermediarios/processed/estonia/EU-EE-01.md,12,5108,0.8391,0,OK
EU-EE-01,dados_intermediarios/processed/estonia/EU-EE-01.md,13,4659,0.8334,0,OK
EU-EE-01,dados_intermediarios/processed/estonia/EU-EE-01.md,14,4497,0.829,0,OK
EU-EE-01,dados_intermediarios/processed/estonia/EU-EE-01.md,15,4054,0.8323,0,OK
EU-EE-01,dados_intermediarios/processed/estonia/EU-EE-01.md,16,4544,0.8,0,OK
EU-EE-01,dados_intermediarios/processed/estonia/EU-EE-01.md,17,3480,0.808,0,OK
EU-EE-01,dados_intermediarios/processed/estonia/EU-EE-01.md,18,824,0.7257,0,OK
EU-EE-02,dados_intermediarios/processed/estonia/EU-EE-02.md,1,2862,0.847,0,OK
EU-EE-02,dados_intermediarios/processed/estonia/EU-EE-02.md,2,3555,0.8419,0,OK
EU-EE-02,dados_intermediarios/processed/estonia/EU-EE-02.md,3,3152,0.8201,0,OK
EU-EE-02,dados_intermediarios/processed/estonia/EU-EE-02.md,4,3490,0.8261,0,OK
EU-EE-02,dados_intermediarios/processed/estonia/EU-EE-02.md,5,3592,0.8263,0,OK
EU-EE-02,dados_intermediarios/processed/estonia/EU-EE-02.md,6,3628,0.8412,0,OK
EU-EE-02,dados_intermediarios/processed/estonia/EU-EE-02.md,7,3435,0.8131,0,OK
EU-EE-02,dados_intermediarios/processed/estonia/EU-EE-02.md,8,3590,0.8198,0,OK
EU-EE-02,dados_intermediarios/processed/estonia/EU-EE-02.md,9,3535,0.8314,0,OK
EU-EE-02,dados_intermediarios/processed/estonia/EU-EE-02.md,10,1579,0.8201,0,OK
US_001,dados_intermediarios/processed/eua/US_001.md,3,899,0.812,0,OK
US_001,dados_intermediarios/processed/eua/US_001.md,4,1055,0.837,0,OK
US_001,dados_intermediarios/processed/eua/US_001.md,5,2276,0.8431,0,OK
US_001,dados_intermediarios/processed/eua/US_001.md,6,1409,0.8275,0,OK
US_001,dados_intermediarios/processed/eua/US_001.md,7,1149,0.832,0,OK
US_001,dados_intermediarios/processed/eua/US_001.md,8,2462,0.2969,0,OK
US_001,dados_intermediarios/processed/eua/US_001.md,9,3036,0.4088,0,OK
US_001,dados_intermediarios/processed/eua/US_001.md,10,2707,0.4463,0,OK
US_001,dados_intermediarios/processed/eua/US_001.md,11,2803,0.8148,0,OK
US_001,dados_intermediarios/processed/eua/US_001.md,12,1226,0.8189,0,OK
US_001,dados_intermediarios/processed/eua/US_001.md,13,3034,0.8217,0,OK
US_001,dados_intermediarios/processed/eua/US_001.md,14,687,0.8239,0,OK
US_001,dados_intermediarios/processed/eua/US_001.md,15,983,0.7874,0,OK
US_001,dados_intermediarios/processed/eua/US_001.md,17,35,0.8,0,LOW_TEXT
US_001,dados_intermediarios/processed/eua/US_001.md,19,1559,0.8185,0,OK
US_001,dados_intermediarios/processed/eua/US_001.md,20,2711,0.8041,0,OK
US_001,dados_intermediarios/processed/eua/US_001.md,21,3153,0.8135,0,OK
US_001,dados_intermediarios/processed/eua/US_001.md,22,1481,0.79,0,OK
US_001,dados_intermediarios/processed/eua/US_001.md,23,3001,0.8184,0,OK
US_001,dados_intermediarios/processed/eua/US_001.md,24,2306,0.8083,0,OK
US_001,dados_intermediarios/processed/eua/US_001.md,25,2576,0.8183,0,OK
US_001,dados_intermediarios/processed/eua/US_001.md,26,1861,0.8211,0,OK
US_001,dados_intermediarios/processed/eua/US_001.md,27,2334,0.8346,0,OK
US_001,dados_intermediarios/processed/eua/US_001.md,28,1000,0.823,0,OK
US_001,dados_intermediarios/processed/eua/US_001.md,29,4045,0.7896,0,OK
US_001,dados_intermediarios/processed/eua/US_001.md,30,2111,0.783,0,OK
US_001,dados_intermediarios/processed/eua/US_001.md,31,37,0.8649,0,LOW_TEXT
US_001,dados_intermediarios/processed/eua/US_001.md,33,1707,0.8114,0,OK
US_001,dados_intermediarios/processed/eua/US_001.md,34,2100,0.819,0,OK
US_001,dados_intermediarios/processed/eua/US_001.md,35,3278,0.7926,0,OK
US_001,dados_intermediarios/processed/eua/US_001.md,36,2912,0.808,0,OK
US_001,dados_intermediarios/processed/eua/US_001.md,37,3089,0.8307,0,OK
US_001,dados_intermediarios/processed/eua/US_001.md,38,3035,0.8267,0,OK
US_001,dados_intermediarios/processed/eua/US_001.md,39,2661,0.8215,0,OK
US_001,dados_intermediarios/processed/eua/US_001.md,40,3345,0.8167,0,OK
US_001,dados_intermediarios/processed/eua/US_001.md,41,487,0.8275,0,OK
US_001,dados_intermediarios/processed/eua/US_001.md,42,3564,0.8148,0,OK
US_001,dados_intermediarios/processed/eua/US_001.md,43,1620,0.8321,0,OK
US_001,dados_intermediarios/processed/eua/US_001.md,44,3632,0.8183,0,OK
US_001,dados_intermediarios/processed/eua/US_001.md,45,3013,0.8042,0,OK
US_001,dados_intermediarios/processed/eua/US_001.md,46,3697,0.7793,0,OK
US_001,dados_intermediarios/processed/eua/US_001.md,47,3849,0.7521,0,OK
US_001,dados_intermediarios/processed/eua/US_001.md,48,2301,0.764,0,OK
US_001,dados_intermediarios/processed/eua/US_001.md,49,19,0.9474,0,LOW_TEXT
US_001,dados_intermediarios/processed/eua/US_001.md,51,1966,0.8164,0,OK
US_001,dados_intermediarios/processed/eua/US_001.md,52,1290,0.8302,0,OK
US_001,dados_intermediarios/processed/eua/US_001.md,53,3090,0.8162,0,OK
US_001,dados_intermediarios/processed/eua/US_001.md,54,797,0.7478,0,OK
US_001,dados_intermediarios/processed/eua/US_001.md,55,3029,0.8263,0,OK
US_001,dados_intermediarios/processed/eua/US_001.md,56,2069,0.8168,0,OK
US_001,dados_intermediarios/processed/eua/US_001.md,57,2694,0.8177,0,OK
US_001,dados_intermediarios/processed/eua/US_001.md,58,2748,0.8271,0,OK
US_001,dados_intermediarios/processed/eua/US_001.md,59,2890,0.8284,0,OK
US_001,dados_intermediarios/processed/eua/US_001.md,60,2722,0.8119,0,OK
US_001,dados_intermediarios/processed/eua/US_001.md,61,2130,0.8188,0,OK
US_001,dados_intermediarios/processed/eua/US_001.md,62,2179,0.8256,0,OK
US_001,dados_intermediarios/processed/eua/US_001.md,63,645,0.8434,0,OK
US_001,dados_intermediarios/processed/eua/US_001.md,64,2761,0.795,0,OK
US_001,dados_intermediarios/processed/eua/US_001.md,65,24,0.9167,0,LOW_TEXT
US_001,dados_intermediarios/processed/eua/US_001.md,67,1294,0.8292,0,OK
US_001,dados_intermediarios/processed/eua/US_001.md,68,1088,0.8125,0,OK
US_001,dados_intermediarios/processed/eua/US_001.md,69,1098,0.826,0,OK
US_001,dados_intermediarios/processed/eua/US_001.md,70,1654,0.818,0,OK
US_001,dados_intermediarios/processed/eua/US_001.md,71,1141,0.8195,0,OK
US_001,dados_intermediarios/processed/eua/US_001.md,72,860,0.8244,0,OK
US_001,dados_intermediarios/processed/eua/US_001.md,73,825,0.8242,0,OK
US_001,dados_intermediarios/processed/eua/US_001.md,75,43,0.907,0,OK
US_001,dados_intermediarios/processed/eua/US_001.md,77,1433,0.8304,0,OK
US_001,dados_intermediarios/processed/eua/US_001.md,78,1068,0.8118,0,OK
US_001,dados_intermediarios/processed/eua/US_001.md,79,1792,0.8114,0,OK
US_001,dados_intermediarios/processed/eua/US_001.md,80,1547,0.8313,0,OK
US_001,dados_intermediarios/processed/eua/US_001.md,81,2102,0.8206,0,OK
US_001,dados_intermediarios/processed/eua/US_001.md,82,2063,0.81,0,OK
US_001,dados_intermediarios/processed/eua/US_001.md,83,2006,0.7797,0,OK
US_001,dados_intermediarios/processed/eua/US_001.md,84,2967,0.8264,0,OK
US_001,dados_intermediarios/processed/eua/US_001.md,85,2599,0.8272,0,OK
US_001,dados_intermediarios/processed/eua/US_001.md,86,2766,0.8221,0,OK
US_001,dados_intermediarios/processed/eua/US_001.md,87,2705,0.8226,0,OK
US_001,dados_intermediarios/processed/eua/US_001.md,88,2915,0.8271,0,OK
US_001,dados_intermediarios/processed/eua/US_001.md,89,3236,0.8208,0,OK
US_001,dados_intermediarios/processed/eua/US_001.md,90,2619,0.827,0,OK
US_001,dados_intermediarios/processed/eua/US_001.md,91,2810,0.8149,0,OK
US_001,dados_intermediarios/processed/eua/US_001.md,92,2682,0.8192,0,OK
US_001,dados_intermediarios/processed/eua/US_001.md,93,1313,0.8294,0,OK
US_001,dados_intermediarios/processed/eua/US_001.md,95,41,0.9024,0,OK
US_001,dados_intermediarios/processed/eua/US_001.md,97,934,0.8362,0,OK
US_001,dados_intermediarios/processed/eua/US_001.md,98,2214,0.8311,0,OK
US_001,dados_intermediarios/processed/eua/US_001.md,99,2807,0.8343,0,OK
US_001,dados_intermediarios/processed/eua/US_001.md,100,1897,0.8229,0,OK
US_001,dados_intermediarios/processed/eua/US_001.md,101,2615,0.8287,0,OK
US_001,dados_intermediarios/processed/eua/US_001.md,102,1696,0.832,0,OK
US_001,dados_intermediarios/processed/eua/US_001.md,103,2783,0.8175,0,OK
US_001,dados_intermediarios/processed/eua/US_001.md,104,1715,0.8239,0,OK
US_001,dados_intermediarios/processed/eua/US_001.md,105,2793,0.812,0,OK
US_001,dados_intermediarios/processed/eua/US_001.md,106,2099,0.8252,0,OK
US_001,dados_intermediarios/processed/eua/US_001.md,107,1653,0.8106,0,OK
US_001,dados_intermediarios/processed/eua/US_001.md,108,2317,0.8243,0,OK
US_001,dados_intermediarios/processed/eua/US_001.md,109,2814,0.8237,0,OK
US_001,dados_intermediarios/processed/eua/US_001.md,110,2060,0.8209,0,OK
US_001,dados_intermediarios/processed/eua/US_001.md,111,2990,0.8151,0,OK
US_001,dados_intermediarios/processed/eua/US_001.md,112,827,0.8259,0,OK
US_001,dados_intermediarios/processed/eua/US_001.md,113,2670,0.8195,0,OK
US_001,dados_intermediarios/processed/eua/US_001.md,114,2248,0.8234,0,OK
US_001,dados_intermediarios/processed/eua/US_001.md,115,2645,0.8272,0,OK
US_001,dados_intermediarios/processed/eua/US_001.md,116,2409,0.8294,0,OK
US_001,dados_intermediarios/processed/eua/US_001.md,117,1199,0.8374,0,OK
US_001,dados_intermediarios/processed/eua/US_001.md,118,2428,0.8266,0,OK
US_001,dados_intermediarios/processed/eua/US_001.md,119,2417,0.8184,0,OK
US_001,dados_intermediarios/processed/eua/US_001.md,120,2213,0.8251,0,OK
US_001,dados_intermediarios/processed/eua/US_001.md,121,2658,0.8183,0,OK
US_001,dados_intermediarios/processed/eua/US_001.md,122,3126,0.8225,0,OK
US_001,dados_intermediarios/processed/eua/US_001.md,123,2793,0.8378,0,OK
US_001,dados_intermediarios/processed/eua/US_001.md,124,2815,0.8163,0,OK
US_001,dados_intermediarios/processed/eua/US_001.md,125,1042,0.8436,0,OK
US_001,dados_intermediarios/processed/eua/US_001.md,126,2225,0.8256,0,OK
US_001,dados_intermediarios/processed/eua/US_001.md,127,2559,0.8234,0,OK
US_001,dados_intermediarios/processed/eua/US_001.md,128,2072,0.8224,0,OK
US_001,dados_intermediarios/processed/eua/US_001.md,129,2798,0.8292,0,OK
US_001,dados_intermediarios/processed/eua/US_001.md,130,2220,0.8261,0,OK
US_001,dados_intermediarios/processed/eua/US_001.md,131,3129,0.8229,0,OK
US_001,dados_intermediarios/processed/eua/US_001.md,133,34,0.8824,0,LOW_TEXT
US_001,dados_intermediarios/processed/eua/US_001.md,135,981,0.7992,0,OK
US_001,dados_intermediarios/processed/eua/US_001.md,136,3141,0.8195,0,OK
US_001,dados_intermediarios/processed/eua/US_001.md,137,4675,0.8199,0,OK
US_001,dados_intermediarios/processed/eua/US_001.md,138,2731,0.8264,0,OK
US_001,dados_intermediarios/processed/eua/US_001.md,139,2312,0.8119,0,OK
US_001,dados_intermediarios/processed/eua/US_001.md,140,2059,0.8237,0,OK
US_001,dados_intermediarios/processed/eua/US_001.md,141,2529,0.7944,0,OK
US_001,dados_intermediarios/processed/eua/US_001.md,142,2829,0.8201,0,OK
US_001,dados_intermediarios/processed/eua/US_001.md,143,2339,0.8251,0,OK
US_001,dados_intermediarios/processed/eua/US_001.md,144,2052,0.8299,0,OK
US_001,dados_intermediarios/processed/eua/US_001.md,145,2889,0.8252,0,OK
US_001,dados_intermediarios/processed/eua/US_001.md,146,1898,0.8282,0,OK
US_001,dados_intermediarios/processed/eua/US_001.md,147,2427,0.8142,0,OK
US_001,dados_intermediarios/processed/eua/US_001.md,148,1932,0.7914,0,OK
US_001,dados_intermediarios/processed/eua/US_001.md,149,1416,0.8016,0,OK
US_001,dados_intermediarios/processed/eua/US_001.md,150,2094,0.8071,0,OK
US_001,dados_intermediarios/processed/eua/US_001.md,151,2226,0.8109,0,OK
US_001,dados_intermediarios/processed/eua/US_001.md,152,2631,0.821,0,OK
US_001,dados_intermediarios/processed/eua/US_001.md,153,1256,0.801,0,OK
US_001,dados_intermediarios/processed/eua/US_001.md,155,79,0.8481,0,OK
US_001,dados_intermediarios/processed/eua/US_001.md,157,2144,0.8176,0,OK
US_001,dados_intermediarios/processed/eua/US_001.md,158,2125,0.8231,0,OK
US_001,dados_intermediarios/processed/eua/US_001.md,159,2678,0.8346,0,OK
US_001,dados_intermediarios/processed/eua/US_001.md,160,2919,0.8215,0,OK
US_001,dados_intermediarios/processed/eua/US_001.md,161,2138,0.8241,0,OK
US_001,dados_intermediarios/processed/eua/US_001.md,162,2220,0.8257,0,OK
US_001,dados_intermediarios/processed/eua/US_001.md,163,2116,0.8242,0,OK
US_001,dados_intermediarios/processed/eua/US_001.md,164,2277,0.8024,0,OK
US_001,dados_intermediarios/processed/eua/US_001.md,165,2368,0.8121,0,OK
US_001,dados_intermediarios/processed/eua/US_001.md,166,3641,0.8308,0,OK
US_001,dados_intermediarios/processed/eua/US_001.md,167,3506,0.8277,0,OK
US_001,dados_intermediarios/processed/eua/US_001.md,168,1989,0.8145,0,OK
US_001,dados_intermediarios/processed/eua/US_001.md,169,3663,0.8247,0,OK
US_001,dados_intermediarios/processed/eua/US_001.md,170,3225,0.8236,0,OK
US_001,dados_intermediarios/processed/eua/US_001.md,171,3578,0.8253,0,OK
US_001,dados_intermediarios/processed/eua/US_001.md,172,2866,0.8137,0,OK
US_001,dados_intermediarios/processed/eua/US_001.md,173,2549,0.8078,0,OK
US_001,dados_intermediarios/processed/eua/US_001.md,174,855,0.7427,0,OK
US_001,dados_intermediarios/processed/eua/US_001.md,175,1550,0.8129,0,OK
US_001,dados_intermediarios/processed/eua/US_001.md,176,3089,0.8258,0,OK
US_001,dados_intermediarios/processed/eua/US_001.md,177,3196,0.8195,0,OK
US_001,dados_intermediarios/processed/eua/US_001.md,178,1945,0.8293,0,OK
US_001,dados_intermediarios/processed/eua/US_001.md,179,3564,0.8333,0,OK
US_001,dados_intermediarios/processed/eua/US_001.md,180,3437,0.835,0,OK
US_001,dados_intermediarios/processed/eua/US_001.md,181,2785,0.833,0,OK
US_001,dados_intermediarios/processed/eua/US_001.md,182,2784,0.8244,0,OK
US_001,dados_intermediarios/processed/eua/US_001.md,183,3148,0.8275,0,OK
US_001,dados_intermediarios/processed/eua/US_001.md,184,3292,0.8332,0,OK
US_001,dados_intermediarios/processed/eua/US_001.md,185,3330,0.8297,0,OK
US_001,dados_intermediarios/processed/eua/US_001.md,186,1892,0.8288,0,OK
US_001,dados_intermediarios/processed/eua/US_001.md,187,3928,0.7859,0,OK
US_001,dados_intermediarios/processed/eua/US_001.md,188,3959,0.7595,0,OK
US_001,dados_intermediarios/processed/eua/US_001.md,189,3496,0.7652,0,OK
US_001,dados_intermediarios/processed/eua/US_001.md,191,46,0.8696,0,OK
US_001,dados_intermediarios/processed/eua/US_001.md,193,1984,0.8044,0,OK
US_001,dados_intermediarios/processed/eua/US_001.md,194,3450,0.827,0,OK
US_001,dados_intermediarios/processed/eua/US_001.md,195,1551,0.813,0,OK
US_001,dados_intermediarios/processed/eua/US_001.md,196,3214,0.809,0,OK
US_001,dados_intermediarios/processed/eua/US_001.md,197,2221,0.8095,0,OK
US_001,dados_intermediarios/processed/eua/US_001.md,198,2173,0.8122,0,OK
US_001,dados_intermediarios/processed/eua/US_001.md,199,3199,0.8078,0,OK
US_001,dados_intermediarios/processed/eua/US_001.md,200,3107,0.803,0,OK
US_001,dados_intermediarios/processed/eua/US_001.md,201,1625,0.8302,0,OK
US_001,dados_intermediarios/processed/eua/US_001.md,202,2140,0.8098,0,OK
US_001,dados_intermediarios/processed/eua/US_001.md,203,1763,0.8185,0,OK
US_001,dados_intermediarios/processed/eua/US_001.md,204,1338,0.7967,0,OK
US_001,dados_intermediarios/processed/eua/US_001.md,205,3039,0.7989,0,OK
US_001,dados_intermediarios/processed/eua/US_001.md,206,2410,0.8207,0,OK
US_001,dados_intermediarios/processed/eua/US_001.md,207,4223,0.7634,0,OK
US_001,dados_intermediarios/processed/eua/US_001.md,208,4321,0.7457,0,OK
US_001,dados_intermediarios/processed/eua/US_001.md,209,69,0.8116,0,OK
US_001,dados_intermediarios/processed/eua/US_001.md,211,1658,0.8076,0,OK
US_001,dados_intermediarios/processed/eua/US_001.md,212,2103,0.8131,0,OK
US_001,dados_intermediarios/processed/eua/US_001.md,213,3047,0.8293,0,OK
US_001,dados_intermediarios/processed/eua/US_001.md,214,2533,0.8298,0,OK
US_001,dados_intermediarios/processed/eua/US_001.md,215,1962,0.8231,0,OK
US_001,dados_intermediarios/processed/eua/US_001.md,216,3385,0.8216,0,OK
US_001,dados_intermediarios/processed/eua/US_001.md,217,3813,0.8196,0,OK
US_001,dados_intermediarios/processed/eua/US_001.md,218,2253,0.8216,0,OK
US_001,dados_intermediarios/processed/eua/US_001.md,219,3160,0.8133,0,OK
US_001,dados_intermediarios/processed/eua/US_001.md,220,3293,0.8172,0,OK
US_001,dados_intermediarios/processed/eua/US_001.md,221,1831,0.8269,0,OK
US_001,dados_intermediarios/processed/eua/US_001.md,222,3518,0.8198,0,OK
US_001,dados_intermediarios/processed/eua/US_001.md,223,3410,0.8293,0,OK
US_001,dados_intermediarios/processed/eua/US_001.md,224,3214,0.8205,0,OK
US_001,dados_intermediarios/processed/eua/US_001.md,225,1637,0.8033,0,OK
US_001,dados_intermediarios/processed/eua/US_001.md,226,3640,0.8239,0,OK
US_001,dados_intermediarios/processed/eua/US_001.md,227,3310,0.8248,0,OK
US_001,dados_intermediarios/processed/eua/US_001.md,228,3605,0.8264,0,OK
US_001,dados_intermediarios/processed/eua/US_001.md,229,2176,0.8378,0,OK
US_001,dados_intermediarios/processed/eua/US_001.md,230,3513,0.8175,0,OK
US_001,dados_intermediarios/processed/eua/US_001.md,231,3302,0.8256,0,OK
US_001,dados_intermediarios/processed/eua/US_001.md,232,2050,0.8229,0,OK
US_001,dados_intermediarios/processed/eua/US_001.md,233,3977,0.7719,0,OK
US_001,dados_intermediarios/processed/eua/US_001.md,234,4128,0.7539,0,OK
US_001,dados_intermediarios/processed/eua/US_001.md,235,4463,0.7508,0,OK
US_001,dados_intermediarios/processed/eua/US_001.md,236,3959,0.7696,0,OK
US_001,dados_intermediarios/processed/eua/US_001.md,237,3238,0.7495,0,OK
US_001,dados_intermediarios/processed/eua/US_001.md,239,10,1.0,0,LOW_TEXT
US_001,dados_intermediarios/processed/eua/US_001.md,241,3082,0.817,0,OK
US_001,dados_intermediarios/processed/eua/US_001.md,242,2066,0.8045,0,OK
US_001,dados_intermediarios/processed/eua/US_001.md,243,2158,0.8086,0,OK
US_001,dados_intermediarios/processed/eua/US_001.md,244,2092,0.8088,0,OK
US_001,dados_intermediarios/processed/eua/US_001.md,245,2542,0.8124,0,OK
US_001,dados_intermediarios/processed/eua/US_001.md,246,2879,0.8204,0,OK
US_001,dados_intermediarios/processed/eua/US_001.md,247,2743,0.833,0,OK
US_001,dados_intermediarios/processed/eua/US_001.md,248,2684,0.826,0,OK
US_001,dados_intermediarios/processed/eua/US_001.md,249,2991,0.8218,0,OK
US_001,dados_intermediarios/processed/eua/US_001.md,250,2608,0.8271,0,OK
US_001,dados_intermediarios/processed/eua/US_001.md,251,2742,0.8213,0,OK
US_001,dados_intermediarios/processed/eua/US_001.md,252,2627,0.8241,0,OK
US_001,dados_intermediarios/processed/eua/US_001.md,253,1760,0.8307,0,OK
US_001,dados_intermediarios/processed/eua/US_001.md,254,2172,0.7896,0,OK
US_001,dados_intermediarios/processed/eua/US_001.md,255,1779,0.8179,0,OK
US_001,dados_intermediarios/processed/eua/US_001.md,256,2266,0.8341,0,OK
US_001,dados_intermediarios/processed/eua/US_001.md,257,2050,0.8234,0,OK
US_001,dados_intermediarios/processed/eua/US_001.md,258,2515,0.8294,0,OK
US_001,dados_intermediarios/processed/eua/US_001.md,259,2381,0.832,0,OK
US_001,dados_intermediarios/processed/eua/US_001.md,260,2396,0.8289,0,OK
US_001,dados_intermediarios/processed/eua/US_001.md,261,2381,0.8186,0,OK
US_001,dados_intermediarios/processed/eua/US_001.md,262,2138,0.8167,0,OK
US_001,dados_intermediarios/processed/eua/US_001.md,263,2395,0.8259,0,OK
US_001,dados_intermediarios/processed/eua/US_001.md,264,2186,0.8275,0,OK
US_001,dados_intermediarios/processed/eua/US_001.md,265,2512,0.8221,0,OK
US_001,dados_intermediarios/processed/eua/US_001.md,266,2274,0.8294,0,OK
US_001,dados_intermediarios/processed/eua/US_001.md,267,2110,0.8261,0,OK
US_001,dados_intermediarios/processed/eua/US_001.md,268,1684,0.8308,0,OK
US_001,dados_intermediarios/processed/eua/US_001.md,269,2213,0.8098,0,OK
US_001,dados_intermediarios/processed/eua/US_001.md,270,2650,0.8106,0,OK
US_001,dados_intermediarios/processed/eua/US_001.md,271,2681,0.809,0,OK
US_001,dados_intermediarios/processed/eua/US_001.md,272,2537,0.8069,0,OK
US_001,dados_intermediarios/processed/eua/US_001.md,273,2445,0.8045,0,OK
US_001,dados_intermediarios/processed/eua/US_001.md,274,2487,0.8042,0,OK
US_001,dados_intermediarios/processed/eua/US_001.md,275,1657,0.8075,0,OK
US_001,dados_intermediarios/processed/eua/US_001.md,276,2251,0.7868,0,OK
US_001,dados_intermediarios/processed/eua/US_001.md,277,1930,0.7922,0,OK
US_001,dados_intermediarios/processed/eua/US_001.md,279,2920,0.8041,0,OK
US_001,dados_intermediarios/processed/eua/US_001.md,280,2297,0.8185,0,OK
US_001,dados_intermediarios/processed/eua/US_001.md,281,3172,0.8105,0,OK
US_001,dados_intermediarios/processed/eua/US_001.md,282,2309,0.8016,0,OK
US_001,dados_intermediarios/processed/eua/US_001.md,283,1600,0.8094,0,OK
US_001,dados_intermediarios/processed/eua/US_001.md,284,3959,0.7603,0,OK
US_001,dados_intermediarios/processed/eua/US_001.md,285,4414,0.7542,0,OK
US_001,dados_intermediarios/processed/eua/US_001.md,286,2757,0.7621,0,OK
US_001,dados_intermediarios/processed/eua/US_001.md,287,3584,0.7592,0,OK
US_001,dados_intermediarios/processed/eua/US_001.md,288,4408,0.765,0,OK
US_001,dados_intermediarios/processed/eua/US_001.md,289,3949,0.7736,0,OK
US_001,dados_intermediarios/processed/eua/US_001.md,290,4146,0.7593,0,OK
US_001,dados_intermediarios/processed/eua/US_001.md,291,4230,0.7603,0,OK
US_001,dados_intermediarios/processed/eua/US_001.md,292,3987,0.7708,0,OK
US_001,dados_intermediarios/processed/eua/US_001.md,293,4528,0.7571,0,OK
US_001,dados_intermediarios/processed/eua/US_001.md,294,4272,0.7507,0,OK
US_001,dados_intermediarios/processed/eua/US_001.md,295,4167,0.772,0,OK
US_001,dados_intermediarios/processed/eua/US_001.md,296,3897,0.7734,0,OK
US_001,dados_intermediarios/processed/eua/US_001.md,297,4115,0.7473,0,OK
US_001,dados_intermediarios/processed/eua/US_001.md,298,4145,0.7592,0,OK
US_001,dados_intermediarios/processed/eua/US_001.md,299,3898,0.746,0,OK
US_001,dados_intermediarios/processed/eua/US_001.md,301,2355,0.7975,0,OK
US_001,dados_intermediarios/processed/eua/US_001.md,302,2319,0.8021,0,OK
US_001,dados_intermediarios/processed/eua/US_001.md,303,2811,0.8079,0,OK
US_001,dados_intermediarios/processed/eua/US_001.md,304,2769,0.8151,0,OK
US_001,dados_intermediarios/processed/eua/US_001.md,305,2366,0.8018,0,OK
US_001,dados_intermediarios/processed/eua/US_001.md,306,1271,0.7671,0,OK
US_001,dados_intermediarios/processed/eua/US_001.md,307,1675,0.7743,0,OK
FI_001,dados_intermediarios/processed/finlandia/FI_001.md,1,2410,0.81,0,OK
FI_001,dados_intermediarios/processed/finlandia/FI_001.md,2,4927,0.8037,0,OK
GH_001,dados_intermediarios/processed/gana/GH_001.md,1,276,0.6848,0,OK
GH_001,dados_intermediarios/processed/gana/GH_001.md,2,640,0.7906,0,OK
GH_001,dados_intermediarios/processed/gana/GH_001.md,3,2240,0.817,0,OK
GH_001,dados_intermediarios/processed/gana/GH_001.md,4,1439,0.8179,0,OK
GH_001,dados_intermediarios/processed/gana/GH_001.md,5,4568,0.1132,0,REVIEW_TEXT_QUALITY
GH_001,dados_intermediarios/processed/gana/GH_001.md,6,4777,0.1543,0,REVIEW_TEXT_QUALITY
GH_001,dados_intermediarios/processed/gana/GH_001.md,7,4750,0.1583,0,REVIEW_TEXT_QUALITY
GH_001,dados_intermediarios/processed/gana/GH_001.md,8,3721,0.1161,0,REVIEW_TEXT_QUALITY
GH_001,dados_intermediarios/processed/gana/GH_001.md,9,1681,0.8019,0,OK
GH_001,dados_intermediarios/processed/gana/GH_001.md,10,1548,0.823,0,OK
GH_001,dados_intermediarios/processed/gana/GH_001.md,11,2173,0.8247,0,OK
GH_001,dados_intermediarios/processed/gana/GH_001.md,12,665,0.794,0,OK
GH_001,dados_intermediarios/processed/gana/GH_001.md,13,3162,0.8049,0,OK
GH_001,dados_intermediarios/processed/gana/GH_001.md,14,3051,0.8099,0,OK
GH_001,dados_intermediarios/processed/gana/GH_001.md,15,2899,0.8189,0,OK
GH_001,dados_intermediarios/processed/gana/GH_001.md,16,823,0.8129,0,OK
GH_001,dados_intermediarios/processed/gana/GH_001.md,17,2696,0.8197,0,OK
GH_001,dados_intermediarios/processed/gana/GH_001.md,18,458,0.7729,0,OK
GH_001,dados_intermediarios/processed/gana/GH_001.md,19,1990,0.795,0,OK
GH_001,dados_intermediarios/processed/gana/GH_001.md,20,1567,0.7958,0,OK
GH_001,dados_intermediarios/processed/gana/GH_001.md,21,2905,0.8162,0,OK
GH_001,dados_intermediarios/processed/gana/GH_001.md,22,2821,0.8206,0,OK
GH_001,dados_intermediarios/processed/gana/GH_001.md,23,2773,0.8175,0,OK
GH_001,dados_intermediarios/processed/gana/GH_001.md,24,1459,0.8088,0,OK
GH_001,dados_intermediarios/processed/gana/GH_001.md,25,3116,0.8245,0,OK
GH_001,dados_intermediarios/processed/gana/GH_001.md,26,1238,0.8126,0,OK
GH_001,dados_intermediarios/processed/gana/GH_001.md,27,875,0.8149,0,OK
GH_001,dados_intermediarios/processed/gana/GH_001.md,28,715,0.7105,0,OK
GH_001,dados_intermediarios/processed/gana/GH_001.md,29,244,0.8074,0,OK
GH_001,dados_intermediarios/processed/gana/GH_001.md,30,69,0.5072,0,OK
GH_001,dados_intermediarios/processed/gana/GH_001.md,31,1331,0.7791,0,OK
GH_001,dados_intermediarios/processed/gana/GH_001.md,32,1513,0.772,0,OK
GH_001,dados_intermediarios/processed/gana/GH_001.md,33,1393,0.7832,0,OK
GH_001,dados_intermediarios/processed/gana/GH_001.md,34,1543,0.7693,0,OK
GH_001,dados_intermediarios/processed/gana/GH_001.md,35,1072,0.7836,0,OK
GH_001,dados_intermediarios/processed/gana/GH_001.md,36,2570,0.7903,0,OK
GH_001,dados_intermediarios/processed/gana/GH_001.md,37,1699,0.7728,0,OK
GH_001,dados_intermediarios/processed/gana/GH_001.md,38,2039,0.7744,0,OK
GH_001,dados_intermediarios/processed/gana/GH_001.md,39,612,0.7794,0,OK
GH_001,dados_intermediarios/processed/gana/GH_001.md,40,2061,0.7851,0,OK
GH_001,dados_intermediarios/processed/gana/GH_001.md,41,2056,0.7777,0,OK
GH_001,dados_intermediarios/processed/gana/GH_001.md,42,1707,0.7709,0,OK
GH_001,dados_intermediarios/processed/gana/GH_001.md,43,489,0.7607,0,OK
GH_001,dados_intermediarios/processed/gana/GH_001.md,44,1932,0.7702,0,OK
GH_001,dados_intermediarios/processed/gana/GH_001.md,45,1924,0.7786,0,OK
GH_001,dados_intermediarios/processed/gana/GH_001.md,46,1260,0.777,0,OK
GH_001,dados_intermediarios/processed/gana/GH_001.md,47,1987,0.7977,0,OK
GH_001,dados_intermediarios/processed/gana/GH_001.md,48,1737,0.7663,0,OK
GH_001,dados_intermediarios/processed/gana/GH_001.md,49,1405,0.7822,0,OK
GH_001,dados_intermediarios/processed/gana/GH_001.md,50,1477,0.7827,0,OK
GH_001,dados_intermediarios/processed/gana/GH_001.md,51,1781,0.7934,0,OK
GH_001,dados_intermediarios/processed/gana/GH_001.md,52,73,0.4932,0,OK
GH_001,dados_intermediarios/processed/gana/GH_001.md,53,1368,0.7887,0,OK
GH_001,dados_intermediarios/processed/gana/GH_001.md,54,1738,0.7722,0,OK
GH_001,dados_intermediarios/processed/gana/GH_001.md,55,1624,0.782,0,OK
GH_001,dados_intermediarios/processed/gana/GH_001.md,56,1210,0.7826,0,OK
GH_001,dados_intermediarios/processed/gana/GH_001.md,57,1875,0.7744,0,OK
GH_001,dados_intermediarios/processed/gana/GH_001.md,58,2083,0.7763,0,OK
GH_001,dados_intermediarios/processed/gana/GH_001.md,59,1932,0.7728,0,OK
GH_001,dados_intermediarios/processed/gana/GH_001.md,60,1868,0.78,0,OK
GH_001,dados_intermediarios/processed/gana/GH_001.md,61,1964,0.78,0,OK
GH_001,dados_intermediarios/processed/gana/GH_001.md,62,1090,0.7826,0,OK
GH_001,dados_intermediarios/processed/gana/GH_001.md,63,993,0.7855,0,OK
GH_001,dados_intermediarios/processed/gana/GH_001.md,64,1374,0.7882,0,OK
GH_001,dados_intermediarios/processed/gana/GH_001.md,65,1887,0.7774,0,OK
GH_001,dados_intermediarios/processed/gana/GH_001.md,66,1530,0.7915,0,OK
GH_001,dados_intermediarios/processed/gana/GH_001.md,67,1323,0.7831,0,OK
GH_001,dados_intermediarios/processed/gana/GH_001.md,68,761,0.8029,0,OK
GH_001,dados_intermediarios/processed/gana/GH_001.md,69,69,0.5217,0,OK
GH_001,dados_intermediarios/processed/gana/GH_001.md,70,2028,0.7776,0,OK
GH_001,dados_intermediarios/processed/gana/GH_001.md,71,885,0.7661,0,OK
GH_001,dados_intermediarios/processed/gana/GH_001.md,72,1563,0.7716,0,OK
GH_001,dados_intermediarios/processed/gana/GH_001.md,73,931,0.7755,0,OK
GH_001,dados_intermediarios/processed/gana/GH_001.md,74,1665,0.779,0,OK
GH_001,dados_intermediarios/processed/gana/GH_001.md,75,1651,0.7783,0,OK
GH_001,dados_intermediarios/processed/gana/GH_001.md,76,1556,0.7815,0,OK
GH_001,dados_intermediarios/processed/gana/GH_001.md,77,2142,0.775,0,OK
GH_001,dados_intermediarios/processed/gana/GH_001.md,78,1617,0.7706,0,OK
GH_001,dados_intermediarios/processed/gana/GH_001.md,79,2112,0.7751,0,OK
GH_001,dados_intermediarios/processed/gana/GH_001.md,80,1666,0.7887,0,OK
GH_001,dados_intermediarios/processed/gana/GH_001.md,81,1026,0.7602,0,OK
GH_001,dados_intermediarios/processed/gana/GH_001.md,82,1342,0.7884,0,OK
GH_001,dados_intermediarios/processed/gana/GH_001.md,83,1309,0.7914,0,OK
GH_001,dados_intermediarios/processed/gana/GH_001.md,84,910,0.778,0,OK
GH_001,dados_intermediarios/processed/gana/GH_001.md,85,1266,0.7915,0,OK
GH_001,dados_intermediarios/processed/gana/GH_001.md,86,1879,0.7946,0,OK
GH_001,dados_intermediarios/processed/gana/GH_001.md,87,1801,0.7979,0,OK
GH_001,dados_intermediarios/processed/gana/GH_001.md,88,1567,0.8003,0,OK
GH_001,dados_intermediarios/processed/gana/GH_001.md,89,1227,0.8003,0,OK
GH_001,dados_intermediarios/processed/gana/GH_001.md,90,832,0.7897,0,OK
GH_001,dados_intermediarios/processed/gana/GH_001.md,91,1573,0.7972,0,OK
GH_001,dados_intermediarios/processed/gana/GH_001.md,92,1445,0.8055,0,OK
GH_001,dados_intermediarios/processed/gana/GH_001.md,93,3462,0.7539,0,OK
GH_001,dados_intermediarios/processed/gana/GH_001.md,94,1814,0.7563,0,OK
GH_001,dados_intermediarios/processed/gana/GH_001.md,95,1183,0.7794,0,OK
GH_002,dados_intermediarios/processed/gana/GH_002.md,1,161,0.7329,0,OK
GH_002,dados_intermediarios/processed/gana/GH_002.md,2,400,0.755,0,OK
GH_002,dados_intermediarios/processed/gana/GH_002.md,3,3982,0.8182,0,OK
GH_002,dados_intermediarios/processed/gana/GH_002.md,4,5426,0.098,0,REVIEW_TEXT_QUALITY
GH_002,dados_intermediarios/processed/gana/GH_002.md,5,2873,0.8211,0,OK
GH_002,dados_intermediarios/processed/gana/GH_002.md,6,2213,0.8161,0,OK
GH_002,dados_intermediarios/processed/gana/GH_002.md,7,2333,0.8277,0,OK
GH_002,dados_intermediarios/processed/gana/GH_002.md,8,3051,0.8007,0,OK
GH_002,dados_intermediarios/processed/gana/GH_002.md,9,2485,0.7976,0,OK
GH_002,dados_intermediarios/processed/gana/GH_002.md,10,2058,0.8086,0,OK
GH_002,dados_intermediarios/processed/gana/GH_002.md,11,1863,0.8046,0,OK
GH_002,dados_intermediarios/processed/gana/GH_002.md,12,2584,0.8162,0,OK
GH_002,dados_intermediarios/processed/gana/GH_002.md,13,2561,0.8134,0,OK
GH_002,dados_intermediarios/processed/gana/GH_002.md,14,2837,0.8128,0,OK
GH_002,dados_intermediarios/processed/gana/GH_002.md,15,3227,0.8172,0,OK
GH_002,dados_intermediarios/processed/gana/GH_002.md,16,1796,0.8213,0,OK
GH_002,dados_intermediarios/processed/gana/GH_002.md,17,2142,0.8198,0,OK
GH_002,dados_intermediarios/processed/gana/GH_002.md,18,443,0.7359,0,OK
GH_002,dados_intermediarios/processed/gana/GH_002.md,19,1346,0.7556,0,OK
GH_002,dados_intermediarios/processed/gana/GH_002.md,20,1043,0.5091,0,OK
GH_002,dados_intermediarios/processed/gana/GH_002.md,21,1262,0.3954,0,OK
GH_002,dados_intermediarios/processed/gana/GH_002.md,22,71,0.493,0,OK
GH_002,dados_intermediarios/processed/gana/GH_002.md,23,1810,0.7254,0,OK
GH_002,dados_intermediarios/processed/gana/GH_002.md,24,2101,0.7734,0,OK
GH_002,dados_intermediarios/processed/gana/GH_002.md,25,956,0.7458,0,OK
GH_002,dados_intermediarios/processed/gana/GH_002.md,26,2088,0.7706,0,OK
GH_002,dados_intermediarios/processed/gana/GH_002.md,27,1416,0.7535,0,OK
GH_002,dados_intermediarios/processed/gana/GH_002.md,28,1969,0.7801,0,OK
GH_002,dados_intermediarios/processed/gana/GH_002.md,29,2061,0.7749,0,OK
GH_002,dados_intermediarios/processed/gana/GH_002.md,30,1154,0.7712,0,OK
GH_002,dados_intermediarios/processed/gana/GH_002.md,31,56,0.6429,0,OK
GH_002,dados_intermediarios/processed/gana/GH_002.md,32,2072,0.7654,0,OK
GH_002,dados_intermediarios/processed/gana/GH_002.md,33,1681,0.7466,0,OK
GH_002,dados_intermediarios/processed/gana/GH_002.md,34,1862,0.7707,0,OK
GH_002,dados_intermediarios/processed/gana/GH_002.md,35,2222,0.7579,0,OK
GH_002,dados_intermediarios/processed/gana/GH_002.md,36,1924,0.7698,0,OK
GH_002,dados_intermediarios/processed/gana/GH_002.md,37,1896,0.7801,0,OK
GH_002,dados_intermediarios/processed/gana/GH_002.md,38,1296,0.7608,0,OK
GH_002,dados_intermediarios/processed/gana/GH_002.md,39,1043,0.7546,0,OK
GH_002,dados_intermediarios/processed/gana/GH_002.md,40,2015,0.7782,0,OK
GH_002,dados_intermediarios/processed/gana/GH_002.md,41,1349,0.7813,0,OK
GH_002,dados_intermediarios/processed/gana/GH_002.md,42,1055,0.763,0,OK
GH_002,dados_intermediarios/processed/gana/GH_002.md,43,1561,0.7623,0,OK
GH_002,dados_intermediarios/processed/gana/GH_002.md,44,1945,0.7568,0,OK
GH_002,dados_intermediarios/processed/gana/GH_002.md,45,2108,0.7685,0,OK
GH_002,dados_intermediarios/processed/gana/GH_002.md,46,1176,0.7466,0,OK
GH_002,dados_intermediarios/processed/gana/GH_002.md,47,2087,0.7475,0,OK
GH_002,dados_intermediarios/processed/gana/GH_002.md,48,1642,0.7594,0,OK
GH_002,dados_intermediarios/processed/gana/GH_002.md,49,1728,0.7668,0,OK
GH_002,dados_intermediarios/processed/gana/GH_002.md,50,54,0.6667,0,OK
GH_002,dados_intermediarios/processed/gana/GH_002.md,51,1934,0.7606,0,OK
GH_002,dados_intermediarios/processed/gana/GH_002.md,52,1861,0.7657,0,OK
GH_002,dados_intermediarios/processed/gana/GH_002.md,53,1825,0.7759,0,OK
GH_002,dados_intermediarios/processed/gana/GH_002.md,54,1862,0.7626,0,OK
GH_002,dados_intermediarios/processed/gana/GH_002.md,55,1592,0.7651,0,OK
GH_002,dados_intermediarios/processed/gana/GH_002.md,56,860,0.7628,0,OK
GH_002,dados_intermediarios/processed/gana/GH_002.md,57,1339,0.7752,0,OK
GH_002,dados_intermediarios/processed/gana/GH_002.md,58,1116,0.7625,0,OK
GH_002,dados_intermediarios/processed/gana/GH_002.md,59,1172,0.7253,0,OK
GH_002,dados_intermediarios/processed/gana/GH_002.md,60,1575,0.7638,0,OK
GH_002,dados_intermediarios/processed/gana/GH_002.md,61,1217,0.7765,0,OK
GH_002,dados_intermediarios/processed/gana/GH_002.md,62,1536,0.7617,0,OK
GH_002,dados_intermediarios/processed/gana/GH_002.md,63,840,0.744,0,OK
GH_002,dados_intermediarios/processed/gana/GH_002.md,64,1366,0.7687,0,OK
GH_002,dados_intermediarios/processed/gana/GH_002.md,65,1291,0.7653,0,OK
GH_002,dados_intermediarios/processed/gana/GH_002.md,66,1023,0.7605,0,OK
GH_002,dados_intermediarios/processed/gana/GH_002.md,67,1359,0.7572,0,OK
GH_002,dados_intermediarios/processed/gana/GH_002.md,68,1136,0.7746,0,OK
GH_002,dados_intermediarios/processed/gana/GH_002.md,69,1458,0.7723,0,OK
GH_002,dados_intermediarios/processed/gana/GH_002.md,70,1526,0.7621,0,OK
GH_002,dados_intermediarios/processed/gana/GH_002.md,71,1437,0.7634,0,OK
GH_002,dados_intermediarios/processed/gana/GH_002.md,72,1080,0.762,0,OK
GH_002,dados_intermediarios/processed/gana/GH_002.md,73,1071,0.76,0,OK
GH_002,dados_intermediarios/processed/gana/GH_002.md,74,878,0.7733,0,OK
GH_002,dados_intermediarios/processed/gana/GH_002.md,75,1013,0.768,0,OK
GH_002,dados_intermediarios/processed/gana/GH_002.md,76,762,0.7441,0,OK
HK_001,dados_intermediarios/processed/hong-kong/HK_001.md,3,3225,0.8202,0,OK
HK_001,dados_intermediarios/processed/hong-kong/HK_001.md,4,675,0.7733,0,OK
HK_001,dados_intermediarios/processed/hong-kong/HK_001.md,5,2067,0.8108,0,OK
HK_001,dados_intermediarios/processed/hong-kong/HK_001.md,6,1953,0.8059,0,OK
HK_001,dados_intermediarios/processed/hong-kong/HK_001.md,7,2257,0.8259,0,OK
HK_001,dados_intermediarios/processed/hong-kong/HK_001.md,8,1717,0.6628,0,OK
HK_001,dados_intermediarios/processed/hong-kong/HK_001.md,9,2139,0.654,0,OK
HK_001,dados_intermediarios/processed/hong-kong/HK_001.md,10,1954,0.6551,0,OK
HK_001,dados_intermediarios/processed/hong-kong/HK_001.md,11,332,0.7651,0,OK
HK_001,dados_intermediarios/processed/hong-kong/HK_001.md,12,1,1.0,0,LOW_TEXT
HK_001,dados_intermediarios/processed/hong-kong/HK_001.md,13,22,0.9091,0,LOW_TEXT
HK_001,dados_intermediarios/processed/hong-kong/HK_001.md,14,3080,0.8107,0,OK
HK_001,dados_intermediarios/processed/hong-kong/HK_001.md,15,2327,0.8264,0,OK
HK_001,dados_intermediarios/processed/hong-kong/HK_001.md,16,2345,0.826,0,OK
HK_001,dados_intermediarios/processed/hong-kong/HK_001.md,17,2663,0.822,0,OK
HK_001,dados_intermediarios/processed/hong-kong/HK_001.md,18,2583,0.808,0,OK
HK_001,dados_intermediarios/processed/hong-kong/HK_001.md,19,2623,0.8227,0,OK
HK_001,dados_intermediarios/processed/hong-kong/HK_001.md,20,2199,0.7631,0,OK
HK_001,dados_intermediarios/processed/hong-kong/HK_001.md,21,1894,0.7497,0,OK
HK_001,dados_intermediarios/processed/hong-kong/HK_001.md,22,2,1.0,0,LOW_TEXT
HK_001,dados_intermediarios/processed/hong-kong/HK_001.md,23,31,0.871,0,LOW_TEXT
HK_001,dados_intermediarios/processed/hong-kong/HK_001.md,24,1276,0.8033,0,OK
HK_001,dados_intermediarios/processed/hong-kong/HK_001.md,25,1826,0.7793,0,OK
HK_001,dados_intermediarios/processed/hong-kong/HK_001.md,26,805,0.8311,0,OK
HK_001,dados_intermediarios/processed/hong-kong/HK_001.md,27,1890,0.8143,0,OK
HK_001,dados_intermediarios/processed/hong-kong/HK_001.md,28,2418,0.828,0,OK
HK_001,dados_intermediarios/processed/hong-kong/HK_001.md,29,1704,0.8234,0,OK
HK_001,dados_intermediarios/processed/hong-kong/HK_001.md,30,2097,0.8188,0,OK
HK_001,dados_intermediarios/processed/hong-kong/HK_001.md,31,739,0.8254,0,OK
HK_001,dados_intermediarios/processed/hong-kong/HK_001.md,32,2124,0.7255,0,OK
HK_001,dados_intermediarios/processed/hong-kong/HK_001.md,33,1728,0.6898,0,OK
HK_001,dados_intermediarios/processed/hong-kong/HK_001.md,34,1690,0.7219,0,OK
HK_001,dados_intermediarios/processed/hong-kong/HK_001.md,35,2122,0.7795,0,OK
HK_001,dados_intermediarios/processed/hong-kong/HK_001.md,36,1151,0.8123,0,OK
HK_001,dados_intermediarios/processed/hong-kong/HK_001.md,37,2187,0.7394,0,OK
HK_001,dados_intermediarios/processed/hong-kong/HK_001.md,38,1866,0.6988,0,OK
HK_001,dados_intermediarios/processed/hong-kong/HK_001.md,39,1699,0.7822,0,OK
HK_001,dados_intermediarios/processed/hong-kong/HK_001.md,40,1886,0.7948,0,OK
HK_001,dados_intermediarios/processed/hong-kong/HK_001.md,41,2190,0.7393,0,OK
HK_001,dados_intermediarios/processed/hong-kong/HK_001.md,42,1404,0.6952,0,OK
HK_001,dados_intermediarios/processed/hong-kong/HK_001.md,43,1669,0.7004,0,OK
HK_001,dados_intermediarios/processed/hong-kong/HK_001.md,44,1937,0.7754,0,OK
HK_001,dados_intermediarios/processed/hong-kong/HK_001.md,45,1620,0.821,0,OK
HK_001,dados_intermediarios/processed/hong-kong/HK_001.md,46,2110,0.737,0,OK
HK_001,dados_intermediarios/processed/hong-kong/HK_001.md,47,2040,0.6843,0,OK
HK_001,dados_intermediarios/processed/hong-kong/HK_001.md,48,1586,0.7383,0,OK
HK_001,dados_intermediarios/processed/hong-kong/HK_001.md,49,2468,0.8071,0,OK
HK_001,dados_intermediarios/processed/hong-kong/HK_001.md,50,1981,0.7547,0,OK
HK_001,dados_intermediarios/processed/hong-kong/HK_001.md,51,1710,0.6918,0,OK
HK_001,dados_intermediarios/processed/hong-kong/HK_001.md,52,2085,0.7161,0,OK
HK_001,dados_intermediarios/processed/hong-kong/HK_001.md,53,2544,0.7991,0,OK
HK_001,dados_intermediarios/processed/hong-kong/HK_001.md,54,819,0.779,0,OK
HK_001,dados_intermediarios/processed/hong-kong/HK_001.md,55,2163,0.7383,0,OK
HK_001,dados_intermediarios/processed/hong-kong/HK_001.md,56,1585,0.6991,0,OK
HK_001,dados_intermediarios/processed/hong-kong/HK_001.md,57,1729,0.7582,0,OK
HK_001,dados_intermediarios/processed/hong-kong/HK_001.md,58,2147,0.7955,0,OK
HK_001,dados_intermediarios/processed/hong-kong/HK_001.md,59,1138,0.8172,0,OK
HK_001,dados_intermediarios/processed/hong-kong/HK_001.md,60,2325,0.8172,0,OK
HK_001,dados_intermediarios/processed/hong-kong/HK_001.md,61,1225,0.702,0,OK
HK_001,dados_intermediarios/processed/hong-kong/HK_001.md,62,1202,0.7188,0,OK
HK_001,dados_intermediarios/processed/hong-kong/HK_001.md,63,855,0.724,0,OK
HK_001,dados_intermediarios/processed/hong-kong/HK_001.md,64,952,0.7227,0,OK
HK_001,dados_intermediarios/processed/hong-kong/HK_001.md,65,1278,0.716,0,OK
HK_001,dados_intermediarios/processed/hong-kong/HK_001.md,66,1178,0.7182,0,OK
HK_001,dados_intermediarios/processed/hong-kong/HK_001.md,67,1017,0.7207,0,OK
HK_001,dados_intermediarios/processed/hong-kong/HK_001.md,68,1022,0.7172,0,OK
HK_001,dados_intermediarios/processed/hong-kong/HK_001.md,69,1163,0.7068,0,OK
HK_001,dados_intermediarios/processed/hong-kong/HK_001.md,70,824,0.6869,0,OK
HK_001,dados_intermediarios/processed/hong-kong/HK_001.md,71,1324,0.7273,0,OK
HK_001,dados_intermediarios/processed/hong-kong/HK_001.md,72,1086,0.732,0,OK
HK_001,dados_intermediarios/processed/hong-kong/HK_001.md,73,911,0.7113,0,OK
HK_001,dados_intermediarios/processed/hong-kong/HK_001.md,74,1089,0.7291,0,OK
HK_001,dados_intermediarios/processed/hong-kong/HK_001.md,75,1164,0.7268,0,OK
HK_001,dados_intermediarios/processed/hong-kong/HK_001.md,76,1276,0.7226,0,OK
HK_001,dados_intermediarios/processed/hong-kong/HK_001.md,77,1122,0.7317,0,OK
HK_001,dados_intermediarios/processed/hong-kong/HK_001.md,78,1219,0.7186,0,OK
HK_001,dados_intermediarios/processed/hong-kong/HK_001.md,79,1310,0.6962,0,OK
HK_001,dados_intermediarios/processed/hong-kong/HK_001.md,80,610,0.7164,0,OK
HK_001,dados_intermediarios/processed/hong-kong/HK_001.md,81,83,0.8434,0,OK
HK_001,dados_intermediarios/processed/hong-kong/HK_001.md,82,2706,0.5163,0,OK
HK_001,dados_intermediarios/processed/hong-kong/HK_001.md,83,1629,0.8115,0,OK
HK_001,dados_intermediarios/processed/hong-kong/HK_001.md,84,752,0.8338,0,OK
HK_001,dados_intermediarios/processed/hong-kong/HK_001.md,85,1958,0.8177,0,OK
HK_001,dados_intermediarios/processed/hong-kong/HK_001.md,86,1320,0.7841,0,OK
HK_001,dados_intermediarios/processed/hong-kong/HK_001.md,87,2091,0.8221,0,OK
HK_001,dados_intermediarios/processed/hong-kong/HK_001.md,88,2236,0.826,0,OK
HK_001,dados_intermediarios/processed/hong-kong/HK_001.md,89,2512,0.8248,0,OK
HK_001,dados_intermediarios/processed/hong-kong/HK_001.md,90,2219,0.8297,0,OK
HK_001,dados_intermediarios/processed/hong-kong/HK_001.md,91,2561,0.818,0,OK
HK_001,dados_intermediarios/processed/hong-kong/HK_001.md,92,1477,0.8152,0,OK
HK_001,dados_intermediarios/processed/hong-kong/HK_001.md,93,492,0.8293,0,OK
HK_001,dados_intermediarios/processed/hong-kong/HK_001.md,94,1892,0.7637,0,OK
HK_001,dados_intermediarios/processed/hong-kong/HK_001.md,95,2071,0.76,0,OK
HK_001,dados_intermediarios/processed/hong-kong/HK_001.md,96,766,0.8029,0,OK
HK_001,dados_intermediarios/processed/hong-kong/HK_001.md,97,1960,0.8301,0,OK
HK_001,dados_intermediarios/processed/hong-kong/HK_001.md,98,2106,0.8067,0,OK
HK_001,dados_intermediarios/processed/hong-kong/HK_001.md,99,2285,0.8118,0,OK
HK_001,dados_intermediarios/processed/hong-kong/HK_001.md,100,2235,0.8148,0,OK
HK_001,dados_intermediarios/processed/hong-kong/HK_001.md,101,1857,0.8164,0,OK
HK_001,dados_intermediarios/processed/hong-kong/HK_001.md,102,1795,0.8061,0,OK
HK_001,dados_intermediarios/processed/hong-kong/HK_001.md,103,1461,0.794,0,OK
HK_001,dados_intermediarios/processed/hong-kong/HK_001.md,104,1849,0.8015,0,OK
HK_001,dados_intermediarios/processed/hong-kong/HK_001.md,105,1492,0.7835,0,OK
HK_001,dados_intermediarios/processed/hong-kong/HK_001.md,106,1693,0.7856,0,OK
HK_001,dados_intermediarios/processed/hong-kong/HK_001.md,107,2284,0.8257,0,OK
HK_001,dados_intermediarios/processed/hong-kong/HK_001.md,108,1757,0.8173,0,OK
HK_001,dados_intermediarios/processed/hong-kong/HK_001.md,109,1072,0.819,0,OK
HK_001,dados_intermediarios/processed/hong-kong/HK_001.md,110,1844,0.8107,0,OK
HK_001,dados_intermediarios/processed/hong-kong/HK_001.md,111,1790,0.8201,0,OK
HK_001,dados_intermediarios/processed/hong-kong/HK_001.md,112,2155,0.8181,0,OK
HK_001,dados_intermediarios/processed/hong-kong/HK_001.md,113,1645,0.8109,0,OK
HK_001,dados_intermediarios/processed/hong-kong/HK_001.md,114,1739,0.7395,0,OK
HK_001,dados_intermediarios/processed/hong-kong/HK_001.md,115,2228,0.8218,0,OK
HK_001,dados_intermediarios/processed/hong-kong/HK_001.md,116,2146,0.8043,0,OK
HK_001,dados_intermediarios/processed/hong-kong/HK_001.md,117,2096,0.822,0,OK
HK_001,dados_intermediarios/processed/hong-kong/HK_001.md,118,2197,0.8129,0,OK
HK_001,dados_intermediarios/processed/hong-kong/HK_001.md,119,1695,0.8147,0,OK
HK_001,dados_intermediarios/processed/hong-kong/HK_001.md,120,2096,0.8278,0,OK
HK_001,dados_intermediarios/processed/hong-kong/HK_001.md,121,2217,0.8295,0,OK
HK_001,dados_intermediarios/processed/hong-kong/HK_001.md,122,2189,0.8127,0,OK
HK_001,dados_intermediarios/processed/hong-kong/HK_001.md,123,2531,0.8238,0,OK
HK_001,dados_intermediarios/processed/hong-kong/HK_001.md,124,2200,0.8041,0,OK
HK_001,dados_intermediarios/processed/hong-kong/HK_001.md,125,1806,0.8117,0,OK
HK_001,dados_intermediarios/processed/hong-kong/HK_001.md,126,1162,0.809,0,OK
HK_001,dados_intermediarios/processed/hong-kong/HK_001.md,127,1206,0.8143,0,OK
HK_001,dados_intermediarios/processed/hong-kong/HK_001.md,128,3,1.0,0,LOW_TEXT
HK_001,dados_intermediarios/processed/hong-kong/HK_001.md,129,59,0.8305,0,OK
HK_001,dados_intermediarios/processed/hong-kong/HK_001.md,130,1875,0.8293,0,OK
HK_001,dados_intermediarios/processed/hong-kong/HK_001.md,131,2056,0.8312,0,OK
HK_001,dados_intermediarios/processed/hong-kong/HK_001.md,132,2385,0.8201,0,OK
HK_001,dados_intermediarios/processed/hong-kong/HK_001.md,133,1965,0.8158,0,OK
HK_001,dados_intermediarios/processed/hong-kong/HK_001.md,134,2079,0.8225,0,OK
HK_001,dados_intermediarios/processed/hong-kong/HK_001.md,135,2614,0.7999,0,OK
HK_001,dados_intermediarios/processed/hong-kong/HK_001.md,136,2128,0.8106,0,OK
HK_001,dados_intermediarios/processed/hong-kong/HK_001.md,137,2062,0.805,0,OK
HK_001,dados_intermediarios/processed/hong-kong/HK_001.md,138,1441,0.8217,0,OK
HK_001,dados_intermediarios/processed/hong-kong/HK_001.md,139,1540,0.8221,0,OK
HK_001,dados_intermediarios/processed/hong-kong/HK_001.md,140,1003,0.7976,0,OK
HK_001,dados_intermediarios/processed/hong-kong/HK_001.md,141,1503,0.821,0,OK
HK_001,dados_intermediarios/processed/hong-kong/HK_001.md,142,1733,0.8038,0,OK
HK_001,dados_intermediarios/processed/hong-kong/HK_001.md,143,1550,0.7929,0,OK
HK_001,dados_intermediarios/processed/hong-kong/HK_001.md,144,654,0.7859,0,OK
HK_001,dados_intermediarios/processed/hong-kong/HK_001.md,145,1950,0.8087,0,OK
HK_001,dados_intermediarios/processed/hong-kong/HK_001.md,146,1727,0.8147,0,OK
HK_001,dados_intermediarios/processed/hong-kong/HK_001.md,147,1546,0.8027,0,OK
HK_001,dados_intermediarios/processed/hong-kong/HK_001.md,148,2121,0.8119,0,OK
HK_001,dados_intermediarios/processed/hong-kong/HK_001.md,149,1558,0.8184,0,OK
HK_001,dados_intermediarios/processed/hong-kong/HK_001.md,150,1406,0.808,0,OK
HK_001,dados_intermediarios/processed/hong-kong/HK_001.md,151,1279,0.785,0,OK
HK_001,dados_intermediarios/processed/hong-kong/HK_001.md,152,1742,0.8065,0,OK
HK_001,dados_intermediarios/processed/hong-kong/HK_001.md,153,1881,0.7895,0,OK
HK_001,dados_intermediarios/processed/hong-kong/HK_001.md,154,1940,0.8124,0,OK
HK_001,dados_intermediarios/processed/hong-kong/HK_001.md,155,894,0.8221,0,OK
HK_001,dados_intermediarios/processed/hong-kong/HK_001.md,156,2049,0.8121,0,OK
HK_001,dados_intermediarios/processed/hong-kong/HK_001.md,157,2432,0.8146,0,OK
HK_001,dados_intermediarios/processed/hong-kong/HK_001.md,158,1558,0.7914,0,OK
HK_001,dados_intermediarios/processed/hong-kong/HK_001.md,159,1175,0.8162,0,OK
HK_001,dados_intermediarios/processed/hong-kong/HK_001.md,160,2034,0.8014,0,OK
HK_001,dados_intermediarios/processed/hong-kong/HK_001.md,161,1956,0.7873,0,OK
HK_001,dados_intermediarios/processed/hong-kong/HK_001.md,162,2463,0.8149,0,OK
HK_001,dados_intermediarios/processed/hong-kong/HK_001.md,163,1513,0.8169,0,OK
HK_001,dados_intermediarios/processed/hong-kong/HK_001.md,164,3,1.0,0,LOW_TEXT
HK_001,dados_intermediarios/processed/hong-kong/HK_001.md,165,35,0.8857,0,LOW_TEXT
HK_001,dados_intermediarios/processed/hong-kong/HK_001.md,166,1377,0.817,0,OK
HK_001,dados_intermediarios/processed/hong-kong/HK_001.md,167,1739,0.8212,0,OK
HK_001,dados_intermediarios/processed/hong-kong/HK_001.md,168,1983,0.8255,0,OK
HK_001,dados_intermediarios/processed/hong-kong/HK_001.md,169,2285,0.8232,0,OK
HK_001,dados_intermediarios/processed/hong-kong/HK_001.md,170,1588,0.7853,0,OK
HK_001,dados_intermediarios/processed/hong-kong/HK_001.md,171,1830,0.8115,0,OK
HK_001,dados_intermediarios/processed/hong-kong/HK_001.md,172,1211,0.7795,0,OK
HK_001,dados_intermediarios/processed/hong-kong/HK_001.md,173,1718,0.8021,0,OK
HK_001,dados_intermediarios/processed/hong-kong/HK_001.md,174,2310,0.8255,0,OK
HK_001,dados_intermediarios/processed/hong-kong/HK_001.md,175,2093,0.8194,0,OK
HK_001,dados_intermediarios/processed/hong-kong/HK_001.md,176,1941,0.7965,0,OK
HK_001,dados_intermediarios/processed/hong-kong/HK_001.md,177,1837,0.8242,0,OK
HK_001,dados_intermediarios/processed/hong-kong/HK_001.md,178,1423,0.6978,0,OK
HK_001,dados_intermediarios/processed/hong-kong/HK_001.md,179,1189,0.7653,0,OK
HK_001,dados_intermediarios/processed/hong-kong/HK_001.md,180,1751,0.8075,0,OK
HK_001,dados_intermediarios/processed/hong-kong/HK_001.md,181,1640,0.8091,0,OK
HK_001,dados_intermediarios/processed/hong-kong/HK_001.md,182,2052,0.8241,0,OK
HK_001,dados_intermediarios/processed/hong-kong/HK_001.md,183,1613,0.806,0,OK
HK_001,dados_intermediarios/processed/hong-kong/HK_001.md,184,2145,0.8186,0,OK
HK_001,dados_intermediarios/processed/hong-kong/HK_001.md,185,1503,0.8124,0,OK
HK_001,dados_intermediarios/processed/hong-kong/HK_001.md,186,2213,0.8265,0,OK
HK_001,dados_intermediarios/processed/hong-kong/HK_001.md,187,1228,0.8176,0,OK
HK_001,dados_intermediarios/processed/hong-kong/HK_001.md,188,1417,0.7791,0,OK
HK_001,dados_intermediarios/processed/hong-kong/HK_001.md,189,365,0.7918,0,OK
HK_001,dados_intermediarios/processed/hong-kong/HK_001.md,190,3,1.0,0,LOW_TEXT
HK_001,dados_intermediarios/processed/hong-kong/HK_001.md,191,61,0.8033,0,OK
HK_001,dados_intermediarios/processed/hong-kong/HK_001.md,192,2191,0.8275,0,OK
HK_001,dados_intermediarios/processed/hong-kong/HK_001.md,193,2327,0.8122,0,OK
HK_001,dados_intermediarios/processed/hong-kong/HK_001.md,194,1857,0.8088,0,OK
HK_001,dados_intermediarios/processed/hong-kong/HK_001.md,195,2061,0.8176,0,OK
HK_001,dados_intermediarios/processed/hong-kong/HK_001.md,196,2121,0.8147,0,OK
HK_001,dados_intermediarios/processed/hong-kong/HK_001.md,197,1861,0.8227,0,OK
HK_001,dados_intermediarios/processed/hong-kong/HK_001.md,198,2471,0.8227,0,OK
HK_001,dados_intermediarios/processed/hong-kong/HK_001.md,199,2024,0.8063,0,OK
HK_001,dados_intermediarios/processed/hong-kong/HK_001.md,200,1973,0.813,0,OK
HK_001,dados_intermediarios/processed/hong-kong/HK_001.md,201,1857,0.8304,0,OK
HK_001,dados_intermediarios/processed/hong-kong/HK_001.md,202,3,1.0,0,LOW_TEXT
HK_001,dados_intermediarios/processed/hong-kong/HK_001.md,203,12,0.9167,0,LOW_TEXT
HK_001,dados_intermediarios/processed/hong-kong/HK_001.md,204,1364,0.7786,0,OK
HK_001,dados_intermediarios/processed/hong-kong/HK_001.md,205,1257,0.7971,0,OK
HK_001,dados_intermediarios/processed/hong-kong/HK_001.md,206,954,0.804,0,OK
HK_001,dados_intermediarios/processed/hong-kong/HK_001.md,207,1306,0.7856,0,OK
HK_001,dados_intermediarios/processed/hong-kong/HK_001.md,208,801,0.8027,0,OK
HK_001,dados_intermediarios/processed/hong-kong/HK_001.md,209,1414,0.814,0,OK
HK_001,dados_intermediarios/processed/hong-kong/HK_001.md,210,3,1.0,0,LOW_TEXT
HK_001,dados_intermediarios/processed/hong-kong/HK_001.md,211,12,0.9167,0,LOW_TEXT
HK_001,dados_intermediarios/processed/hong-kong/HK_001.md,212,1398,0.7861,0,OK
HK_001,dados_intermediarios/processed/hong-kong/HK_001.md,213,1725,0.7687,0,OK
HK_001,dados_intermediarios/processed/hong-kong/HK_001.md,214,1146,0.7461,0,OK
HK_001,dados_intermediarios/processed/hong-kong/HK_001.md,215,14,0.9286,0,LOW_TEXT
HK_001,dados_intermediarios/processed/hong-kong/HK_001.md,216,1821,0.7595,0,OK
HK_001,dados_intermediarios/processed/hong-kong/HK_001.md,217,2047,0.7469,0,OK
HK_001,dados_intermediarios/processed/hong-kong/HK_001.md,218,1896,0.7637,0,OK
HK_001,dados_intermediarios/processed/hong-kong/HK_001.md,219,1686,0.7503,0,OK
HK_001,dados_intermediarios/processed/hong-kong/HK_001.md,220,1530,0.7935,0,OK
HK_001,dados_intermediarios/processed/hong-kong/HK_001.md,221,1688,0.7814,0,OK
HK_001,dados_intermediarios/processed/hong-kong/HK_001.md,222,772,0.7824,0,OK
HK_001,dados_intermediarios/processed/hong-kong/HK_001.md,223,110,0.8,0,OK
HK_001,dados_intermediarios/processed/hong-kong/HK_001.md,224,1016,0.7657,0,OK
HK_001,dados_intermediarios/processed/hong-kong/HK_001.md,225,428,0.7687,0,OK
HK_002,dados_intermediarios/processed/hong-kong/HK_002.md,1,425,0.7153,0,OK
HK_002,dados_intermediarios/processed/hong-kong/HK_002.md,3,1269,0.6832,0,OK
HK_002,dados_intermediarios/processed/hong-kong/HK_002.md,4,1520,0.6803,0,OK
HK_002,dados_intermediarios/processed/hong-kong/HK_002.md,5,491,0.7393,0,OK
HK_002,dados_intermediarios/processed/hong-kong/HK_002.md,6,12,0.75,0,LOW_TEXT
HK_002,dados_intermediarios/processed/hong-kong/HK_002.md,7,3578,0.803,0,OK
HK_002,dados_intermediarios/processed/hong-kong/HK_002.md,8,957,0.8015,0,OK
HK_002,dados_intermediarios/processed/hong-kong/HK_002.md,9,505,0.8,0,OK
HK_002,dados_intermediarios/processed/hong-kong/HK_002.md,10,16,0.6875,0,LOW_TEXT
HK_002,dados_intermediarios/processed/hong-kong/HK_002.md,11,2550,0.8059,0,OK
HK_002,dados_intermediarios/processed/hong-kong/HK_002.md,12,2707,0.8138,0,OK
HK_002,dados_intermediarios/processed/hong-kong/HK_002.md,13,1757,0.7689,0,OK
HK_002,dados_intermediarios/processed/hong-kong/HK_002.md,14,1267,0.8019,0,OK
HK_002,dados_intermediarios/processed/hong-kong/HK_002.md,15,2434,0.804,0,OK
HK_002,dados_intermediarios/processed/hong-kong/HK_002.md,16,2545,0.8079,0,OK
HK_002,dados_intermediarios/processed/hong-kong/HK_002.md,17,533,0.6604,0,OK
HK_002,dados_intermediarios/processed/hong-kong/HK_002.md,18,2534,0.6614,0,OK
HK_002,dados_intermediarios/processed/hong-kong/HK_002.md,19,2405,0.7954,0,OK
HK_002,dados_intermediarios/processed/hong-kong/HK_002.md,20,22,0.5,0,LOW_TEXT
HK_002,dados_intermediarios/processed/hong-kong/HK_002.md,21,1413,0.7919,0,OK
HK_002,dados_intermediarios/processed/hong-kong/HK_002.md,22,1081,0.7808,0,OK
HK_002,dados_intermediarios/processed/hong-kong/HK_002.md,23,1010,0.7327,0,OK
HK_002,dados_intermediarios/processed/hong-kong/HK_002.md,24,1586,0.7692,0,OK
HK_002,dados_intermediarios/processed/hong-kong/HK_002.md,25,1284,0.7671,0,OK
HK_002,dados_intermediarios/processed/hong-kong/HK_002.md,26,22,0.5,0,LOW_TEXT
HK_002,dados_intermediarios/processed/hong-kong/HK_002.md,27,1109,0.7872,0,OK
HK_002,dados_intermediarios/processed/hong-kong/HK_002.md,28,1429,0.7684,0,OK
HK_002,dados_intermediarios/processed/hong-kong/HK_002.md,29,1532,0.7833,0,OK
HK_002,dados_intermediarios/processed/hong-kong/HK_002.md,30,613,0.7977,0,OK
HK_002,dados_intermediarios/processed/hong-kong/HK_002.md,31,1506,0.7888,0,OK
HK_002,dados_intermediarios/processed/hong-kong/HK_002.md,32,1184,0.7669,0,OK
HK_002,dados_intermediarios/processed/hong-kong/HK_002.md,33,1035,0.7391,0,OK
HK_002,dados_intermediarios/processed/hong-kong/HK_002.md,34,1288,0.7679,0,OK
HK_002,dados_intermediarios/processed/hong-kong/HK_002.md,35,1150,0.7765,0,OK
HK_002,dados_intermediarios/processed/hong-kong/HK_002.md,36,812,0.7833,0,OK
HK_002,dados_intermediarios/processed/hong-kong/HK_002.md,37,1380,0.7891,0,OK
HK_002,dados_intermediarios/processed/hong-kong/HK_002.md,38,1037,0.7589,0,OK
HK_002,dados_intermediarios/processed/hong-kong/HK_002.md,39,1069,0.7175,0,OK
HK_002,dados_intermediarios/processed/hong-kong/HK_002.md,40,762,0.7467,0,OK
HK_002,dados_intermediarios/processed/hong-kong/HK_002.md,41,1035,0.7488,0,OK
HK_002,dados_intermediarios/processed/hong-kong/HK_002.md,42,517,0.7524,0,OK
HK_002,dados_intermediarios/processed/hong-kong/HK_002.md,43,1412,0.7897,0,OK
HK_002,dados_intermediarios/processed/hong-kong/HK_002.md,44,1229,0.7819,0,OK
HK_002,dados_intermediarios/processed/hong-kong/HK_002.md,45,1206,0.7728,0,OK
HK_002,dados_intermediarios/processed/hong-kong/HK_002.md,46,22,0.5,0,LOW_TEXT
HK_002,dados_intermediarios/processed/hong-kong/HK_002.md,47,1969,0.7938,0,OK
HK_002,dados_intermediarios/processed/hong-kong/HK_002.md,48,719,0.7719,0,OK
HK_002,dados_intermediarios/processed/hong-kong/HK_002.md,49,1261,0.7684,0,OK
HK_002,dados_intermediarios/processed/hong-kong/HK_002.md,50,455,0.7385,0,OK
HK_002,dados_intermediarios/processed/hong-kong/HK_002.md,51,370,0.7811,0,OK
HK_002,dados_intermediarios/processed/hong-kong/HK_002.md,52,22,0.5,0,LOW_TEXT
HK_002,dados_intermediarios/processed/hong-kong/HK_002.md,53,1572,0.7933,0,OK
HK_002,dados_intermediarios/processed/hong-kong/HK_002.md,54,1231,0.7595,0,OK
HK_002,dados_intermediarios/processed/hong-kong/HK_002.md,55,779,0.7458,0,OK
HK_002,dados_intermediarios/processed/hong-kong/HK_002.md,56,729,0.7421,0,OK
HK_002,dados_intermediarios/processed/hong-kong/HK_002.md,57,1801,0.7996,0,OK
HK_002,dados_intermediarios/processed/hong-kong/HK_002.md,58,1205,0.7726,0,OK
HK_002,dados_intermediarios/processed/hong-kong/HK_002.md,59,1132,0.7747,0,OK
HK_002,dados_intermediarios/processed/hong-kong/HK_002.md,60,979,0.7538,0,OK
HK_002,dados_intermediarios/processed/hong-kong/HK_002.md,61,595,0.7748,0,OK
HK_002,dados_intermediarios/processed/hong-kong/HK_002.md,62,22,0.5,0,LOW_TEXT
HK_002,dados_intermediarios/processed/hong-kong/HK_002.md,63,3281,0.8129,0,OK
HK_002,dados_intermediarios/processed/hong-kong/HK_002.md,64,2212,0.8047,0,OK
HK_002,dados_intermediarios/processed/hong-kong/HK_002.md,65,1621,0.7977,0,OK
HK_002,dados_intermediarios/processed/hong-kong/HK_002.md,66,560,0.6429,0,OK
HK_002,dados_intermediarios/processed/hong-kong/HK_002.md,67,1767,0.7844,0,OK
HK_002,dados_intermediarios/processed/hong-kong/HK_002.md,68,601,0.6306,0,OK
HK_002,dados_intermediarios/processed/hong-kong/HK_002.md,69,1610,0.782,0,OK
HK_002,dados_intermediarios/processed/hong-kong/HK_002.md,70,567,0.6367,0,OK
HK_002,dados_intermediarios/processed/hong-kong/HK_002.md,71,2329,0.8059,0,OK
HK_002,dados_intermediarios/processed/hong-kong/HK_002.md,72,2873,0.812,0,OK
HK_002,dados_intermediarios/processed/hong-kong/HK_002.md,73,2385,0.8021,0,OK
HK_002,dados_intermediarios/processed/hong-kong/HK_002.md,74,2160,0.7944,0,OK
HK_002,dados_intermediarios/processed/hong-kong/HK_002.md,75,1896,0.7975,0,OK
HK_002,dados_intermediarios/processed/hong-kong/HK_002.md,76,1343,0.7967,0,OK
HK_002,dados_intermediarios/processed/hong-kong/HK_002.md,77,2481,0.8001,0,OK
HK_002,dados_intermediarios/processed/hong-kong/HK_002.md,78,2700,0.8126,0,OK
HK_002,dados_intermediarios/processed/hong-kong/HK_002.md,79,1621,0.7724,0,OK
HK_002,dados_intermediarios/processed/hong-kong/HK_002.md,80,2409,0.8028,0,OK
HK_002,dados_intermediarios/processed/hong-kong/HK_002.md,81,2082,0.8036,0,OK
HK_002,dados_intermediarios/processed/hong-kong/HK_002.md,82,2424,0.8036,0,OK
HK_002,dados_intermediarios/processed/hong-kong/HK_002.md,83,2258,0.8193,0,OK
HK_002,dados_intermediarios/processed/hong-kong/HK_002.md,84,2645,0.7985,0,OK
HK_002,dados_intermediarios/processed/hong-kong/HK_002.md,85,2281,0.7992,0,OK
HK_002,dados_intermediarios/processed/hong-kong/HK_002.md,86,2782,0.807,0,OK
HK_002,dados_intermediarios/processed/hong-kong/HK_002.md,87,2773,0.8071,0,OK
HK_002,dados_intermediarios/processed/hong-kong/HK_002.md,88,2699,0.814,0,OK
HK_002,dados_intermediarios/processed/hong-kong/HK_002.md,89,2548,0.8038,0,OK
HK_002,dados_intermediarios/processed/hong-kong/HK_002.md,90,2478,0.8031,0,OK
HK_002,dados_intermediarios/processed/hong-kong/HK_002.md,91,3259,0.8067,0,OK
HK_002,dados_intermediarios/processed/hong-kong/HK_002.md,92,2181,0.8138,0,OK
HK_002,dados_intermediarios/processed/hong-kong/HK_002.md,93,667,0.6327,0,OK
HK_002,dados_intermediarios/processed/hong-kong/HK_002.md,94,22,0.5,0,LOW_TEXT
HK_002,dados_intermediarios/processed/hong-kong/HK_002.md,95,2977,0.8082,0,OK
HK_002,dados_intermediarios/processed/hong-kong/HK_002.md,96,3185,0.8129,0,OK
HK_002,dados_intermediarios/processed/hong-kong/HK_002.md,97,2457,0.8067,0,OK
HK_002,dados_intermediarios/processed/hong-kong/HK_002.md,98,2321,0.8031,0,OK
HK_002,dados_intermediarios/processed/hong-kong/HK_002.md,99,2279,0.799,0,OK
HK_002,dados_intermediarios/processed/hong-kong/HK_002.md,100,2182,0.7984,0,OK
HK_002,dados_intermediarios/processed/hong-kong/HK_002.md,101,2609,0.7934,0,OK
HK_002,dados_intermediarios/processed/hong-kong/HK_002.md,102,2279,0.7964,0,OK
HK_002,dados_intermediarios/processed/hong-kong/HK_002.md,103,3136,0.7946,0,OK
HK_002,dados_intermediarios/processed/hong-kong/HK_002.md,104,325,0.7815,0,OK
HK_002,dados_intermediarios/processed/hong-kong/HK_002.md,105,2497,0.7986,0,OK
HK_002,dados_intermediarios/processed/hong-kong/HK_002.md,106,2981,0.8061,0,OK
HK_002,dados_intermediarios/processed/hong-kong/HK_002.md,107,3297,0.8113,0,OK
HK_002,dados_intermediarios/processed/hong-kong/HK_002.md,108,2760,0.8101,0,OK
HK_002,dados_intermediarios/processed/hong-kong/HK_002.md,109,2329,0.8085,0,OK
HK_002,dados_intermediarios/processed/hong-kong/HK_002.md,110,3210,0.8069,0,OK
HK_002,dados_intermediarios/processed/hong-kong/HK_002.md,111,1988,0.7948,0,OK
HK_002,dados_intermediarios/processed/hong-kong/HK_002.md,112,23,0.5217,0,LOW_TEXT
HK_002,dados_intermediarios/processed/hong-kong/HK_002.md,113,1689,0.807,0,OK
HK_002,dados_intermediarios/processed/hong-kong/HK_002.md,114,2529,0.7948,0,OK
HK_002,dados_intermediarios/processed/hong-kong/HK_002.md,115,1414,0.7553,0,OK
HK_002,dados_intermediarios/processed/hong-kong/HK_002.md,116,1539,0.744,0,OK
HK_002,dados_intermediarios/processed/hong-kong/HK_002.md,117,1735,0.7049,0,OK
HK_002,dados_intermediarios/processed/hong-kong/HK_002.md,118,889,0.7053,0,OK
HK_002,dados_intermediarios/processed/hong-kong/HK_002.md,119,2524,0.8126,0,OK
HK_002,dados_intermediarios/processed/hong-kong/HK_002.md,120,2759,0.8086,0,OK
HK_002,dados_intermediarios/processed/hong-kong/HK_002.md,121,1905,0.8142,0,OK
HK_002,dados_intermediarios/processed/hong-kong/HK_002.md,122,1461,0.8036,0,OK
HK_002,dados_intermediarios/processed/hong-kong/HK_002.md,123,2281,0.7817,0,OK
HK_002,dados_intermediarios/processed/hong-kong/HK_002.md,124,23,0.5217,0,LOW_TEXT
HK_002,dados_intermediarios/processed/hong-kong/HK_002.md,125,1008,0.6647,0,OK
HK_002,dados_intermediarios/processed/hong-kong/HK_002.md,126,190,0.7,0,OK
HK_002,dados_intermediarios/processed/hong-kong/HK_002.md,127,581,0.6592,0,OK
HK_002,dados_intermediarios/processed/hong-kong/HK_002.md,128,597,0.66,0,OK
HK_002,dados_intermediarios/processed/hong-kong/HK_002.md,129,594,0.6684,0,OK
HK_002,dados_intermediarios/processed/hong-kong/HK_002.md,130,631,0.6609,0,OK
HK_002,dados_intermediarios/processed/hong-kong/HK_002.md,131,12,0.75,0,LOW_TEXT
IE_001,dados_intermediarios/processed/irlanda/IE_001.md,1,101,0.8812,0,OK
IE_001,dados_intermediarios/processed/irlanda/IE_001.md,3,3277,0.3241,0,OK
IE_001,dados_intermediarios/processed/irlanda/IE_001.md,4,1818,0.8207,0,OK
IE_001,dados_intermediarios/processed/irlanda/IE_001.md,5,1274,0.792,0,OK
IE_001,dados_intermediarios/processed/irlanda/IE_001.md,6,2829,0.8158,0,OK
IE_001,dados_intermediarios/processed/irlanda/IE_001.md,7,1544,0.842,0,OK
IE_001,dados_intermediarios/processed/irlanda/IE_001.md,8,2938,0.8274,0,OK
IE_001,dados_intermediarios/processed/irlanda/IE_001.md,9,3521,0.8285,0,OK
IE_001,dados_intermediarios/processed/irlanda/IE_001.md,10,2481,0.8331,0,OK
IE_001,dados_intermediarios/processed/irlanda/IE_001.md,11,3479,0.8307,0,OK
IE_001,dados_intermediarios/processed/irlanda/IE_001.md,12,2928,0.8299,0,OK
IE_001,dados_intermediarios/processed/irlanda/IE_001.md,13,1656,0.7989,0,OK
IE_001,dados_intermediarios/processed/irlanda/IE_001.md,14,1465,0.8259,0,OK
IE_001,dados_intermediarios/processed/irlanda/IE_001.md,15,3228,0.8346,0,OK
IE_001,dados_intermediarios/processed/irlanda/IE_001.md,16,1409,0.8275,0,OK
IE_001,dados_intermediarios/processed/irlanda/IE_001.md,17,2896,0.8201,0,OK
IE_001,dados_intermediarios/processed/irlanda/IE_001.md,18,3134,0.8242,0,OK
IE_001,dados_intermediarios/processed/irlanda/IE_001.md,19,1648,0.8265,0,OK
IE_001,dados_intermediarios/processed/irlanda/IE_001.md,20,1913,0.8285,0,OK
IE_001,dados_intermediarios/processed/irlanda/IE_001.md,21,1862,0.8281,0,OK
IE_001,dados_intermediarios/processed/irlanda/IE_001.md,22,2578,0.815,0,OK
IE_001,dados_intermediarios/processed/irlanda/IE_001.md,23,957,0.8046,0,OK
IE_001,dados_intermediarios/processed/irlanda/IE_001.md,24,2994,0.828,0,OK
IE_001,dados_intermediarios/processed/irlanda/IE_001.md,25,1934,0.8226,0,OK
IE_001,dados_intermediarios/processed/irlanda/IE_001.md,26,3505,0.8331,0,OK
IE_001,dados_intermediarios/processed/irlanda/IE_001.md,27,2639,0.8174,0,OK
IE_001,dados_intermediarios/processed/irlanda/IE_001.md,28,3049,0.819,0,OK
IE_001,dados_intermediarios/processed/irlanda/IE_001.md,29,3062,0.8155,0,OK
IE_001,dados_intermediarios/processed/irlanda/IE_001.md,30,1389,0.8359,0,OK
IE_001,dados_intermediarios/processed/irlanda/IE_001.md,31,1903,0.8318,0,OK
IE_001,dados_intermediarios/processed/irlanda/IE_001.md,32,2526,0.8333,0,OK
IE_001,dados_intermediarios/processed/irlanda/IE_001.md,33,1815,0.832,0,OK
IE_001,dados_intermediarios/processed/irlanda/IE_001.md,34,2737,0.825,0,OK
IE_001,dados_intermediarios/processed/irlanda/IE_001.md,36,28,0.8214,0,LOW_TEXT
JP_001,dados_intermediarios/processed/japao/JP_001.md,1,34,0.7647,0,LOW_TEXT
JP_001,dados_intermediarios/processed/japao/JP_001.md,3,1047,0.32,0,OK
JP_001,dados_intermediarios/processed/japao/JP_001.md,4,1119,0.8776,0,OK
JP_001,dados_intermediarios/processed/japao/JP_001.md,5,1234,0.893,0,OK
JP_001,dados_intermediarios/processed/japao/JP_001.md,6,1065,0.8901,0,OK
JP_001,dados_intermediarios/processed/japao/JP_001.md,7,1279,0.896,0,OK
JP_001,dados_intermediarios/processed/japao/JP_001.md,8,762,0.8832,0,OK
JP_001,dados_intermediarios/processed/japao/JP_001.md,9,1350,0.9111,0,OK
JP_001,dados_intermediarios/processed/japao/JP_001.md,10,1594,0.9191,0,OK
JP_001,dados_intermediarios/processed/japao/JP_001.md,11,1548,0.9025,0,OK
JP_001,dados_intermediarios/processed/japao/JP_001.md,12,584,0.8784,0,OK
JP_001,dados_intermediarios/processed/japao/JP_001.md,13,935,0.7957,0,OK
JP_001,dados_intermediarios/processed/japao/JP_001.md,14,1260,0.7968,0,OK
JP_001,dados_intermediarios/processed/japao/JP_001.md,15,284,0.8134,0,OK
JP_001,dados_intermediarios/processed/japao/JP_001.md,17,154,0.6364,0,OK
JP_001,dados_intermediarios/processed/japao/JP_001.md,18,562,0.6708,0,OK
JP_001,dados_intermediarios/processed/japao/JP_001.md,19,1318,0.9158,0,OK
JP_001,dados_intermediarios/processed/japao/JP_001.md,20,2,1.0,0,LOW_TEXT
JP_001,dados_intermediarios/processed/japao/JP_001.md,21,1649,0.8975,0,OK
JP_001,dados_intermediarios/processed/japao/JP_001.md,22,1483,0.884,0,OK
JP_001,dados_intermediarios/processed/japao/JP_001.md,23,802,0.6546,0,OK
JP_001,dados_intermediarios/processed/japao/JP_001.md,24,1613,0.7867,0,OK
JP_001,dados_intermediarios/processed/japao/JP_001.md,25,1560,0.8218,0,OK
JP_001,dados_intermediarios/processed/japao/JP_001.md,26,1640,0.8713,0,OK
JP_001,dados_intermediarios/processed/japao/JP_001.md,27,1658,0.8963,0,OK
JP_001,dados_intermediarios/processed/japao/JP_001.md,28,1642,0.8849,0,OK
JP_001,dados_intermediarios/processed/japao/JP_001.md,29,1400,0.86,0,OK
JP_001,dados_intermediarios/processed/japao/JP_001.md,30,1470,0.8823,0,OK
JP_001,dados_intermediarios/processed/japao/JP_001.md,31,1543,0.8924,0,OK
JP_001,dados_intermediarios/processed/japao/JP_001.md,32,1582,0.8963,0,OK
JP_001,dados_intermediarios/processed/japao/JP_001.md,33,1533,0.8937,0,OK
JP_001,dados_intermediarios/processed/japao/JP_001.md,34,556,0.9173,0,OK
JP_001,dados_intermediarios/processed/japao/JP_001.md,35,1131,0.8585,0,OK
JP_001,dados_intermediarios/processed/japao/JP_001.md,36,1360,0.8662,0,OK
JP_001,dados_intermediarios/processed/japao/JP_001.md,37,1376,0.8227,0,OK
JP_001,dados_intermediarios/processed/japao/JP_001.md,38,1283,0.8628,0,OK
JP_001,dados_intermediarios/processed/japao/JP_001.md,39,1438,0.8449,0,OK
JP_001,dados_intermediarios/processed/japao/JP_001.md,40,1388,0.8494,0,OK
JP_001,dados_intermediarios/processed/japao/JP_001.md,41,1302,0.8725,0,OK
JP_001,dados_intermediarios/processed/japao/JP_001.md,42,1275,0.8447,0,OK
JP_001,dados_intermediarios/processed/japao/JP_001.md,43,1389,0.8683,0,OK
JP_001,dados_intermediarios/processed/japao/JP_001.md,44,1306,0.8377,0,OK
JP_001,dados_intermediarios/processed/japao/JP_001.md,45,1408,0.8771,0,OK
JP_001,dados_intermediarios/processed/japao/JP_001.md,46,1298,0.8405,0,OK
JP_001,dados_intermediarios/processed/japao/JP_001.md,47,1247,0.8685,0,OK
JP_001,dados_intermediarios/processed/japao/JP_001.md,48,1350,0.8548,0,OK
JP_001,dados_intermediarios/processed/japao/JP_001.md,49,1069,0.8316,0,OK
JP_001,dados_intermediarios/processed/japao/JP_001.md,50,1224,0.8848,0,OK
JP_001,dados_intermediarios/processed/japao/JP_001.md,51,1357,0.8585,0,OK
JP_001,dados_intermediarios/processed/japao/JP_001.md,52,1406,0.8777,0,OK
JP_001,dados_intermediarios/processed/japao/JP_001.md,53,1664,0.8942,0,OK
JP_001,dados_intermediarios/processed/japao/JP_001.md,54,1344,0.8668,0,OK
JP_001,dados_intermediarios/processed/japao/JP_001.md,55,1351,0.8475,0,OK
JP_001,dados_intermediarios/processed/japao/JP_001.md,56,1376,0.8685,0,OK
JP_001,dados_intermediarios/processed/japao/JP_001.md,57,1447,0.8708,0,OK
JP_001,dados_intermediarios/processed/japao/JP_001.md,58,1300,0.8777,0,OK
JP_001,dados_intermediarios/processed/japao/JP_001.md,59,1321,0.8539,0,OK
JP_001,dados_intermediarios/processed/japao/JP_001.md,60,1420,0.8655,0,OK
JP_001,dados_intermediarios/processed/japao/JP_001.md,61,1397,0.8576,0,OK
JP_001,dados_intermediarios/processed/japao/JP_001.md,62,1419,0.8668,0,OK
JP_001,dados_intermediarios/processed/japao/JP_001.md,63,1558,0.8723,0,OK
JP_001,dados_intermediarios/processed/japao/JP_001.md,64,1770,0.8797,0,OK
JP_001,dados_intermediarios/processed/japao/JP_001.md,65,1298,0.8606,0,OK
JP_001,dados_intermediarios/processed/japao/JP_001.md,66,1359,0.8366,0,OK
JP_001,dados_intermediarios/processed/japao/JP_001.md,67,1345,0.8409,0,OK
JP_001,dados_intermediarios/processed/japao/JP_001.md,68,1373,0.8398,0,OK
JP_001,dados_intermediarios/processed/japao/JP_001.md,69,1483,0.8624,0,OK
JP_001,dados_intermediarios/processed/japao/JP_001.md,70,1687,0.8939,0,OK
JP_001,dados_intermediarios/processed/japao/JP_001.md,71,1647,0.8379,0,OK
JP_001,dados_intermediarios/processed/japao/JP_001.md,72,1298,0.8613,0,OK
JP_001,dados_intermediarios/processed/japao/JP_001.md,73,1446,0.8596,0,OK
JP_001,dados_intermediarios/processed/japao/JP_001.md,74,1491,0.8638,0,OK
JP_001,dados_intermediarios/processed/japao/JP_001.md,75,1520,0.8691,0,OK
JP_001,dados_intermediarios/processed/japao/JP_001.md,76,1449,0.8751,0,OK
JP_001,dados_intermediarios/processed/japao/JP_001.md,77,1479,0.8742,0,OK
JP_001,dados_intermediarios/processed/japao/JP_001.md,78,1636,0.871,0,OK
JP_001,dados_intermediarios/processed/japao/JP_001.md,79,1571,0.8803,0,OK
JP_001,dados_intermediarios/processed/japao/JP_001.md,80,598,0.8963,0,OK
JP_001,dados_intermediarios/processed/japao/JP_001.md,81,1270,0.885,0,OK
JP_001,dados_intermediarios/processed/japao/JP_001.md,82,1544,0.8782,0,OK
JP_001,dados_intermediarios/processed/japao/JP_001.md,83,1645,0.8839,0,OK
JP_001,dados_intermediarios/processed/japao/JP_001.md,84,1616,0.8756,0,OK
JP_001,dados_intermediarios/processed/japao/JP_001.md,85,1800,0.8833,0,OK
JP_001,dados_intermediarios/processed/japao/JP_001.md,86,1354,0.8796,0,OK
JP_001,dados_intermediarios/processed/japao/JP_001.md,87,1389,0.8769,0,OK
JP_001,dados_intermediarios/processed/japao/JP_001.md,88,1673,0.8673,0,OK
JP_001,dados_intermediarios/processed/japao/JP_001.md,89,1431,0.8707,0,OK
JP_001,dados_intermediarios/processed/japao/JP_001.md,90,1477,0.868,0,OK
JP_001,dados_intermediarios/processed/japao/JP_001.md,91,1622,0.8545,0,OK
JP_001,dados_intermediarios/processed/japao/JP_001.md,92,1608,0.8831,0,OK
JP_001,dados_intermediarios/processed/japao/JP_001.md,93,1144,0.8601,0,OK
JP_001,dados_intermediarios/processed/japao/JP_001.md,94,1322,0.8563,0,OK
JP_001,dados_intermediarios/processed/japao/JP_001.md,95,1372,0.8469,0,OK
JP_001,dados_intermediarios/processed/japao/JP_001.md,96,1286,0.8468,0,OK
JP_001,dados_intermediarios/processed/japao/JP_001.md,97,1272,0.8483,0,OK
JP_001,dados_intermediarios/processed/japao/JP_001.md,98,1342,0.8428,0,OK
JP_001,dados_intermediarios/processed/japao/JP_001.md,99,1290,0.8527,0,OK
JP_001,dados_intermediarios/processed/japao/JP_001.md,100,1245,0.8394,0,OK
JP_001,dados_intermediarios/processed/japao/JP_001.md,101,1194,0.8467,0,OK
JP_001,dados_intermediarios/processed/japao/JP_001.md,102,1275,0.8408,0,OK
JP_001,dados_intermediarios/processed/japao/JP_001.md,103,1217,0.8455,0,OK
JP_001,dados_intermediarios/processed/japao/JP_001.md,104,1364,0.835,0,OK
JP_001,dados_intermediarios/processed/japao/JP_001.md,105,1047,0.851,0,OK
JP_001,dados_intermediarios/processed/japao/JP_001.md,106,1271,0.8513,0,OK
JP_001,dados_intermediarios/processed/japao/JP_001.md,107,1479,0.854,0,OK
JP_001,dados_intermediarios/processed/japao/JP_001.md,108,1037,0.8486,0,OK
JP_001,dados_intermediarios/processed/japao/JP_001.md,109,1363,0.8364,0,OK
JP_001,dados_intermediarios/processed/japao/JP_001.md,110,1064,0.8365,0,OK
JP_001,dados_intermediarios/processed/japao/JP_001.md,111,891,0.8283,0,OK
JP_001,dados_intermediarios/processed/japao/JP_001.md,112,871,0.8255,0,OK
JP_001,dados_intermediarios/processed/japao/JP_001.md,113,1557,0.8163,0,OK
JP_001,dados_intermediarios/processed/japao/JP_001.md,114,1015,0.8404,0,OK
JP_001,dados_intermediarios/processed/japao/JP_001.md,115,1013,0.8391,0,OK
JP_001,dados_intermediarios/processed/japao/JP_001.md,116,1363,0.8283,0,OK
JP_001,dados_intermediarios/processed/japao/JP_001.md,117,1068,0.8539,0,OK
JP_001,dados_intermediarios/processed/japao/JP_001.md,118,970,0.8423,0,OK
JP_001,dados_intermediarios/processed/japao/JP_001.md,119,1572,0.8308,0,OK
JP_001,dados_intermediarios/processed/japao/JP_001.md,120,1076,0.8587,0,OK
JP_001,dados_intermediarios/processed/japao/JP_001.md,121,1495,0.8582,0,OK
JP_001,dados_intermediarios/processed/japao/JP_001.md,122,1072,0.8377,0,OK
JP_001,dados_intermediarios/processed/japao/JP_001.md,123,1011,0.8546,0,OK
JP_001,dados_intermediarios/processed/japao/JP_001.md,124,1016,0.8543,0,OK
JP_001,dados_intermediarios/processed/japao/JP_001.md,125,1684,0.8314,0,OK
JP_001,dados_intermediarios/processed/japao/JP_001.md,126,1040,0.8529,0,OK
JP_001,dados_intermediarios/processed/japao/JP_001.md,127,1347,0.8582,0,OK
JP_001,dados_intermediarios/processed/japao/JP_001.md,128,1200,0.8358,0,OK
JP_001,dados_intermediarios/processed/japao/JP_001.md,129,974,0.8511,0,OK
JP_001,dados_intermediarios/processed/japao/JP_001.md,130,1006,0.8419,0,OK
JP_001,dados_intermediarios/processed/japao/JP_001.md,131,1695,0.8236,0,OK
JP_001,dados_intermediarios/processed/japao/JP_001.md,132,986,0.857,0,OK
JP_001,dados_intermediarios/processed/japao/JP_001.md,133,1175,0.8689,0,OK
JP_001,dados_intermediarios/processed/japao/JP_001.md,134,1520,0.8862,0,OK
JP_001,dados_intermediarios/processed/japao/JP_001.md,135,1496,0.8797,0,OK
JP_001,dados_intermediarios/processed/japao/JP_001.md,136,1587,0.8834,0,OK
JP_001,dados_intermediarios/processed/japao/JP_001.md,137,1499,0.8512,0,OK
JP_001,dados_intermediarios/processed/japao/JP_001.md,138,1614,0.8538,0,OK
JP_001,dados_intermediarios/processed/japao/JP_001.md,139,1186,0.8668,0,OK
JP_001,dados_intermediarios/processed/japao/JP_001.md,140,1348,0.8813,0,OK
JP_001,dados_intermediarios/processed/japao/JP_001.md,141,1531,0.8419,0,OK
JP_001,dados_intermediarios/processed/japao/JP_001.md,142,757,0.8639,0,OK
JP_001,dados_intermediarios/processed/japao/JP_001.md,143,993,0.8459,0,OK
JP_001,dados_intermediarios/processed/japao/JP_001.md,144,1163,0.8478,0,OK
JP_001,dados_intermediarios/processed/japao/JP_001.md,145,1520,0.8368,0,OK
JP_001,dados_intermediarios/processed/japao/JP_001.md,146,1139,0.8464,0,OK
JP_001,dados_intermediarios/processed/japao/JP_001.md,147,1184,0.8345,0,OK
JP_001,dados_intermediarios/processed/japao/JP_001.md,148,1158,0.8541,0,OK
JP_001,dados_intermediarios/processed/japao/JP_001.md,149,1193,0.8064,0,OK
JP_001,dados_intermediarios/processed/japao/JP_001.md,150,1355,0.8509,0,OK
JP_001,dados_intermediarios/processed/japao/JP_001.md,151,1359,0.8536,0,OK
JP_001,dados_intermediarios/processed/japao/JP_001.md,152,1280,0.8445,0,OK
JP_001,dados_intermediarios/processed/japao/JP_001.md,153,1230,0.8577,0,OK
JP_001,dados_intermediarios/processed/japao/JP_001.md,154,1253,0.842,0,OK
JP_001,dados_intermediarios/processed/japao/JP_001.md,155,1318,0.8437,0,OK
JP_001,dados_intermediarios/processed/japao/JP_001.md,156,1285,0.8576,0,OK
JP_001,dados_intermediarios/processed/japao/JP_001.md,157,1319,0.8469,0,OK
JP_001,dados_intermediarios/processed/japao/JP_001.md,158,1227,0.8394,0,OK
JP_001,dados_intermediarios/processed/japao/JP_001.md,159,1099,0.8235,0,OK
JP_001,dados_intermediarios/processed/japao/JP_001.md,160,1298,0.7974,0,OK
JP_001,dados_intermediarios/processed/japao/JP_001.md,161,1214,0.8369,0,OK
JP_001,dados_intermediarios/processed/japao/JP_001.md,162,1145,0.8,0,OK
JP_001,dados_intermediarios/processed/japao/JP_001.md,163,1160,0.8422,0,OK
JP_001,dados_intermediarios/processed/japao/JP_001.md,164,1134,0.8263,0,OK
JP_001,dados_intermediarios/processed/japao/JP_001.md,165,1262,0.8574,0,OK
JP_001,dados_intermediarios/processed/japao/JP_001.md,166,1135,0.8555,0,OK
JP_001,dados_intermediarios/processed/japao/JP_001.md,167,1294,0.8764,0,OK
JP_001,dados_intermediarios/processed/japao/JP_001.md,168,1271,0.8387,0,OK
JP_001,dados_intermediarios/processed/japao/JP_001.md,169,949,0.6776,0,OK
JP_001,dados_intermediarios/processed/japao/JP_001.md,170,1401,0.8601,0,OK
JP_001,dados_intermediarios/processed/japao/JP_001.md,171,1490,0.8752,0,OK
JP_001,dados_intermediarios/processed/japao/JP_001.md,172,1345,0.8714,0,OK
JP_001,dados_intermediarios/processed/japao/JP_001.md,173,1430,0.8608,0,OK
JP_001,dados_intermediarios/processed/japao/JP_001.md,174,1313,0.8599,0,OK
JP_001,dados_intermediarios/processed/japao/JP_001.md,175,1420,0.8803,0,OK
JP_001,dados_intermediarios/processed/japao/JP_001.md,176,1315,0.8791,0,OK
JP_001,dados_intermediarios/processed/japao/JP_001.md,177,1384,0.8649,0,OK
JP_001,dados_intermediarios/processed/japao/JP_001.md,178,1386,0.873,0,OK
JP_001,dados_intermediarios/processed/japao/JP_001.md,179,1424,0.8659,0,OK
JP_001,dados_intermediarios/processed/japao/JP_001.md,180,1375,0.8727,0,OK
JP_001,dados_intermediarios/processed/japao/JP_001.md,181,1734,0.8772,0,OK
JP_001,dados_intermediarios/processed/japao/JP_001.md,182,846,0.8818,0,OK
JP_001,dados_intermediarios/processed/japao/JP_001.md,183,1168,0.8622,0,OK
JP_001,dados_intermediarios/processed/japao/JP_001.md,184,1289,0.8704,0,OK
JP_001,dados_intermediarios/processed/japao/JP_001.md,185,1400,0.88,0,OK
JP_001,dados_intermediarios/processed/japao/JP_001.md,186,1334,0.8553,0,OK
JP_001,dados_intermediarios/processed/japao/JP_001.md,187,1406,0.8677,0,OK
JP_001,dados_intermediarios/processed/japao/JP_001.md,188,1278,0.8623,0,OK
JP_001,dados_intermediarios/processed/japao/JP_001.md,189,1490,0.8812,0,OK
JP_001,dados_intermediarios/processed/japao/JP_001.md,190,1510,0.855,0,OK
JP_001,dados_intermediarios/processed/japao/JP_001.md,191,180,0.8556,0,OK
JP_001,dados_intermediarios/processed/japao/JP_001.md,192,1129,0.8592,0,OK
JP_001,dados_intermediarios/processed/japao/JP_001.md,193,1410,0.873,0,OK
JP_001,dados_intermediarios/processed/japao/JP_001.md,194,1434,0.848,0,OK
JP_001,dados_intermediarios/processed/japao/JP_001.md,195,1327,0.8553,0,OK
JP_001,dados_intermediarios/processed/japao/JP_001.md,196,1574,0.859,0,OK
JP_001,dados_intermediarios/processed/japao/JP_001.md,197,1041,0.8703,0,OK
JP_001,dados_intermediarios/processed/japao/JP_001.md,198,984,0.8476,0,OK
JP_001,dados_intermediarios/processed/japao/JP_001.md,199,1016,0.8366,0,OK
JP_001,dados_intermediarios/processed/japao/JP_001.md,200,1432,0.8554,0,OK
JP_001,dados_intermediarios/processed/japao/JP_001.md,201,814,0.828,0,OK
JP_001,dados_intermediarios/processed/japao/JP_001.md,202,1273,0.839,0,OK
JP_001,dados_intermediarios/processed/japao/JP_001.md,203,1025,0.8341,0,OK
JP_001,dados_intermediarios/processed/japao/JP_001.md,204,1105,0.8371,0,OK
JP_001,dados_intermediarios/processed/japao/JP_001.md,205,1143,0.8469,0,OK
JP_001,dados_intermediarios/processed/japao/JP_001.md,206,1060,0.8113,0,OK
JP_001,dados_intermediarios/processed/japao/JP_001.md,207,907,0.8093,0,OK
JP_001,dados_intermediarios/processed/japao/JP_001.md,208,939,0.8083,0,OK
JP_001,dados_intermediarios/processed/japao/JP_001.md,209,1169,0.8195,0,OK
JP_001,dados_intermediarios/processed/japao/JP_001.md,210,1031,0.805,0,OK
JP_001,dados_intermediarios/processed/japao/JP_001.md,211,717,0.795,0,OK
JP_001,dados_intermediarios/processed/japao/JP_001.md,212,1264,0.8307,0,OK
JP_001,dados_intermediarios/processed/japao/JP_001.md,213,1147,0.8038,0,OK
JP_001,dados_intermediarios/processed/japao/JP_001.md,214,1066,0.8002,0,OK
JP_001,dados_intermediarios/processed/japao/JP_001.md,215,894,0.8154,0,OK
JP_001,dados_intermediarios/processed/japao/JP_001.md,216,1042,0.8244,0,OK
JP_001,dados_intermediarios/processed/japao/JP_001.md,217,1183,0.8478,0,OK
JP_001,dados_intermediarios/processed/japao/JP_001.md,218,1214,0.8353,0,OK
JP_001,dados_intermediarios/processed/japao/JP_001.md,219,699,0.7897,0,OK
JP_001,dados_intermediarios/processed/japao/JP_001.md,220,1334,0.8261,0,OK
JP_001,dados_intermediarios/processed/japao/JP_001.md,221,996,0.8072,0,OK
JP_001,dados_intermediarios/processed/japao/JP_001.md,222,917,0.8015,0,OK
JP_001,dados_intermediarios/processed/japao/JP_001.md,223,953,0.8132,0,OK
JP_001,dados_intermediarios/processed/japao/JP_001.md,224,1141,0.8221,0,OK
JP_001,dados_intermediarios/processed/japao/JP_001.md,225,989,0.7998,0,OK
JP_001,dados_intermediarios/processed/japao/JP_001.md,226,762,0.794,0,OK
JP_001,dados_intermediarios/processed/japao/JP_001.md,227,1195,0.8151,0,OK
JP_001,dados_intermediarios/processed/japao/JP_001.md,228,989,0.8028,0,OK
JP_001,dados_intermediarios/processed/japao/JP_001.md,229,822,0.8163,0,OK
JP_001,dados_intermediarios/processed/japao/JP_001.md,230,1105,0.8118,0,OK
JP_001,dados_intermediarios/processed/japao/JP_001.md,231,1123,0.8219,0,OK
JP_001,dados_intermediarios/processed/japao/JP_001.md,232,956,0.8033,0,OK
JP_001,dados_intermediarios/processed/japao/JP_001.md,233,910,0.811,0,OK
JP_001,dados_intermediarios/processed/japao/JP_001.md,234,1285,0.8257,0,OK
JP_001,dados_intermediarios/processed/japao/JP_001.md,235,835,0.7916,0,OK
JP_001,dados_intermediarios/processed/japao/JP_001.md,236,882,0.7993,0,OK
JP_001,dados_intermediarios/processed/japao/JP_001.md,237,1214,0.8196,0,OK
JP_001,dados_intermediarios/processed/japao/JP_001.md,238,988,0.8178,0,OK
JP_001,dados_intermediarios/processed/japao/JP_001.md,239,853,0.8195,0,OK
JP_001,dados_intermediarios/processed/japao/JP_001.md,240,1200,0.8333,0,OK
JP_001,dados_intermediarios/processed/japao/JP_001.md,241,1120,0.8277,0,OK
JP_001,dados_intermediarios/processed/japao/JP_001.md,242,718,0.8677,0,OK
JP_001,dados_intermediarios/processed/japao/JP_001.md,243,852,0.8251,0,OK
JP_001,dados_intermediarios/processed/japao/JP_001.md,244,1266,0.8476,0,OK
JP_001,dados_intermediarios/processed/japao/JP_001.md,245,1083,0.8366,0,OK
JP_001,dados_intermediarios/processed/japao/JP_001.md,246,1023,0.8358,0,OK
JP_001,dados_intermediarios/processed/japao/JP_001.md,247,1234,0.8647,0,OK
JP_001,dados_intermediarios/processed/japao/JP_001.md,248,807,0.8055,0,OK
JP_001,dados_intermediarios/processed/japao/JP_001.md,249,1237,0.844,0,OK
JP_001,dados_intermediarios/processed/japao/JP_001.md,250,778,0.8085,0,OK
JP_001,dados_intermediarios/processed/japao/JP_001.md,251,991,0.8204,0,OK
JP_001,dados_intermediarios/processed/japao/JP_001.md,252,1043,0.8265,0,OK
JP_001,dados_intermediarios/processed/japao/JP_001.md,253,974,0.8152,0,OK
JP_001,dados_intermediarios/processed/japao/JP_001.md,254,1115,0.8233,0,OK
JP_001,dados_intermediarios/processed/japao/JP_001.md,255,1039,0.821,0,OK
JP_001,dados_intermediarios/processed/japao/JP_001.md,256,895,0.8123,0,OK
JP_001,dados_intermediarios/processed/japao/JP_001.md,257,759,0.8129,0,OK
JP_001,dados_intermediarios/processed/japao/JP_001.md,258,854,0.8009,0,OK
JP_001,dados_intermediarios/processed/japao/JP_001.md,259,1108,0.833,0,OK
JP_001,dados_intermediarios/processed/japao/JP_001.md,260,900,0.8167,0,OK
JP_001,dados_intermediarios/processed/japao/JP_001.md,261,962,0.7921,0,OK
JP_001,dados_intermediarios/processed/japao/JP_001.md,262,986,0.8185,0,OK
JP_001,dados_intermediarios/processed/japao/JP_001.md,263,846,0.8002,0,OK
JP_001,dados_intermediarios/processed/japao/JP_001.md,264,758,0.781,0,OK
JP_001,dados_intermediarios/processed/japao/JP_001.md,265,844,0.7962,0,OK
JP_001,dados_intermediarios/processed/japao/JP_001.md,266,1039,0.821,0,OK
JP_001,dados_intermediarios/processed/japao/JP_001.md,267,979,0.8264,0,OK
JP_001,dados_intermediarios/processed/japao/JP_001.md,268,906,0.8179,0,OK
JP_001,dados_intermediarios/processed/japao/JP_001.md,269,1106,0.8327,0,OK
JP_001,dados_intermediarios/processed/japao/JP_001.md,270,959,0.829,0,OK
JP_001,dados_intermediarios/processed/japao/JP_001.md,271,1141,0.8457,0,OK
JP_001,dados_intermediarios/processed/japao/JP_001.md,272,1144,0.8523,0,OK
JP_001,dados_intermediarios/processed/japao/JP_001.md,273,1071,0.8375,0,OK
JP_001,dados_intermediarios/processed/japao/JP_001.md,274,976,0.8105,0,OK
JP_001,dados_intermediarios/processed/japao/JP_001.md,275,749,0.777,0,OK
JP_001,dados_intermediarios/processed/japao/JP_001.md,276,854,0.8208,0,OK
JP_001,dados_intermediarios/processed/japao/JP_001.md,277,1031,0.8215,0,OK
JP_001,dados_intermediarios/processed/japao/JP_001.md,278,933,0.8124,0,OK
JP_001,dados_intermediarios/processed/japao/JP_001.md,279,999,0.8278,0,OK
JP_001,dados_intermediarios/processed/japao/JP_001.md,280,892,0.8061,0,OK
JP_001,dados_intermediarios/processed/japao/JP_001.md,281,991,0.8163,0,OK
JP_001,dados_intermediarios/processed/japao/JP_001.md,282,832,0.8137,0,OK
JP_001,dados_intermediarios/processed/japao/JP_001.md,283,1033,0.8074,0,OK
JP_001,dados_intermediarios/processed/japao/JP_001.md,284,967,0.817,0,OK
JP_001,dados_intermediarios/processed/japao/JP_001.md,285,906,0.8245,0,OK
JP_001,dados_intermediarios/processed/japao/JP_001.md,286,1112,0.8381,0,OK
JP_001,dados_intermediarios/processed/japao/JP_001.md,287,853,0.8042,0,OK
JP_001,dados_intermediarios/processed/japao/JP_001.md,288,823,0.8056,0,OK
JP_001,dados_intermediarios/processed/japao/JP_001.md,289,970,0.8247,0,OK
JP_001,dados_intermediarios/processed/japao/JP_001.md,290,1123,0.8388,0,OK
JP_001,dados_intermediarios/processed/japao/JP_001.md,291,1008,0.8095,0,OK
JP_001,dados_intermediarios/processed/japao/JP_001.md,292,873,0.8305,0,OK
JP_001,dados_intermediarios/processed/japao/JP_001.md,293,934,0.8158,0,OK
JP_001,dados_intermediarios/processed/japao/JP_001.md,294,957,0.8182,0,OK
JP_001,dados_intermediarios/processed/japao/JP_001.md,295,939,0.804,0,OK
JP_001,dados_intermediarios/processed/japao/JP_001.md,296,815,0.8,0,OK
JP_001,dados_intermediarios/processed/japao/JP_001.md,297,848,0.809,0,OK
JP_001,dados_intermediarios/processed/japao/JP_001.md,298,782,0.7852,0,OK
JP_001,dados_intermediarios/processed/japao/JP_001.md,299,932,0.8058,0,OK
JP_001,dados_intermediarios/processed/japao/JP_001.md,300,1130,0.831,0,OK
JP_001,dados_intermediarios/processed/japao/JP_001.md,301,934,0.8105,0,OK
JP_001,dados_intermediarios/processed/japao/JP_001.md,302,945,0.8254,0,OK
JP_001,dados_intermediarios/processed/japao/JP_001.md,303,879,0.8134,0,OK
JP_001,dados_intermediarios/processed/japao/JP_001.md,304,830,0.8012,0,OK
JP_001,dados_intermediarios/processed/japao/JP_001.md,305,960,0.8104,0,OK
JP_001,dados_intermediarios/processed/japao/JP_001.md,306,1043,0.8198,0,OK
JP_001,dados_intermediarios/processed/japao/JP_001.md,307,995,0.806,0,OK
JP_001,dados_intermediarios/processed/japao/JP_001.md,308,889,0.8088,0,OK
JP_001,dados_intermediarios/processed/japao/JP_001.md,309,907,0.8203,0,OK
JP_001,dados_intermediarios/processed/japao/JP_001.md,310,921,0.8339,0,OK
JP_001,dados_intermediarios/processed/japao/JP_001.md,311,853,0.8511,0,OK
JP_001,dados_intermediarios/processed/japao/JP_001.md,312,816,0.8321,0,OK
JP_001,dados_intermediarios/processed/japao/JP_001.md,313,1254,0.8477,0,OK
JP_001,dados_intermediarios/processed/japao/JP_001.md,314,1035,0.8367,0,OK
JP_001,dados_intermediarios/processed/japao/JP_001.md,315,1027,0.8384,0,OK
JP_001,dados_intermediarios/processed/japao/JP_001.md,316,1208,0.8568,0,OK
JP_001,dados_intermediarios/processed/japao/JP_001.md,317,883,0.8301,0,OK
JP_001,dados_intermediarios/processed/japao/JP_001.md,318,986,0.8205,0,OK
JP_001,dados_intermediarios/processed/japao/JP_001.md,319,1256,0.8654,0,OK
JP_001,dados_intermediarios/processed/japao/JP_001.md,320,1041,0.8482,0,OK
JP_001,dados_intermediarios/processed/japao/JP_001.md,321,974,0.847,0,OK
JP_001,dados_intermediarios/processed/japao/JP_001.md,322,980,0.8296,0,OK
JP_001,dados_intermediarios/processed/japao/JP_001.md,323,1137,0.8461,0,OK
JP_001,dados_intermediarios/processed/japao/JP_001.md,324,1066,0.849,0,OK
JP_001,dados_intermediarios/processed/japao/JP_001.md,325,819,0.823,0,OK
JP_001,dados_intermediarios/processed/japao/JP_001.md,326,956,0.8169,0,OK
JP_001,dados_intermediarios/processed/japao/JP_001.md,327,1221,0.8591,0,OK
JP_001,dados_intermediarios/processed/japao/JP_001.md,328,1101,0.852,0,OK
JP_001,dados_intermediarios/processed/japao/JP_001.md,329,924,0.8258,0,OK
JP_001,dados_intermediarios/processed/japao/JP_001.md,330,1187,0.8484,0,OK
JP_001,dados_intermediarios/processed/japao/JP_001.md,331,921,0.8176,0,OK
JP_001,dados_intermediarios/processed/japao/JP_001.md,332,1089,0.8577,0,OK
JP_001,dados_intermediarios/processed/japao/JP_001.md,333,1065,0.8507,0,OK
JP_001,dados_intermediarios/processed/japao/JP_001.md,334,1196,0.852,0,OK
JP_001,dados_intermediarios/processed/japao/JP_001.md,335,1033,0.8451,0,OK
JP_001,dados_intermediarios/processed/japao/JP_001.md,336,1106,0.8644,0,OK
JP_001,dados_intermediarios/processed/japao/JP_001.md,337,1107,0.8591,0,OK
JP_001,dados_intermediarios/processed/japao/JP_001.md,338,1109,0.8566,0,OK
JP_001,dados_intermediarios/processed/japao/JP_001.md,339,842,0.8349,0,OK
JP_001,dados_intermediarios/processed/japao/JP_001.md,340,1155,0.8433,0,OK
JP_001,dados_intermediarios/processed/japao/JP_001.md,341,1151,0.8315,0,OK
JP_001,dados_intermediarios/processed/japao/JP_001.md,342,997,0.8405,0,OK
JP_001,dados_intermediarios/processed/japao/JP_001.md,343,1048,0.833,0,OK
JP_001,dados_intermediarios/processed/japao/JP_001.md,344,998,0.8136,0,OK
JP_001,dados_intermediarios/processed/japao/JP_001.md,345,1023,0.824,0,OK
JP_001,dados_intermediarios/processed/japao/JP_001.md,346,932,0.8036,0,OK
JP_001,dados_intermediarios/processed/japao/JP_001.md,347,609,0.7668,0,OK
JP_001,dados_intermediarios/processed/japao/JP_001.md,348,1048,0.8177,0,OK
JP_001,dados_intermediarios/processed/japao/JP_001.md,349,664,0.7696,0,OK
JP_001,dados_intermediarios/processed/japao/JP_001.md,350,738,0.7995,0,OK
JP_001,dados_intermediarios/processed/japao/JP_001.md,351,904,0.8131,0,OK
JP_001,dados_intermediarios/processed/japao/JP_001.md,352,856,0.8014,0,OK
JP_001,dados_intermediarios/processed/japao/JP_001.md,353,696,0.7816,0,OK
JP_001,dados_intermediarios/processed/japao/JP_001.md,354,825,0.8121,0,OK
JP_001,dados_intermediarios/processed/japao/JP_001.md,355,918,0.8039,0,OK
JP_001,dados_intermediarios/processed/japao/JP_001.md,356,1037,0.8226,0,OK
JP_001,dados_intermediarios/processed/japao/JP_001.md,357,975,0.8082,0,OK
JP_001,dados_intermediarios/processed/japao/JP_001.md,358,843,0.8185,0,OK
JP_001,dados_intermediarios/processed/japao/JP_001.md,359,986,0.8316,0,OK
JP_001,dados_intermediarios/processed/japao/JP_001.md,360,937,0.8132,0,OK
JP_001,dados_intermediarios/processed/japao/JP_001.md,361,789,0.7896,0,OK
JP_001,dados_intermediarios/processed/japao/JP_001.md,362,802,0.8105,0,OK
JP_001,dados_intermediarios/processed/japao/JP_001.md,363,954,0.8166,0,OK
JP_001,dados_intermediarios/processed/japao/JP_001.md,364,935,0.8053,0,OK
JP_001,dados_intermediarios/processed/japao/JP_001.md,365,833,0.8055,0,OK
JP_001,dados_intermediarios/processed/japao/JP_001.md,366,917,0.8037,0,OK
JP_001,dados_intermediarios/processed/japao/JP_001.md,367,920,0.8663,0,OK
JP_001,dados_intermediarios/processed/japao/JP_001.md,368,903,0.8461,0,OK
JP_001,dados_intermediarios/processed/japao/JP_001.md,369,1202,0.8419,0,OK
JP_001,dados_intermediarios/processed/japao/JP_001.md,370,1026,0.8372,0,OK
JP_001,dados_intermediarios/processed/japao/JP_001.md,371,1139,0.8472,0,OK
JP_001,dados_intermediarios/processed/japao/JP_001.md,372,1122,0.8431,0,OK
JP_001,dados_intermediarios/processed/japao/JP_001.md,373,1048,0.8263,0,OK
JP_001,dados_intermediarios/processed/japao/JP_001.md,374,1065,0.8366,0,OK
JP_001,dados_intermediarios/processed/japao/JP_001.md,375,974,0.8378,0,OK
JP_001,dados_intermediarios/processed/japao/JP_001.md,376,1061,0.8426,0,OK
JP_001,dados_intermediarios/processed/japao/JP_001.md,377,1330,0.8481,0,OK
JP_001,dados_intermediarios/processed/japao/JP_001.md,378,867,0.8028,0,OK
JP_001,dados_intermediarios/processed/japao/JP_001.md,379,839,0.8033,0,OK
JP_001,dados_intermediarios/processed/japao/JP_001.md,380,722,0.7659,0,OK
JP_001,dados_intermediarios/processed/japao/JP_001.md,381,1077,0.8273,0,OK
JP_001,dados_intermediarios/processed/japao/JP_001.md,382,1029,0.8183,0,OK
JP_001,dados_intermediarios/processed/japao/JP_001.md,383,980,0.8153,0,OK
JP_001,dados_intermediarios/processed/japao/JP_001.md,384,986,0.8164,0,OK
JP_001,dados_intermediarios/processed/japao/JP_001.md,385,821,0.7954,0,OK
JP_001,dados_intermediarios/processed/japao/JP_001.md,386,880,0.8091,0,OK
JP_001,dados_intermediarios/processed/japao/JP_001.md,387,1158,0.8325,0,OK
JP_001,dados_intermediarios/processed/japao/JP_001.md,388,1015,0.8207,0,OK
JP_001,dados_intermediarios/processed/japao/JP_001.md,389,995,0.808,0,OK
JP_001,dados_intermediarios/processed/japao/JP_001.md,390,778,0.7853,0,OK
JP_001,dados_intermediarios/processed/japao/JP_001.md,391,1209,0.8189,0,OK
JP_001,dados_intermediarios/processed/japao/JP_001.md,392,1012,0.8715,0,OK
JP_001,dados_intermediarios/processed/japao/JP_001.md,393,783,0.8174,0,OK
JP_001,dados_intermediarios/processed/japao/JP_001.md,394,990,0.8172,0,OK
JP_001,dados_intermediarios/processed/japao/JP_001.md,395,869,0.8021,0,OK
JP_001,dados_intermediarios/processed/japao/JP_001.md,396,707,0.7666,0,OK
JP_001,dados_intermediarios/processed/japao/JP_001.md,397,906,0.8157,0,OK
JP_001,dados_intermediarios/processed/japao/JP_001.md,398,798,0.7794,0,OK
JP_001,dados_intermediarios/processed/japao/JP_001.md,399,639,0.7762,0,OK
JP_001,dados_intermediarios/processed/japao/JP_001.md,400,887,0.8072,0,OK
JP_001,dados_intermediarios/processed/japao/JP_001.md,401,912,0.7928,0,OK
JP_001,dados_intermediarios/processed/japao/JP_001.md,402,911,0.8024,0,OK
JP_001,dados_intermediarios/processed/japao/JP_001.md,403,1061,0.819,0,OK
JP_001,dados_intermediarios/processed/japao/JP_001.md,404,943,0.8165,0,OK
JP_001,dados_intermediarios/processed/japao/JP_001.md,405,933,0.8189,0,OK
JP_001,dados_intermediarios/processed/japao/JP_001.md,406,1062,0.8305,0,OK
JP_001,dados_intermediarios/processed/japao/JP_001.md,407,1169,0.8512,0,OK
JP_001,dados_intermediarios/processed/japao/JP_001.md,408,352,0.8665,0,OK
JP_001,dados_intermediarios/processed/japao/JP_001.md,409,857,0.8413,0,OK
JP_001,dados_intermediarios/processed/japao/JP_001.md,410,1286,0.867,0,OK
JP_001,dados_intermediarios/processed/japao/JP_001.md,411,943,0.8335,0,OK
JP_001,dados_intermediarios/processed/japao/JP_001.md,412,1205,0.8656,0,OK
JP_001,dados_intermediarios/processed/japao/JP_001.md,413,1049,0.8484,0,OK
JP_001,dados_intermediarios/processed/japao/JP_001.md,414,1189,0.8511,0,OK
JP_001,dados_intermediarios/processed/japao/JP_001.md,415,1048,0.8426,0,OK
JP_001,dados_intermediarios/processed/japao/JP_001.md,416,1055,0.8464,0,OK
JP_001,dados_intermediarios/processed/japao/JP_001.md,417,1015,0.8493,0,OK
JP_001,dados_intermediarios/processed/japao/JP_001.md,418,1037,0.837,0,OK
JP_001,dados_intermediarios/processed/japao/JP_001.md,419,1188,0.8535,0,OK
JP_001,dados_intermediarios/processed/japao/JP_001.md,420,1067,0.8313,0,OK
JP_001,dados_intermediarios/processed/japao/JP_001.md,421,1122,0.8592,0,OK
JP_001,dados_intermediarios/processed/japao/JP_001.md,422,1297,0.8643,0,OK
JP_001,dados_intermediarios/processed/japao/JP_001.md,423,523,0.8585,0,OK
JP_001,dados_intermediarios/processed/japao/JP_001.md,424,828,0.8321,0,OK
JP_001,dados_intermediarios/processed/japao/JP_001.md,425,1428,0.8732,0,OK
JP_001,dados_intermediarios/processed/japao/JP_001.md,426,1070,0.8467,0,OK
JP_001,dados_intermediarios/processed/japao/JP_001.md,427,1254,0.862,0,OK
JP_001,dados_intermediarios/processed/japao/JP_001.md,428,1005,0.8418,0,OK
JP_001,dados_intermediarios/processed/japao/JP_001.md,429,1289,0.8495,0,OK
JP_001,dados_intermediarios/processed/japao/JP_001.md,430,1051,0.8382,0,OK
JP_001,dados_intermediarios/processed/japao/JP_001.md,431,1088,0.8318,0,OK
JP_001,dados_intermediarios/processed/japao/JP_001.md,432,1129,0.8441,0,OK
JP_001,dados_intermediarios/processed/japao/JP_001.md,433,951,0.8297,0,OK
JP_001,dados_intermediarios/processed/japao/JP_001.md,434,1486,0.8526,0,OK
JP_001,dados_intermediarios/processed/japao/JP_001.md,435,1131,0.8444,0,OK
JP_001,dados_intermediarios/processed/japao/JP_001.md,436,590,0.861,0,OK
JP_001,dados_intermediarios/processed/japao/JP_001.md,437,936,0.8152,0,OK
JP_001,dados_intermediarios/processed/japao/JP_001.md,438,1125,0.7431,0,OK
JP_001,dados_intermediarios/processed/japao/JP_001.md,439,1139,0.7831,0,OK
JP_001,dados_intermediarios/processed/japao/JP_001.md,440,1091,0.7809,0,OK
JP_001,dados_intermediarios/processed/japao/JP_001.md,441,1224,0.7778,0,OK
JP_001,dados_intermediarios/processed/japao/JP_001.md,442,1165,0.776,0,OK
JP_001,dados_intermediarios/processed/japao/JP_001.md,443,1316,0.8404,0,OK
JP_001,dados_intermediarios/processed/japao/JP_001.md,444,1021,0.8345,0,OK
JP_001,dados_intermediarios/processed/japao/JP_001.md,445,1073,0.8239,0,OK
JP_001,dados_intermediarios/processed/japao/JP_001.md,446,1225,0.818,0,OK
JP_001,dados_intermediarios/processed/japao/JP_001.md,447,1105,0.819,0,OK
JP_001,dados_intermediarios/processed/japao/JP_001.md,448,1113,0.8347,0,OK
JP_001,dados_intermediarios/processed/japao/JP_001.md,449,896,0.827,0,OK
JP_001,dados_intermediarios/processed/japao/JP_001.md,450,829,0.8335,0,OK
JP_001,dados_intermediarios/processed/japao/JP_001.md,451,992,0.8024,0,OK
JP_001,dados_intermediarios/processed/japao/JP_001.md,452,866,0.7806,0,OK
JP_001,dados_intermediarios/processed/japao/JP_001.md,453,837,0.8053,0,OK
JP_001,dados_intermediarios/processed/japao/JP_001.md,454,1302,0.8034,0,OK
JP_001,dados_intermediarios/processed/japao/JP_001.md,455,838,0.8079,0,OK
JP_001,dados_intermediarios/processed/japao/JP_001.md,456,764,0.7853,0,OK
JP_001,dados_intermediarios/processed/japao/JP_001.md,457,754,0.7573,0,OK
JP_001,dados_intermediarios/processed/japao/JP_001.md,458,686,0.7726,0,OK
JP_001,dados_intermediarios/processed/japao/JP_001.md,459,749,0.7864,0,OK
JP_001,dados_intermediarios/processed/japao/JP_001.md,460,786,0.7723,0,OK
JP_001,dados_intermediarios/processed/japao/JP_001.md,461,1210,0.843,0,OK
JP_001,dados_intermediarios/processed/japao/JP_001.md,462,1201,0.8551,0,OK
JP_001,dados_intermediarios/processed/japao/JP_001.md,463,1363,0.8635,0,OK
JP_001,dados_intermediarios/processed/japao/JP_001.md,464,1362,0.8642,0,OK
JP_001,dados_intermediarios/processed/japao/JP_001.md,465,1375,0.872,0,OK
JP_001,dados_intermediarios/processed/japao/JP_001.md,466,1357,0.8548,0,OK
JP_001,dados_intermediarios/processed/japao/JP_001.md,467,1323,0.8692,0,OK
JP_001,dados_intermediarios/processed/japao/JP_001.md,468,1322,0.8563,0,OK
JP_001,dados_intermediarios/processed/japao/JP_001.md,469,1308,0.8654,0,OK
JP_001,dados_intermediarios/processed/japao/JP_001.md,470,1266,0.8602,0,OK
JP_001,dados_intermediarios/processed/japao/JP_001.md,471,1364,0.8563,0,OK
JP_001,dados_intermediarios/processed/japao/JP_001.md,472,1301,0.8517,0,OK
JP_001,dados_intermediarios/processed/japao/JP_001.md,473,1279,0.8546,0,OK
JP_001,dados_intermediarios/processed/japao/JP_001.md,474,1563,0.8599,0,OK
JP_001,dados_intermediarios/processed/japao/JP_001.md,475,1795,0.8858,0,OK
JP_001,dados_intermediarios/processed/japao/JP_001.md,476,268,0.8619,0,OK
JP_001,dados_intermediarios/processed/japao/JP_001.md,477,1352,0.8632,0,OK
JP_001,dados_intermediarios/processed/japao/JP_001.md,478,1551,0.8665,0,OK
JP_001,dados_intermediarios/processed/japao/JP_001.md,479,140,0.8786,0,OK
JP_001,dados_intermediarios/processed/japao/JP_001.md,480,1174,0.8825,0,OK
JP_001,dados_intermediarios/processed/japao/JP_001.md,481,1226,0.8785,0,OK
JP_001,dados_intermediarios/processed/japao/JP_001.md,482,1145,0.8786,0,OK
JP_001,dados_intermediarios/processed/japao/JP_001.md,483,1578,0.8859,0,OK
JP_001,dados_intermediarios/processed/japao/JP_001.md,484,196,0.8929,0,OK
JP_001,dados_intermediarios/processed/japao/JP_001.md,485,191,0.8848,0,OK
JP_001,dados_intermediarios/processed/japao/JP_001.md,487,104,0.8462,0,OK
JP_001,dados_intermediarios/processed/japao/JP_001.md,488,1479,0.8323,0,OK
JP_001,dados_intermediarios/processed/japao/JP_001.md,489,1648,0.8714,0,OK
JP_001,dados_intermediarios/processed/japao/JP_001.md,490,621,0.8728,0,OK
JP_001,dados_intermediarios/processed/japao/JP_001.md,491,222,0.6351,0,OK
JP_001,dados_intermediarios/processed/japao/JP_001.md,492,1191,0.9009,0,OK
JP_001,dados_intermediarios/processed/japao/JP_001.md,493,1202,0.906,0,OK
JP_001,dados_intermediarios/processed/japao/JP_001.md,494,1562,0.8995,0,OK
JP_001,dados_intermediarios/processed/japao/JP_001.md,495,597,0.7672,0,OK
JP_001,dados_intermediarios/processed/japao/JP_001.md,496,1355,0.9284,0,OK
JP_001,dados_intermediarios/processed/japao/JP_001.md,497,676,0.9216,0,OK
JP_001,dados_intermediarios/processed/japao/JP_001.md,499,525,0.2952,0,OK
JP_001,dados_intermediarios/processed/japao/JP_001.md,500,217,0.8802,0,OK
JP_001,dados_intermediarios/processed/japao/JP_001.md,501,1325,0.9155,0,OK
JP_001,dados_intermediarios/processed/japao/JP_001.md,502,1673,0.8936,0,OK
JP_001,dados_intermediarios/processed/japao/JP_001.md,503,1498,0.8972,0,OK
JP_001,dados_intermediarios/processed/japao/JP_001.md,504,1640,0.8909,0,OK
JP_001,dados_intermediarios/processed/japao/JP_001.md,505,1483,0.8854,0,OK
JP_001,dados_intermediarios/processed/japao/JP_001.md,506,1632,0.894,0,OK
JP_001,dados_intermediarios/processed/japao/JP_001.md,507,1496,0.9064,0,OK
JP_001,dados_intermediarios/processed/japao/JP_001.md,508,1064,0.9013,0,OK
JP_001,dados_intermediarios/processed/japao/JP_001.md,509,1100,0.8545,0,OK
JP_001,dados_intermediarios/processed/japao/JP_001.md,510,1340,0.8575,0,OK
JP_001,dados_intermediarios/processed/japao/JP_001.md,511,1301,0.8601,0,OK
JP_001,dados_intermediarios/processed/japao/JP_001.md,512,1355,0.8642,0,OK
JP_001,dados_intermediarios/processed/japao/JP_001.md,513,1325,0.8596,0,OK
JP_001,dados_intermediarios/processed/japao/JP_001.md,514,1312,0.8643,0,OK
JP_001,dados_intermediarios/processed/japao/JP_001.md,515,1567,0.8551,0,OK
JP_001,dados_intermediarios/processed/japao/JP_001.md,516,806,0.8561,0,OK
JP_001,dados_intermediarios/processed/japao/JP_001.md,517,1203,0.8736,0,OK
JP_001,dados_intermediarios/processed/japao/JP_001.md,518,1247,0.8452,0,OK
JP_001,dados_intermediarios/processed/japao/JP_001.md,519,1379,0.8448,0,OK
JP_001,dados_intermediarios/processed/japao/JP_001.md,520,1340,0.8619,0,OK
JP_001,dados_intermediarios/processed/japao/JP_001.md,521,1516,0.8621,0,OK
JP_001,dados_intermediarios/processed/japao/JP_001.md,522,1310,0.871,0,OK
JP_001,dados_intermediarios/processed/japao/JP_001.md,523,1451,0.8504,0,OK
JP_001,dados_intermediarios/processed/japao/JP_001.md,524,1459,0.8698,0,OK
JP_001,dados_intermediarios/processed/japao/JP_001.md,525,1434,0.8821,0,OK
JP_001,dados_intermediarios/processed/japao/JP_001.md,526,1994,0.8445,0,OK
JP_001,dados_intermediarios/processed/japao/JP_001.md,527,1783,0.8643,0,OK
JP_001,dados_intermediarios/processed/japao/JP_001.md,528,1252,0.853,0,OK
JP_001,dados_intermediarios/processed/japao/JP_001.md,529,1380,0.8529,0,OK
JP_001,dados_intermediarios/processed/japao/JP_001.md,530,1439,0.868,0,OK
JP_001,dados_intermediarios/processed/japao/JP_001.md,531,1447,0.8473,0,OK
JP_001,dados_intermediarios/processed/japao/JP_001.md,532,1689,0.8958,0,OK
JP_001,dados_intermediarios/processed/japao/JP_001.md,533,1179,0.8575,0,OK
JP_001,dados_intermediarios/processed/japao/JP_001.md,534,1260,0.8135,0,OK
JP_001,dados_intermediarios/processed/japao/JP_001.md,535,1173,0.8082,0,OK
JP_001,dados_intermediarios/processed/japao/JP_001.md,536,1205,0.8407,0,OK
JP_001,dados_intermediarios/processed/japao/JP_001.md,537,1188,0.8316,0,OK
JP_001,dados_intermediarios/processed/japao/JP_001.md,538,1186,0.8406,0,OK
JP_001,dados_intermediarios/processed/japao/JP_001.md,539,1309,0.8044,0,OK
JP_001,dados_intermediarios/processed/japao/JP_001.md,540,1239,0.8006,0,OK
JP_001,dados_intermediarios/processed/japao/JP_001.md,541,1498,0.8692,0,OK
JP_001,dados_intermediarios/processed/japao/JP_001.md,542,1014,0.8531,0,OK
JP_001,dados_intermediarios/processed/japao/JP_001.md,543,1148,0.872,0,OK
JP_001,dados_intermediarios/processed/japao/JP_001.md,544,1135,0.8714,0,OK
JP_001,dados_intermediarios/processed/japao/JP_001.md,545,1129,0.8725,0,OK
JP_001,dados_intermediarios/processed/japao/JP_001.md,546,1183,0.8724,0,OK
JP_001,dados_intermediarios/processed/japao/JP_001.md,547,1426,0.8219,0,OK
JP_001,dados_intermediarios/processed/japao/JP_001.md,548,1549,0.8102,0,OK
JP_001,dados_intermediarios/processed/japao/JP_001.md,549,1311,0.8795,0,OK
JP_001,dados_intermediarios/processed/japao/JP_001.md,550,1132,0.871,0,OK
JP_001,dados_intermediarios/processed/japao/JP_001.md,551,1049,0.8541,0,OK
JP_001,dados_intermediarios/processed/japao/JP_001.md,552,1167,0.8655,0,OK
JP_001,dados_intermediarios/processed/japao/JP_001.md,553,1455,0.8357,0,OK
JP_001,dados_intermediarios/processed/japao/JP_001.md,554,1601,0.8189,0,OK
JP_001,dados_intermediarios/processed/japao/JP_001.md,555,1510,0.8563,0,OK
JP_001,dados_intermediarios/processed/japao/JP_001.md,556,280,0.8643,0,OK
JP_001,dados_intermediarios/processed/japao/JP_001.md,557,1143,0.8443,0,OK
JP_001,dados_intermediarios/processed/japao/JP_001.md,558,1150,0.8443,0,OK
JP_001,dados_intermediarios/processed/japao/JP_001.md,559,1209,0.8462,0,OK
JP_001,dados_intermediarios/processed/japao/JP_001.md,560,1669,0.8646,0,OK
JP_001,dados_intermediarios/processed/japao/JP_001.md,561,1687,0.8115,0,OK
JP_001,dados_intermediarios/processed/japao/JP_001.md,562,250,0.832,0,OK
JP_001,dados_intermediarios/processed/japao/JP_001.md,563,1150,0.8626,0,OK
JP_001,dados_intermediarios/processed/japao/JP_001.md,564,1352,0.8609,0,OK
JP_001,dados_intermediarios/processed/japao/JP_001.md,565,1459,0.867,0,OK
JP_001,dados_intermediarios/processed/japao/JP_001.md,566,1490,0.857,0,OK
JP_001,dados_intermediarios/processed/japao/JP_001.md,567,1390,0.8669,0,OK
JP_001,dados_intermediarios/processed/japao/JP_001.md,568,1106,0.859,0,OK
JP_001,dados_intermediarios/processed/japao/JP_001.md,569,1413,0.8698,0,OK
JP_001,dados_intermediarios/processed/japao/JP_001.md,570,1444,0.8781,0,OK
JP_001,dados_intermediarios/processed/japao/JP_001.md,571,1385,0.8693,0,OK
JP_001,dados_intermediarios/processed/japao/JP_001.md,572,1398,0.8741,0,OK
JP_001,dados_intermediarios/processed/japao/JP_001.md,573,1463,0.8708,0,OK
JP_001,dados_intermediarios/processed/japao/JP_001.md,574,1392,0.8728,0,OK
JP_001,dados_intermediarios/processed/japao/JP_001.md,575,1667,0.8584,0,OK
JP_001,dados_intermediarios/processed/japao/JP_001.md,576,1451,0.8456,0,OK
JP_001,dados_intermediarios/processed/japao/JP_001.md,577,1482,0.8347,0,OK
JP_001,dados_intermediarios/processed/japao/JP_001.md,578,1568,0.8469,0,OK
JP_001,dados_intermediarios/processed/japao/JP_001.md,579,712,0.882,0,OK
JP_001,dados_intermediarios/processed/japao/JP_001.md,580,1114,0.8564,0,OK
JP_001,dados_intermediarios/processed/japao/JP_001.md,581,1298,0.8621,0,OK
JP_001,dados_intermediarios/processed/japao/JP_001.md,582,1462,0.8618,0,OK
JP_001,dados_intermediarios/processed/japao/JP_001.md,583,1389,0.8474,0,OK
JP_001,dados_intermediarios/processed/japao/JP_001.md,584,1268,0.8438,0,OK
JP_001,dados_intermediarios/processed/japao/JP_001.md,585,1411,0.8441,0,OK
JP_001,dados_intermediarios/processed/japao/JP_001.md,586,1613,0.8512,0,OK
JP_001,dados_intermediarios/processed/japao/JP_001.md,587,1097,0.8833,0,OK
JP_001,dados_intermediarios/processed/japao/JP_001.md,588,1132,0.8569,0,OK
JP_001,dados_intermediarios/processed/japao/JP_001.md,589,1081,0.8529,0,OK
JP_001,dados_intermediarios/processed/japao/JP_001.md,590,692,0.7211,0,OK
JP_001,dados_intermediarios/processed/japao/JP_001.md,591,1245,0.8602,0,OK
JP_001,dados_intermediarios/processed/japao/JP_001.md,592,977,0.7554,0,OK
JP_001,dados_intermediarios/processed/japao/JP_001.md,593,1493,0.8841,0,OK
JP_001,dados_intermediarios/processed/japao/JP_001.md,594,1249,0.8807,0,OK
JP_001,dados_intermediarios/processed/japao/JP_001.md,595,1011,0.8586,0,OK
JP_001,dados_intermediarios/processed/japao/JP_001.md,596,1248,0.8766,0,OK
JP_001,dados_intermediarios/processed/japao/JP_001.md,597,1628,0.8943,0,OK
JP_001,dados_intermediarios/processed/japao/JP_001.md,598,1234,0.8606,0,OK
JP_001,dados_intermediarios/processed/japao/JP_001.md,599,1563,0.874,0,OK
JP_001,dados_intermediarios/processed/japao/JP_001.md,600,97,0.8763,0,OK
JP_001,dados_intermediarios/processed/japao/JP_001.md,601,1074,0.8752,0,OK
JP_001,dados_intermediarios/processed/japao/JP_001.md,602,1187,0.877,0,OK
JP_001,dados_intermediarios/processed/japao/JP_001.md,603,1125,0.8738,0,OK
JP_001,dados_intermediarios/processed/japao/JP_001.md,604,1496,0.887,0,OK
JP_001,dados_intermediarios/processed/japao/JP_001.md,608,277,0.6643,0,OK
JP_002,dados_intermediarios/processed/japao/JP_002.md,1,35,0.8286,0,LOW_TEXT
JP_002,dados_intermediarios/processed/japao/JP_002.md,2,777,0.8713,0,OK
JP_002,dados_intermediarios/processed/japao/JP_002.md,3,962,0.4179,383,REVIEW_TEXT_QUALITY
JP_002,dados_intermediarios/processed/japao/JP_002.md,4,1149,0.342,538,REVIEW_TEXT_QUALITY
JP_002,dados_intermediarios/processed/japao/JP_002.md,5,1305,0.3211,640,REVIEW_TEXT_QUALITY
JP_002,dados_intermediarios/processed/japao/JP_002.md,6,710,0.5423,195,REVIEW_TEXT_QUALITY
JP_002,dados_intermediarios/processed/japao/JP_002.md,7,280,0.6036,46,REVIEW_TEXT_QUALITY
JP_002,dados_intermediarios/processed/japao/JP_002.md,8,18,0.8333,0,LOW_TEXT
JP_002,dados_intermediarios/processed/japao/JP_002.md,9,1308,0.8976,0,OK
JP_002,dados_intermediarios/processed/japao/JP_002.md,10,1140,0.8693,0,OK
JP_002,dados_intermediarios/processed/japao/JP_002.md,11,1377,0.8867,0,OK
JP_002,dados_intermediarios/processed/japao/JP_002.md,12,1363,0.8892,0,OK
JP_002,dados_intermediarios/processed/japao/JP_002.md,13,464,0.8815,0,OK
JP_002,dados_intermediarios/processed/japao/JP_002.md,14,1054,0.8786,0,OK
JP_002,dados_intermediarios/processed/japao/JP_002.md,15,1319,0.887,0,OK
JP_002,dados_intermediarios/processed/japao/JP_002.md,16,665,0.8887,0,OK
JP_002,dados_intermediarios/processed/japao/JP_002.md,17,1074,0.8818,0,OK
JP_002,dados_intermediarios/processed/japao/JP_002.md,18,1206,0.8914,0,OK
JP_002,dados_intermediarios/processed/japao/JP_002.md,19,1202,0.9135,0,OK
JP_002,dados_intermediarios/processed/japao/JP_002.md,20,1072,0.8815,0,OK
JP_002,dados_intermediarios/processed/japao/JP_002.md,21,1205,0.8921,0,OK
JP_002,dados_intermediarios/processed/japao/JP_002.md,22,1200,0.89,0,OK
JP_002,dados_intermediarios/processed/japao/JP_002.md,23,1324,0.9056,0,OK
JP_002,dados_intermediarios/processed/japao/JP_002.md,24,1391,0.8648,0,OK
JP_002,dados_intermediarios/processed/japao/JP_002.md,25,286,0.8741,0,OK
JP_002,dados_intermediarios/processed/japao/JP_002.md,26,1173,0.8832,0,OK
JP_002,dados_intermediarios/processed/japao/JP_002.md,27,835,0.8982,0,OK
JP_002,dados_intermediarios/processed/japao/JP_002.md,28,1194,0.8819,0,OK
JP_002,dados_intermediarios/processed/japao/JP_002.md,29,1441,0.857,0,OK
JP_002,dados_intermediarios/processed/japao/JP_002.md,30,1082,0.8872,0,OK
JP_002,dados_intermediarios/processed/japao/JP_002.md,31,1009,0.8593,0,OK
JP_002,dados_intermediarios/processed/japao/JP_002.md,32,1307,0.9005,0,OK
JP_002,dados_intermediarios/processed/japao/JP_002.md,33,1291,0.9086,0,OK
JP_002,dados_intermediarios/processed/japao/JP_002.md,34,1397,0.9084,0,OK
JP_002,dados_intermediarios/processed/japao/JP_002.md,35,1045,0.8775,0,OK
JP_002,dados_intermediarios/processed/japao/JP_002.md,36,1322,0.8933,0,OK
JP_002,dados_intermediarios/processed/japao/JP_002.md,37,1278,0.91,0,OK
JP_002,dados_intermediarios/processed/japao/JP_002.md,38,1187,0.9107,0,OK
JP_002,dados_intermediarios/processed/japao/JP_002.md,39,1082,0.8854,0,OK
JP_002,dados_intermediarios/processed/japao/JP_002.md,40,1291,0.9078,0,OK
JP_002,dados_intermediarios/processed/japao/JP_002.md,41,1354,0.9261,0,OK
JP_002,dados_intermediarios/processed/japao/JP_002.md,42,1268,0.9243,0,OK
JP_002,dados_intermediarios/processed/japao/JP_002.md,43,1158,0.9111,0,OK
JP_002,dados_intermediarios/processed/japao/JP_002.md,44,1305,0.8966,0,OK
JP_002,dados_intermediarios/processed/japao/JP_002.md,45,1386,0.9156,0,OK
JP_002,dados_intermediarios/processed/japao/JP_002.md,46,1319,0.8984,0,OK
JP_002,dados_intermediarios/processed/japao/JP_002.md,47,1449,0.9206,0,OK
JP_002,dados_intermediarios/processed/japao/JP_002.md,48,349,0.9284,0,OK
JP_002,dados_intermediarios/processed/japao/JP_002.md,49,1096,0.8914,0,OK
JP_002,dados_intermediarios/processed/japao/JP_002.md,50,1045,0.8947,0,OK
JP_002,dados_intermediarios/processed/japao/JP_002.md,51,1351,0.8964,0,OK
JP_002,dados_intermediarios/processed/japao/JP_002.md,52,1335,0.9176,0,OK
JP_002,dados_intermediarios/processed/japao/JP_002.md,53,1290,0.9039,0,OK
JP_002,dados_intermediarios/processed/japao/JP_002.md,54,1124,0.8826,0,OK
JP_002,dados_intermediarios/processed/japao/JP_002.md,55,1186,0.9013,0,OK
JP_002,dados_intermediarios/processed/japao/JP_002.md,56,1239,0.9104,0,OK
JP_002,dados_intermediarios/processed/japao/JP_002.md,57,1204,0.8696,0,OK
JP_002,dados_intermediarios/processed/japao/JP_002.md,58,1386,0.9185,0,OK
JP_002,dados_intermediarios/processed/japao/JP_002.md,59,1334,0.916,0,OK
JP_002,dados_intermediarios/processed/japao/JP_002.md,60,1362,0.9192,0,OK
JP_002,dados_intermediarios/processed/japao/JP_002.md,61,1132,0.8993,0,OK
JP_002,dados_intermediarios/processed/japao/JP_002.md,62,1377,0.8998,0,OK
JP_002,dados_intermediarios/processed/japao/JP_002.md,63,1352,0.912,0,OK
JP_002,dados_intermediarios/processed/japao/JP_002.md,64,1339,0.9178,0,OK
JP_002,dados_intermediarios/processed/japao/JP_002.md,65,1173,0.8968,0,OK
JP_002,dados_intermediarios/processed/japao/JP_002.md,66,1387,0.9164,0,OK
JP_002,dados_intermediarios/processed/japao/JP_002.md,67,891,0.9282,0,OK
JP_002,dados_intermediarios/processed/japao/JP_002.md,68,1282,0.8994,0,OK
JP_002,dados_intermediarios/processed/japao/JP_002.md,69,1286,0.9059,0,OK
JP_002,dados_intermediarios/processed/japao/JP_002.md,70,1100,0.88,0,OK
JP_002,dados_intermediarios/processed/japao/JP_002.md,71,1347,0.8894,0,OK
JP_002,dados_intermediarios/processed/japao/JP_002.md,72,1114,0.9102,0,OK
JP_002,dados_intermediarios/processed/japao/JP_002.md,73,1073,0.9059,0,OK
JP_002,dados_intermediarios/processed/japao/JP_002.md,74,1173,0.9054,0,OK
JP_002,dados_intermediarios/processed/japao/JP_002.md,75,1007,0.8808,0,OK
JP_002,dados_intermediarios/processed/japao/JP_002.md,76,1187,0.9014,0,OK
JP_002,dados_intermediarios/processed/japao/JP_002.md,77,27,0.8889,0,LOW_TEXT
JP_002,dados_intermediarios/processed/japao/JP_002.md,78,1310,0.8977,0,OK
JP_002,dados_intermediarios/processed/japao/JP_002.md,79,1144,0.8698,0,OK
JP_002,dados_intermediarios/processed/japao/JP_002.md,80,1379,0.8876,0,OK
JP_002,dados_intermediarios/processed/japao/JP_002.md,81,1364,0.8908,0,OK
JP_002,dados_intermediarios/processed/japao/JP_002.md,82,467,0.8822,0,OK
JP_002,dados_intermediarios/processed/japao/JP_002.md,83,988,0.8765,0,OK
JP_002,dados_intermediarios/processed/japao/JP_002.md,84,1133,0.865,0,OK
JP_002,dados_intermediarios/processed/japao/JP_002.md,85,1031,0.8613,0,OK
JP_002,dados_intermediarios/processed/japao/JP_002.md,86,909,0.8812,0,OK
JP_002,dados_intermediarios/processed/japao/JP_002.md,87,875,0.8469,0,OK
JP_002,dados_intermediarios/processed/japao/JP_002.md,88,1190,0.8832,0,OK
JP_002,dados_intermediarios/processed/japao/JP_002.md,89,1243,0.8423,0,OK
JP_002,dados_intermediarios/processed/japao/JP_002.md,90,261,0.8889,0,OK
JP_002,dados_intermediarios/processed/japao/JP_002.md,91,1129,0.8981,0,OK
JP_002,dados_intermediarios/processed/japao/JP_002.md,92,926,0.9082,0,OK
JP_002,dados_intermediarios/processed/japao/JP_002.md,93,830,0.8542,0,OK
JP_002,dados_intermediarios/processed/japao/JP_002.md,94,297,0.7037,0,OK
JP_002,dados_intermediarios/processed/japao/JP_002.md,95,1025,0.9044,0,OK
JP_002,dados_intermediarios/processed/japao/JP_002.md,96,1004,0.9114,0,OK
JP_002,dados_intermediarios/processed/japao/JP_002.md,97,825,0.8873,0,OK
JP_002,dados_intermediarios/processed/japao/JP_002.md,98,958,0.8967,0,OK
JP_002,dados_intermediarios/processed/japao/JP_002.md,99,995,0.9025,0,OK
JP_002,dados_intermediarios/processed/japao/JP_002.md,100,1013,0.9033,0,OK
JP_002,dados_intermediarios/processed/japao/JP_002.md,101,1140,0.9123,0,OK
JP_002,dados_intermediarios/processed/japao/JP_002.md,102,220,0.9091,0,OK
JP_002,dados_intermediarios/processed/japao/JP_002.md,103,1047,0.894,0,OK
JP_002,dados_intermediarios/processed/japao/JP_002.md,104,1163,0.8899,0,OK
JP_002,dados_intermediarios/processed/japao/JP_002.md,105,925,0.8832,0,OK
JP_002,dados_intermediarios/processed/japao/JP_002.md,106,1287,0.9068,0,OK
JP_002,dados_intermediarios/processed/japao/JP_002.md,107,1194,0.9162,0,OK
JP_002,dados_intermediarios/processed/japao/JP_002.md,108,928,0.8944,0,OK
JP_002,dados_intermediarios/processed/japao/JP_002.md,109,953,0.9024,0,OK
JP_002,dados_intermediarios/processed/japao/JP_002.md,110,1134,0.8995,0,OK
JP_002,dados_intermediarios/processed/japao/JP_002.md,111,1353,0.9032,0,OK
JP_002,dados_intermediarios/processed/japao/JP_002.md,112,995,0.8975,0,OK
JP_002,dados_intermediarios/processed/japao/JP_002.md,113,1296,0.9035,0,OK
JP_002,dados_intermediarios/processed/japao/JP_002.md,114,138,0.9058,0,OK
JP_002,dados_intermediarios/processed/japao/JP_002.md,115,934,0.9026,0,OK
JP_002,dados_intermediarios/processed/japao/JP_002.md,116,977,0.9069,0,OK
JP_002,dados_intermediarios/processed/japao/JP_002.md,117,1057,0.9073,0,OK
JP_002,dados_intermediarios/processed/japao/JP_002.md,118,1005,0.9035,0,OK
JP_002,dados_intermediarios/processed/japao/JP_002.md,119,1337,0.917,0,OK
JP_002,dados_intermediarios/processed/japao/JP_002.md,120,954,0.8962,0,OK
JP_002,dados_intermediarios/processed/japao/JP_002.md,121,1228,0.9145,0,OK
JP_002,dados_intermediarios/processed/japao/JP_002.md,122,954,0.8931,0,OK
JP_002,dados_intermediarios/processed/japao/JP_002.md,123,770,0.8922,0,OK
JP_002,dados_intermediarios/processed/japao/JP_002.md,124,892,0.8913,0,OK
JP_002,dados_intermediarios/processed/japao/JP_002.md,125,966,0.8882,0,OK
JP_002,dados_intermediarios/processed/japao/JP_002.md,126,874,0.8787,0,OK
JP_002,dados_intermediarios/processed/japao/JP_002.md,127,831,0.8989,0,OK
JP_002,dados_intermediarios/processed/japao/JP_002.md,128,990,0.8909,0,OK
JP_002,dados_intermediarios/processed/japao/JP_002.md,129,725,0.88,0,OK
JP_002,dados_intermediarios/processed/japao/JP_002.md,130,1079,0.899,0,OK
JP_002,dados_intermediarios/processed/japao/JP_002.md,131,954,0.8868,0,OK
JP_002,dados_intermediarios/processed/japao/JP_002.md,132,920,0.8902,0,OK
JP_002,dados_intermediarios/processed/japao/JP_002.md,133,987,0.8916,0,OK
JP_002,dados_intermediarios/processed/japao/JP_002.md,134,1180,0.9195,0,OK
JP_002,dados_intermediarios/processed/japao/JP_002.md,135,955,0.8995,0,OK
JP_002,dados_intermediarios/processed/japao/JP_002.md,136,854,0.9005,0,OK
JP_002,dados_intermediarios/processed/japao/JP_002.md,137,963,0.8858,0,OK
JP_002,dados_intermediarios/processed/japao/JP_002.md,138,902,0.8825,0,OK
JP_002,dados_intermediarios/processed/japao/JP_002.md,139,931,0.8937,0,OK
JP_002,dados_intermediarios/processed/japao/JP_002.md,140,996,0.8986,0,OK
JP_002,dados_intermediarios/processed/japao/JP_002.md,141,791,0.9001,0,OK
JP_002,dados_intermediarios/processed/japao/JP_002.md,142,993,0.8943,0,OK
JP_002,dados_intermediarios/processed/japao/JP_002.md,143,903,0.8981,0,OK
JP_002,dados_intermediarios/processed/japao/JP_002.md,144,1039,0.9038,0,OK
JP_002,dados_intermediarios/processed/japao/JP_002.md,145,1000,0.899,0,OK
JP_002,dados_intermediarios/processed/japao/JP_002.md,146,1029,0.9018,0,OK
JP_002,dados_intermediarios/processed/japao/JP_002.md,147,975,0.8882,0,OK
JP_002,dados_intermediarios/processed/japao/JP_002.md,148,1040,0.8981,0,OK
JP_002,dados_intermediarios/processed/japao/JP_002.md,149,77,0.8701,0,OK
JP_002,dados_intermediarios/processed/japao/JP_002.md,150,1050,0.9076,0,OK
JP_002,dados_intermediarios/processed/japao/JP_002.md,151,883,0.8913,0,OK
JP_002,dados_intermediarios/processed/japao/JP_002.md,152,974,0.9025,0,OK
JP_002,dados_intermediarios/processed/japao/JP_002.md,153,1001,0.9001,0,OK
JP_002,dados_intermediarios/processed/japao/JP_002.md,154,1187,0.888,0,OK
JP_002,dados_intermediarios/processed/japao/JP_002.md,155,943,0.8802,0,OK
JP_002,dados_intermediarios/processed/japao/JP_002.md,156,997,0.8937,0,OK
JP_002,dados_intermediarios/processed/japao/JP_002.md,157,1216,0.9038,0,OK
JP_002,dados_intermediarios/processed/japao/JP_002.md,158,569,0.9121,0,OK
JP_002,dados_intermediarios/processed/japao/JP_002.md,159,996,0.9086,0,OK
JP_002,dados_intermediarios/processed/japao/JP_002.md,160,1018,0.8821,0,OK
JP_002,dados_intermediarios/processed/japao/JP_002.md,161,878,0.8918,0,OK
JP_002,dados_intermediarios/processed/japao/JP_002.md,162,880,0.8784,0,OK
JP_002,dados_intermediarios/processed/japao/JP_002.md,163,1057,0.894,0,OK
JP_002,dados_intermediarios/processed/japao/JP_002.md,164,1148,0.8981,0,OK
JP_002,dados_intermediarios/processed/japao/JP_002.md,165,932,0.8648,0,OK
JP_002,dados_intermediarios/processed/japao/JP_002.md,166,951,0.8822,0,OK
JP_002,dados_intermediarios/processed/japao/JP_002.md,167,1187,0.9031,0,OK
JP_002,dados_intermediarios/processed/japao/JP_002.md,168,1057,0.9063,0,OK
JP_002,dados_intermediarios/processed/japao/JP_002.md,169,882,0.8912,0,OK
JP_002,dados_intermediarios/processed/japao/JP_002.md,170,1064,0.8929,0,OK
JP_002,dados_intermediarios/processed/japao/JP_002.md,171,1068,0.8979,0,OK
JP_002,dados_intermediarios/processed/japao/JP_002.md,172,1040,0.9077,0,OK
JP_002,dados_intermediarios/processed/japao/JP_002.md,173,629,0.9285,0,OK
JP_002,dados_intermediarios/processed/japao/JP_002.md,174,1010,0.902,0,OK
JP_002,dados_intermediarios/processed/japao/JP_002.md,175,968,0.8884,0,OK
JP_002,dados_intermediarios/processed/japao/JP_002.md,176,1000,0.898,0,OK
JP_002,dados_intermediarios/processed/japao/JP_002.md,177,1028,0.8872,0,OK
JP_002,dados_intermediarios/processed/japao/JP_002.md,178,1175,0.897,0,OK
JP_002,dados_intermediarios/processed/japao/JP_002.md,179,975,0.8862,0,OK
JP_002,dados_intermediarios/processed/japao/JP_002.md,180,950,0.92,0,OK
JP_002,dados_intermediarios/processed/japao/JP_002.md,181,1243,0.8994,0,OK
JP_002,dados_intermediarios/processed/japao/JP_002.md,182,1272,0.8978,0,OK
JP_002,dados_intermediarios/processed/japao/JP_002.md,183,1094,0.904,0,OK
JP_002,dados_intermediarios/processed/japao/JP_002.md,184,1308,0.9128,0,OK
JP_002,dados_intermediarios/processed/japao/JP_002.md,185,701,0.9187,0,OK
JP_002,dados_intermediarios/processed/japao/JP_002.md,186,998,0.9108,0,OK
JP_002,dados_intermediarios/processed/japao/JP_002.md,187,1221,0.914,0,OK
JP_002,dados_intermediarios/processed/japao/JP_002.md,188,380,0.8868,0,OK
JP_002,dados_intermediarios/processed/japao/JP_002.md,189,1124,0.8888,0,OK
JP_002,dados_intermediarios/processed/japao/JP_002.md,190,1076,0.8755,0,OK
JP_002,dados_intermediarios/processed/japao/JP_002.md,191,1235,0.8899,0,OK
JP_002,dados_intermediarios/processed/japao/JP_002.md,192,1018,0.8851,0,OK
JP_002,dados_intermediarios/processed/japao/JP_002.md,193,1094,0.8839,0,OK
JP_002,dados_intermediarios/processed/japao/JP_002.md,194,1171,0.8975,0,OK
JP_002,dados_intermediarios/processed/japao/JP_002.md,195,1011,0.909,0,OK
NZ_001,dados_intermediarios/processed/nova-zelandia/NZ_001.md,1,174,0.8333,0,OK
NZ_001,dados_intermediarios/processed/nova-zelandia/NZ_001.md,2,3464,0.8023,0,OK
NZ_001,dados_intermediarios/processed/nova-zelandia/NZ_001.md,3,1568,0.7946,0,OK
NZ_001,dados_intermediarios/processed/nova-zelandia/NZ_001.md,4,1847,0.8094,0,OK
NZ_001,dados_intermediarios/processed/nova-zelandia/NZ_001.md,5,850,0.7953,0,OK
NZ_001,dados_intermediarios/processed/nova-zelandia/NZ_001.md,6,3108,0.8095,0,OK
NZ_001,dados_intermediarios/processed/nova-zelandia/NZ_001.md,7,2620,0.7969,0,OK
NZ_001,dados_intermediarios/processed/nova-zelandia/NZ_001.md,8,3034,0.8019,0,OK
NZ_001,dados_intermediarios/processed/nova-zelandia/NZ_001.md,9,1588,0.806,0,OK
NZ_001,dados_intermediarios/processed/nova-zelandia/NZ_001.md,10,1744,0.8142,0,OK
NZ_001,dados_intermediarios/processed/nova-zelandia/NZ_001.md,11,1211,0.8076,0,OK
NZ_001,dados_intermediarios/processed/nova-zelandia/NZ_001.md,12,1712,0.816,0,OK
NZ_001,dados_intermediarios/processed/nova-zelandia/NZ_001.md,13,1954,0.8224,0,OK
NZ_001,dados_intermediarios/processed/nova-zelandia/NZ_001.md,14,1832,0.7806,0,OK
NZ_001,dados_intermediarios/processed/nova-zelandia/NZ_001.md,15,330,0.8061,0,OK
NZ_001,dados_intermediarios/processed/nova-zelandia/NZ_001.md,16,1928,0.8148,0,OK
NZ_002,dados_intermediarios/processed/nova-zelandia/NZ_002.md,1,1813,0.7981,0,OK
NZ_002,dados_intermediarios/processed/nova-zelandia/NZ_002.md,2,4690,0.8036,0,OK
KE_001,dados_intermediarios/processed/quenia/KE_001.md,1,295,0.6271,0,OK
KE_001,dados_intermediarios/processed/quenia/KE_001.md,2,381,0.5433,0,OK
KE_001,dados_intermediarios/processed/quenia/KE_001.md,3,1917,0.8018,0,OK
KE_001,dados_intermediarios/processed/quenia/KE_001.md,4,2165,0.7995,0,OK
KE_001,dados_intermediarios/processed/quenia/KE_001.md,5,4388,0.1739,0,REVIEW_TEXT_QUALITY
KE_001,dados_intermediarios/processed/quenia/KE_001.md,6,3472,0.2679,0,OK
KE_001,dados_intermediarios/processed/quenia/KE_001.md,7,1054,0.7723,0,OK
KE_001,dados_intermediarios/processed/quenia/KE_001.md,8,1642,0.7954,0,OK
KE_001,dados_intermediarios/processed/quenia/KE_001.md,9,3560,0.8098,0,OK
KE_001,dados_intermediarios/processed/quenia/KE_001.md,10,3415,0.8079,0,OK
KE_001,dados_intermediarios/processed/quenia/KE_001.md,11,2141,0.7903,0,OK
KE_001,dados_intermediarios/processed/quenia/KE_001.md,12,1711,0.7995,0,OK
KE_001,dados_intermediarios/processed/quenia/KE_001.md,13,1311,0.7788,0,OK
KE_001,dados_intermediarios/processed/quenia/KE_001.md,14,3675,0.8082,0,OK
KE_001,dados_intermediarios/processed/quenia/KE_001.md,15,3547,0.8018,0,OK
KE_001,dados_intermediarios/processed/quenia/KE_001.md,16,3683,0.8083,0,OK
KE_001,dados_intermediarios/processed/quenia/KE_001.md,17,3731,0.8035,0,OK
KE_001,dados_intermediarios/processed/quenia/KE_001.md,18,3061,0.7984,0,OK
KE_001,dados_intermediarios/processed/quenia/KE_001.md,19,1977,0.7946,0,OK
KE_001,dados_intermediarios/processed/quenia/KE_001.md,20,3379,0.8085,0,OK
KE_001,dados_intermediarios/processed/quenia/KE_001.md,21,2974,0.8009,0,OK
KE_001,dados_intermediarios/processed/quenia/KE_001.md,22,3894,0.8084,0,OK
KE_001,dados_intermediarios/processed/quenia/KE_001.md,23,3374,0.8059,0,OK
KE_001,dados_intermediarios/processed/quenia/KE_001.md,24,3691,0.8011,0,OK
KE_001,dados_intermediarios/processed/quenia/KE_001.md,25,3789,0.81,0,OK
KE_001,dados_intermediarios/processed/quenia/KE_001.md,26,3202,0.797,0,OK
KE_001,dados_intermediarios/processed/quenia/KE_001.md,27,1570,0.786,0,OK
KE_001,dados_intermediarios/processed/quenia/KE_001.md,28,354,0.6525,0,OK
KE_001,dados_intermediarios/processed/quenia/KE_001.md,29,1088,0.7675,0,OK
KE_001,dados_intermediarios/processed/quenia/KE_001.md,30,2673,0.8013,0,OK
KE_001,dados_intermediarios/processed/quenia/KE_001.md,31,3262,0.8118,0,OK
KE_001,dados_intermediarios/processed/quenia/KE_001.md,32,2590,0.7919,0,OK
KE_001,dados_intermediarios/processed/quenia/KE_001.md,33,3502,0.8104,0,OK
KE_001,dados_intermediarios/processed/quenia/KE_001.md,34,1245,0.7622,0,OK
KE_001,dados_intermediarios/processed/quenia/KE_001.md,35,1138,0.7733,0,OK
KE_001,dados_intermediarios/processed/quenia/KE_001.md,36,813,0.7097,0,OK
KE_001,dados_intermediarios/processed/quenia/KE_001.md,37,3103,0.8037,0,OK
KE_001,dados_intermediarios/processed/quenia/KE_001.md,38,3561,0.8102,0,OK
KE_001,dados_intermediarios/processed/quenia/KE_001.md,39,3334,0.8029,0,OK
KE_001,dados_intermediarios/processed/quenia/KE_001.md,40,2951,0.7977,0,OK
KE_001,dados_intermediarios/processed/quenia/KE_001.md,41,1444,0.7583,0,OK
KE_001,dados_intermediarios/processed/quenia/KE_001.md,42,2368,0.78,0,OK
KE_001,dados_intermediarios/processed/quenia/KE_001.md,43,3492,0.7955,0,OK
KE_001,dados_intermediarios/processed/quenia/KE_001.md,44,3535,0.8031,0,OK
KE_001,dados_intermediarios/processed/quenia/KE_001.md,45,3795,0.8097,0,OK
KE_001,dados_intermediarios/processed/quenia/KE_001.md,46,3536,0.8018,0,OK
KE_001,dados_intermediarios/processed/quenia/KE_001.md,47,3987,0.8167,0,OK
KE_001,dados_intermediarios/processed/quenia/KE_001.md,48,3580,0.8047,0,OK
KE_001,dados_intermediarios/processed/quenia/KE_001.md,49,3626,0.8067,0,OK
KE_001,dados_intermediarios/processed/quenia/KE_001.md,50,3570,0.8101,0,OK
KE_001,dados_intermediarios/processed/quenia/KE_001.md,51,3466,0.8012,0,OK
KE_001,dados_intermediarios/processed/quenia/KE_001.md,52,3081,0.7945,0,OK
KE_001,dados_intermediarios/processed/quenia/KE_001.md,53,3965,0.8113,0,OK
KE_001,dados_intermediarios/processed/quenia/KE_001.md,54,1135,0.7559,0,OK
KE_001,dados_intermediarios/processed/quenia/KE_001.md,55,3354,0.797,0,OK
KE_001,dados_intermediarios/processed/quenia/KE_001.md,56,3163,0.7973,0,OK
KE_001,dados_intermediarios/processed/quenia/KE_001.md,57,3722,0.8122,0,OK
KE_001,dados_intermediarios/processed/quenia/KE_001.md,58,3325,0.7997,0,OK
KE_001,dados_intermediarios/processed/quenia/KE_001.md,59,3056,0.8017,0,OK
KE_001,dados_intermediarios/processed/quenia/KE_001.md,60,3840,0.8161,0,OK
KE_001,dados_intermediarios/processed/quenia/KE_001.md,61,3892,0.8119,0,OK
KE_001,dados_intermediarios/processed/quenia/KE_001.md,62,3420,0.7985,0,OK
KE_001,dados_intermediarios/processed/quenia/KE_001.md,63,3658,0.807,0,OK
KE_001,dados_intermediarios/processed/quenia/KE_001.md,64,3960,0.8091,0,OK
KE_001,dados_intermediarios/processed/quenia/KE_001.md,65,3454,0.8014,0,OK
KE_001,dados_intermediarios/processed/quenia/KE_001.md,66,1544,0.669,0,OK
KE_001,dados_intermediarios/processed/quenia/KE_001.md,67,1517,0.7278,0,OK
KE_001,dados_intermediarios/processed/quenia/KE_001.md,68,1219,0.7235,0,OK
KE_001,dados_intermediarios/processed/quenia/KE_001.md,69,1229,0.7396,0,OK
KE_001,dados_intermediarios/processed/quenia/KE_001.md,70,3300,0.8127,0,OK
KE_001,dados_intermediarios/processed/quenia/KE_001.md,71,3914,0.8084,0,OK
KE_001,dados_intermediarios/processed/quenia/KE_001.md,72,3414,0.8058,0,OK
KE_001,dados_intermediarios/processed/quenia/KE_001.md,73,3774,0.8082,0,OK
KE_001,dados_intermediarios/processed/quenia/KE_001.md,74,3400,0.7979,0,OK
KE_001,dados_intermediarios/processed/quenia/KE_001.md,75,3611,0.8048,0,OK
KE_001,dados_intermediarios/processed/quenia/KE_001.md,76,3508,0.8084,0,OK
KE_001,dados_intermediarios/processed/quenia/KE_001.md,77,3471,0.8029,0,OK
KE_001,dados_intermediarios/processed/quenia/KE_001.md,78,3421,0.8053,0,OK
KE_001,dados_intermediarios/processed/quenia/KE_001.md,79,3564,0.8033,0,OK
KE_001,dados_intermediarios/processed/quenia/KE_001.md,80,3471,0.8055,0,OK
KE_001,dados_intermediarios/processed/quenia/KE_001.md,81,3783,0.8081,0,OK
KE_001,dados_intermediarios/processed/quenia/KE_001.md,82,3403,0.8081,0,OK
KE_001,dados_intermediarios/processed/quenia/KE_001.md,83,3484,0.8005,0,OK
KE_001,dados_intermediarios/processed/quenia/KE_001.md,84,3513,0.8187,0,OK
KE_001,dados_intermediarios/processed/quenia/KE_001.md,85,3733,0.8098,0,OK
KE_001,dados_intermediarios/processed/quenia/KE_001.md,86,3718,0.8117,0,OK
KE_001,dados_intermediarios/processed/quenia/KE_001.md,87,3810,0.8165,0,OK
KE_001,dados_intermediarios/processed/quenia/KE_001.md,88,4014,0.8156,0,OK
KE_001,dados_intermediarios/processed/quenia/KE_001.md,89,3892,0.8127,0,OK
KE_001,dados_intermediarios/processed/quenia/KE_001.md,90,3522,0.8118,0,OK
KE_001,dados_intermediarios/processed/quenia/KE_001.md,91,3642,0.8202,0,OK
KE_001,dados_intermediarios/processed/quenia/KE_001.md,92,3776,0.8093,0,OK
KE_001,dados_intermediarios/processed/quenia/KE_001.md,93,3475,0.8037,0,OK
KE_001,dados_intermediarios/processed/quenia/KE_001.md,94,3769,0.8058,0,OK
KE_001,dados_intermediarios/processed/quenia/KE_001.md,95,3745,0.804,0,OK
KE_001,dados_intermediarios/processed/quenia/KE_001.md,96,3656,0.7995,0,OK
KE_001,dados_intermediarios/processed/quenia/KE_001.md,97,3429,0.7985,0,OK
KE_001,dados_intermediarios/processed/quenia/KE_001.md,98,3336,0.7986,0,OK
KE_001,dados_intermediarios/processed/quenia/KE_001.md,99,3441,0.8009,0,OK
KE_001,dados_intermediarios/processed/quenia/KE_001.md,100,3438,0.8141,0,OK
KE_001,dados_intermediarios/processed/quenia/KE_001.md,101,3526,0.8043,0,OK
KE_001,dados_intermediarios/processed/quenia/KE_001.md,102,1033,0.7764,0,OK
KE_001,dados_intermediarios/processed/quenia/KE_001.md,103,1221,0.7862,0,OK
KE_001,dados_intermediarios/processed/quenia/KE_001.md,104,1259,0.7689,0,OK
KE_001,dados_intermediarios/processed/quenia/KE_001.md,105,2570,0.7864,0,OK
KE_001,dados_intermediarios/processed/quenia/KE_001.md,106,2627,0.7868,0,OK
KE_001,dados_intermediarios/processed/quenia/KE_001.md,107,2759,0.7887,0,OK
KE_001,dados_intermediarios/processed/quenia/KE_001.md,108,2156,0.769,0,OK
KE_001,dados_intermediarios/processed/quenia/KE_001.md,109,1513,0.7601,0,OK
KE_001,dados_intermediarios/processed/quenia/KE_001.md,110,2555,0.7973,0,OK
KE_001,dados_intermediarios/processed/quenia/KE_001.md,111,2973,0.8069,0,OK
KE_001,dados_intermediarios/processed/quenia/KE_001.md,112,3715,0.7995,0,OK
KE_001,dados_intermediarios/processed/quenia/KE_001.md,113,3290,0.7945,0,OK
KE_001,dados_intermediarios/processed/quenia/KE_001.md,114,3371,0.8024,0,OK
KE_001,dados_intermediarios/processed/quenia/KE_001.md,115,3632,0.8133,0,OK
KE_001,dados_intermediarios/processed/quenia/KE_001.md,116,3003,0.7989,0,OK
KE_001,dados_intermediarios/processed/quenia/KE_001.md,117,3262,0.8063,0,OK
KE_001,dados_intermediarios/processed/quenia/KE_001.md,118,2809,0.7722,0,OK
KE_001,dados_intermediarios/processed/quenia/KE_001.md,119,2241,0.7773,0,OK
KE_001,dados_intermediarios/processed/quenia/KE_001.md,120,3228,0.7989,0,OK
KE_001,dados_intermediarios/processed/quenia/KE_001.md,121,3118,0.7912,0,OK
KE_001,dados_intermediarios/processed/quenia/KE_001.md,122,3261,0.7387,0,OK
KE_001,dados_intermediarios/processed/quenia/KE_001.md,123,3018,0.7949,0,OK
KE_001,dados_intermediarios/processed/quenia/KE_001.md,124,3059,0.796,0,OK
KE_001,dados_intermediarios/processed/quenia/KE_001.md,125,2838,0.8002,0,OK
KE_001,dados_intermediarios/processed/quenia/KE_001.md,126,3400,0.8038,0,OK
KE_001,dados_intermediarios/processed/quenia/KE_001.md,127,2978,0.8049,0,OK
KE_001,dados_intermediarios/processed/quenia/KE_001.md,128,2556,0.7833,0,OK
KE_001,dados_intermediarios/processed/quenia/KE_001.md,129,3480,0.8103,0,OK
KE_001,dados_intermediarios/processed/quenia/KE_001.md,130,2671,0.7971,0,OK
KE_001,dados_intermediarios/processed/quenia/KE_001.md,131,3450,0.813,0,OK
KE_001,dados_intermediarios/processed/quenia/KE_001.md,132,3261,0.8123,0,OK
KE_001,dados_intermediarios/processed/quenia/KE_001.md,133,3193,0.7964,0,OK
KE_001,dados_intermediarios/processed/quenia/KE_001.md,134,1557,0.7893,0,OK
KE_001,dados_intermediarios/processed/quenia/KE_001.md,135,2116,0.7259,0,OK
KE_001,dados_intermediarios/processed/quenia/KE_001.md,136,2314,0.7437,0,OK
KE_001,dados_intermediarios/processed/quenia/KE_001.md,137,2400,0.7479,0,OK
KE_001,dados_intermediarios/processed/quenia/KE_001.md,138,2511,0.7658,0,OK
KE_001,dados_intermediarios/processed/quenia/KE_001.md,139,2560,0.7473,0,OK
KE_001,dados_intermediarios/processed/quenia/KE_001.md,140,175,0.56,0,OK
KE_001,dados_intermediarios/processed/quenia/KE_001.md,141,1902,0.7545,0,OK
KE_001,dados_intermediarios/processed/quenia/KE_001.md,142,1504,0.7374,0,OK
KE_001,dados_intermediarios/processed/quenia/KE_001.md,143,1071,0.6891,0,OK
KE_001,dados_intermediarios/processed/quenia/KE_001.md,144,1573,0.7559,0,OK
KE_001,dados_intermediarios/processed/quenia/KE_001.md,145,588,0.6037,0,OK
KE_002,dados_intermediarios/processed/quenia/KE_002.md,1,141,0.6879,0,OK
KE_002,dados_intermediarios/processed/quenia/KE_002.md,2,1604,0.2724,0,OK
KE_002,dados_intermediarios/processed/quenia/KE_002.md,3,2280,0.8175,0,OK
KE_002,dados_intermediarios/processed/quenia/KE_002.md,4,1077,0.8227,0,OK
KE_002,dados_intermediarios/processed/quenia/KE_002.md,5,551,0.7132,0,OK
KE_002,dados_intermediarios/processed/quenia/KE_002.md,6,1649,0.8108,0,OK
KE_002,dados_intermediarios/processed/quenia/KE_002.md,7,1853,0.8154,0,OK
KE_002,dados_intermediarios/processed/quenia/KE_002.md,8,1880,0.8223,0,OK
KE_002,dados_intermediarios/processed/quenia/KE_002.md,9,1540,0.7961,0,OK
KE_002,dados_intermediarios/processed/quenia/KE_002.md,10,959,0.7633,0,OK
KE_002,dados_intermediarios/processed/quenia/KE_002.md,11,1259,0.78,0,OK
KE_002,dados_intermediarios/processed/quenia/KE_002.md,12,1393,0.7911,0,OK
KE_002,dados_intermediarios/processed/quenia/KE_002.md,13,1384,0.7883,0,OK
KE_002,dados_intermediarios/processed/quenia/KE_002.md,14,1285,0.7821,0,OK
KE_002,dados_intermediarios/processed/quenia/KE_002.md,15,1607,0.8121,0,OK
KE_002,dados_intermediarios/processed/quenia/KE_002.md,16,1565,0.8026,0,OK
KE_002,dados_intermediarios/processed/quenia/KE_002.md,17,1115,0.7892,0,OK
KE_002,dados_intermediarios/processed/quenia/KE_002.md,18,861,0.7003,0,OK
KE_002,dados_intermediarios/processed/quenia/KE_002.md,19,1826,0.2092,0,REVIEW_TEXT_QUALITY
KE_002,dados_intermediarios/processed/quenia/KE_002.md,20,353,0.1955,0,REVIEW_TEXT_QUALITY
KE_002,dados_intermediarios/processed/quenia/KE_002.md,21,482,0.8008,0,OK
KE_002,dados_intermediarios/processed/quenia/KE_002.md,22,231,0.7749,0,OK
KE_002,dados_intermediarios/processed/quenia/KE_002.md,23,873,0.8133,0,OK
KE_002,dados_intermediarios/processed/quenia/KE_002.md,24,1585,0.8139,0,OK
KE_002,dados_intermediarios/processed/quenia/KE_002.md,25,655,0.8153,0,OK
UK_001,dados_intermediarios/processed/reino-unido/UK_001.md,1,1906,0.8169,0,OK
UK_001,dados_intermediarios/processed/reino-unido/UK_001.md,2,2054,0.8111,0,OK
UK_002,dados_intermediarios/processed/reino-unido/UK_002.md,1,1906,0.8169,0,OK
UK_002,dados_intermediarios/processed/reino-unido/UK_002.md,2,2027,0.8076,0,OK
UK_002,dados_intermediarios/processed/reino-unido/UK_002.md,3,1003,0.7906,0,OK
RW_001,dados_intermediarios/processed/ruanda/RW_001.md,1,148,0.6014,0,OK
RW_001,dados_intermediarios/processed/ruanda/RW_001.md,2,305,0.2721,0,OK
RW_001,dados_intermediarios/processed/ruanda/RW_001.md,3,173,0.7977,0,OK
RW_001,dados_intermediarios/processed/ruanda/RW_001.md,4,1630,0.8282,0,OK
RW_001,dados_intermediarios/processed/ruanda/RW_001.md,5,601,0.8153,0,OK
RW_001,dados_intermediarios/processed/ruanda/RW_001.md,6,2066,0.8146,0,OK
RW_001,dados_intermediarios/processed/ruanda/RW_001.md,7,2557,0.8135,0,OK
RW_001,dados_intermediarios/processed/ruanda/RW_001.md,8,2172,0.8214,0,OK
RW_001,dados_intermediarios/processed/ruanda/RW_001.md,9,2246,0.8281,0,OK
RW_001,dados_intermediarios/processed/ruanda/RW_001.md,10,2147,0.8072,0,OK
RW_001,dados_intermediarios/processed/ruanda/RW_001.md,11,2930,0.816,0,OK
RW_001,dados_intermediarios/processed/ruanda/RW_001.md,12,2569,0.8186,0,OK
RW_001,dados_intermediarios/processed/ruanda/RW_001.md,13,2836,0.8142,0,OK
RW_001,dados_intermediarios/processed/ruanda/RW_001.md,14,2130,0.8094,0,OK
RW_001,dados_intermediarios/processed/ruanda/RW_001.md,15,2507,0.8105,0,OK
RW_001,dados_intermediarios/processed/ruanda/RW_001.md,16,874,0.7906,0,OK
RW_001,dados_intermediarios/processed/ruanda/RW_001.md,17,2508,0.7783,0,OK
RW_001,dados_intermediarios/processed/ruanda/RW_001.md,18,2130,0.7732,0,OK
RW_001,dados_intermediarios/processed/ruanda/RW_001.md,19,2266,0.7842,0,OK
RW_001,dados_intermediarios/processed/ruanda/RW_001.md,20,2110,0.7744,0,OK
RW_001,dados_intermediarios/processed/ruanda/RW_001.md,21,2244,0.7848,0,OK
RW_001,dados_intermediarios/processed/ruanda/RW_001.md,22,1643,0.7803,0,OK
RW_001,dados_intermediarios/processed/ruanda/RW_001.md,23,2168,0.7703,0,OK
RW_001,dados_intermediarios/processed/ruanda/RW_001.md,24,2207,0.7821,0,OK
RW_001,dados_intermediarios/processed/ruanda/RW_001.md,25,1811,0.7697,0,OK
RW_001,dados_intermediarios/processed/ruanda/RW_001.md,26,2053,0.772,0,OK
RW_001,dados_intermediarios/processed/ruanda/RW_001.md,27,1371,0.7732,0,OK
RW_001,dados_intermediarios/processed/ruanda/RW_001.md,28,1478,0.7903,0,OK
RW_001,dados_intermediarios/processed/ruanda/RW_001.md,29,1735,0.7827,0,OK
RW_001,dados_intermediarios/processed/ruanda/RW_001.md,30,2119,0.7716,0,OK
RW_001,dados_intermediarios/processed/ruanda/RW_001.md,31,2046,0.7805,0,OK
RW_001,dados_intermediarios/processed/ruanda/RW_001.md,32,2280,0.7754,0,OK
RW_001,dados_intermediarios/processed/ruanda/RW_001.md,33,1896,0.7732,0,OK
RW_001,dados_intermediarios/processed/ruanda/RW_001.md,34,807,0.7435,0,OK
RW_001,dados_intermediarios/processed/ruanda/RW_001.md,35,750,0.616,0,OK
RW_001,dados_intermediarios/processed/ruanda/RW_001.md,36,718,0.617,0,OK
RW_001,dados_intermediarios/processed/ruanda/RW_001.md,37,656,0.6387,0,OK
RW_001,dados_intermediarios/processed/ruanda/RW_001.md,38,750,0.6227,0,OK
RW_001,dados_intermediarios/processed/ruanda/RW_001.md,39,705,0.6085,0,OK
RW_001,dados_intermediarios/processed/ruanda/RW_001.md,40,720,0.5889,0,OK
RW_001,dados_intermediarios/processed/ruanda/RW_001.md,41,718,0.6072,0,OK
RW_001,dados_intermediarios/processed/ruanda/RW_001.md,42,765,0.634,0,OK
RW_001,dados_intermediarios/processed/ruanda/RW_001.md,43,708,0.6314,0,OK
RW_001,dados_intermediarios/processed/ruanda/RW_001.md,44,756,0.6257,0,OK
RW_001,dados_intermediarios/processed/ruanda/RW_001.md,45,809,0.6366,0,OK
RW_001,dados_intermediarios/processed/ruanda/RW_001.md,46,647,0.6043,0,OK
RW_001,dados_intermediarios/processed/ruanda/RW_001.md,47,103,0.767,0,OK
RW_001,dados_intermediarios/processed/ruanda/RW_001.md,48,823,0.8056,0,OK
RW_001,dados_intermediarios/processed/ruanda/RW_001.md,49,588,0.7959,0,OK
SG_001,dados_intermediarios/processed/singapura/SG_001.md,1,192,0.651,0,OK
SG_001,dados_intermediarios/processed/singapura/SG_001.md,2,319,0.7179,0,OK
SG_001,dados_intermediarios/processed/singapura/SG_001.md,3,2587,0.8029,0,OK
SG_001,dados_intermediarios/processed/singapura/SG_001.md,4,1103,0.7543,0,OK
SG_001,dados_intermediarios/processed/singapura/SG_001.md,5,1104,0.7681,0,OK
SG_001,dados_intermediarios/processed/singapura/SG_001.md,6,1973,0.779,0,OK
SG_001,dados_intermediarios/processed/singapura/SG_001.md,7,2822,0.7644,0,OK
SG_001,dados_intermediarios/processed/singapura/SG_001.md,8,3089,0.7721,0,OK
SG_001,dados_intermediarios/processed/singapura/SG_001.md,9,407,0.7887,0,OK
SG_001,dados_intermediarios/processed/singapura/SG_001.md,10,2224,0.7639,0,OK
SG_001,dados_intermediarios/processed/singapura/SG_001.md,11,837,0.6989,0,OK
SG_001,dados_intermediarios/processed/singapura/SG_001.md,12,3702,0.7947,0,OK
SG_001,dados_intermediarios/processed/singapura/SG_001.md,13,1086,0.8131,0,OK
SG_001,dados_intermediarios/processed/singapura/SG_001.md,14,2877,0.7939,0,OK
SG_001,dados_intermediarios/processed/singapura/SG_001.md,15,1633,0.6693,0,OK
SG_001,dados_intermediarios/processed/singapura/SG_001.md,16,1019,0.633,0,OK
SG_001,dados_intermediarios/processed/singapura/SG_001.md,17,922,0.6161,0,OK
SG_001,dados_intermediarios/processed/singapura/SG_001.md,18,430,0.5023,0,OK
SG_001,dados_intermediarios/processed/singapura/SG_001.md,19,287,0.6272,0,OK
SG_002,dados_intermediarios/processed/singapura/SG_002.md,1,1156,0.8071,0,OK
SG_002,dados_intermediarios/processed/singapura/SG_002.md,2,2494,0.8388,0,OK
SG_002,dados_intermediarios/processed/singapura/SG_002.md,3,2894,0.8372,0,OK
SG_002,dados_intermediarios/processed/singapura/SG_002.md,4,1762,0.8309,0,OK
SG_002,dados_intermediarios/processed/singapura/SG_002.md,5,552,0.817,0,OK
SG_002,dados_intermediarios/processed/singapura/SG_002.md,6,1573,0.8207,0,OK
SG_002,dados_intermediarios/processed/singapura/SG_002.md,7,2639,0.7836,0,OK
SG_002,dados_intermediarios/processed/singapura/SG_002.md,8,1870,0.7011,0,OK
SG_002,dados_intermediarios/processed/singapura/SG_002.md,9,1803,0.8181,0,OK
SG_002,dados_intermediarios/processed/singapura/SG_002.md,10,1939,0.787,0,OK
SG_002,dados_intermediarios/processed/singapura/SG_002.md,11,2181,0.8189,0,OK
SG_002,dados_intermediarios/processed/singapura/SG_002.md,12,1975,0.7944,0,OK
SG_002,dados_intermediarios/processed/singapura/SG_002.md,13,2043,0.8169,0,OK
SG_002,dados_intermediarios/processed/singapura/SG_002.md,14,2241,0.7278,0,OK
SG_002,dados_intermediarios/processed/singapura/SG_002.md,15,2235,0.8251,0,OK
SG_002,dados_intermediarios/processed/singapura/SG_002.md,16,1993,0.8199,0,OK
SG_002,dados_intermediarios/processed/singapura/SG_002.md,17,1779,0.7504,0,OK
SG_002,dados_intermediarios/processed/singapura/SG_002.md,18,1970,0.7772,0,OK
SG_002,dados_intermediarios/processed/singapura/SG_002.md,19,2294,0.8383,0,OK
SG_002,dados_intermediarios/processed/singapura/SG_002.md,20,1652,0.7663,0,OK
SG_002,dados_intermediarios/processed/singapura/SG_002.md,21,2350,0.5617,0,OK
SG_002,dados_intermediarios/processed/singapura/SG_002.md,22,2391,0.491,0,OK
SG_002,dados_intermediarios/processed/singapura/SG_002.md,23,1032,0.7025,0,OK
SG_002,dados_intermediarios/processed/singapura/SG_002.md,24,823,0.6112,0,OK
SG_002,dados_intermediarios/processed/singapura/SG_002.md,25,1319,0.5444,0,OK
SG_002,dados_intermediarios/processed/singapura/SG_002.md,26,621,0.7617,0,OK
SG_002,dados_intermediarios/processed/singapura/SG_002.md,27,2283,0.6474,0,OK
SG_002,dados_intermediarios/processed/singapura/SG_002.md,28,925,0.7697,0,OK
SG_003,dados_intermediarios/processed/singapura/SG_003.md,1,910,0.8396,0,OK
SG_003,dados_intermediarios/processed/singapura/SG_003.md,2,1073,0.8388,0,OK
SG_003,dados_intermediarios/processed/singapura/SG_003.md,3,819,0.8327,0,OK
SG_003,dados_intermediarios/processed/singapura/SG_003.md,4,189,0.8201,0,OK
SG_004,dados_intermediarios/processed/singapura/SG_004.md,1,618,0.8317,0,OK
SG_004,dados_intermediarios/processed/singapura/SG_004.md,2,548,0.8412,0,OK
SG_004,dados_intermediarios/processed/singapura/SG_004.md,3,49,0.8571,0,OK
SG_004,dados_intermediarios/processed/singapura/SG_004.md,4,79,0.8354,0,OK
SG_004,dados_intermediarios/processed/singapura/SG_004.md,5,73,0.863,0,OK
SG_004,dados_intermediarios/processed/singapura/SG_004.md,6,66,0.8485,0,OK
SG_004,dados_intermediarios/processed/singapura/SG_004.md,7,687,0.8253,0,OK
SG_004,dados_intermediarios/processed/singapura/SG_004.md,8,49,0.8367,0,OK
SG_005,dados_intermediarios/processed/singapura/SG_005.md,1,850,0.8188,0,OK
SG_005,dados_intermediarios/processed/singapura/SG_005.md,2,584,0.8253,0,OK
SG_005,dados_intermediarios/processed/singapura/SG_005.md,3,617,0.8314,0,OK
SG_005,dados_intermediarios/processed/singapura/SG_005.md,4,847,0.8276,0,OK
SG_006,dados_intermediarios/processed/singapura/SG_006.md,1,1358,0.8321,0,OK
SG_006,dados_intermediarios/processed/singapura/SG_006.md,2,2482,0.8336,0,OK
SG_006,dados_intermediarios/processed/singapura/SG_006.md,3,1786,0.8281,0,OK
SG_006,dados_intermediarios/processed/singapura/SG_006.md,4,2473,0.8358,0,OK
SG_006,dados_intermediarios/processed/singapura/SG_006.md,5,1243,0.8399,0,OK
SG_007,dados_intermediarios/processed/singapura/SG_007.md,2,462,0.7944,0,OK
SG_007,dados_intermediarios/processed/singapura/SG_007.md,3,1543,0.8458,0,OK
SG_007,dados_intermediarios/processed/singapura/SG_007.md,4,443,0.8194,0,OK
SG_007,dados_intermediarios/processed/singapura/SG_007.md,5,371,0.8248,0,OK
SG_007,dados_intermediarios/processed/singapura/SG_007.md,6,910,0.8099,0,OK
SG_007,dados_intermediarios/processed/singapura/SG_007.md,7,1447,0.8065,0,OK
SG_007,dados_intermediarios/processed/singapura/SG_007.md,8,2054,0.8053,0,OK
SG_007,dados_intermediarios/processed/singapura/SG_007.md,9,2126,0.8034,0,OK
SG_007,dados_intermediarios/processed/singapura/SG_007.md,10,376,0.8032,0,OK
SG_007,dados_intermediarios/processed/singapura/SG_007.md,11,1686,0.7977,0,OK
SG_007,dados_intermediarios/processed/singapura/SG_007.md,12,1501,0.8088,0,OK
SG_007,dados_intermediarios/processed/singapura/SG_007.md,13,1079,0.8211,0,OK
SG_007,dados_intermediarios/processed/singapura/SG_007.md,14,1997,0.7982,0,OK
SG_007,dados_intermediarios/processed/singapura/SG_007.md,15,2042,0.8075,0,OK
SG_007,dados_intermediarios/processed/singapura/SG_007.md,16,1521,0.8041,0,OK
SG_007,dados_intermediarios/processed/singapura/SG_007.md,17,1030,0.8087,0,OK
SG_007,dados_intermediarios/processed/singapura/SG_007.md,18,1405,0.8178,0,OK
SG_007,dados_intermediarios/processed/singapura/SG_007.md,19,1268,0.8021,0,OK
SG_007,dados_intermediarios/processed/singapura/SG_007.md,20,520,0.8058,0,OK
SG_007,dados_intermediarios/processed/singapura/SG_007.md,21,2068,0.8003,0,OK
SG_007,dados_intermediarios/processed/singapura/SG_007.md,22,815,0.816,0,OK
SG_007,dados_intermediarios/processed/singapura/SG_007.md,23,815,0.8184,0,OK
SG_007,dados_intermediarios/processed/singapura/SG_007.md,24,1186,0.7024,0,OK
SG_007,dados_intermediarios/processed/singapura/SG_007.md,25,622,0.7942,0,OK
SG_007,dados_intermediarios/processed/singapura/SG_007.md,26,1881,0.8054,0,OK
SG_007,dados_intermediarios/processed/singapura/SG_007.md,27,2456,0.7923,0,OK
SG_007,dados_intermediarios/processed/singapura/SG_007.md,28,2413,0.8085,0,OK
SG_007,dados_intermediarios/processed/singapura/SG_007.md,29,1970,0.8081,0,OK
SG_007,dados_intermediarios/processed/singapura/SG_007.md,30,1495,0.808,0,OK
SG_007,dados_intermediarios/processed/singapura/SG_007.md,31,2114,0.799,0,OK
SG_007,dados_intermediarios/processed/singapura/SG_007.md,32,1045,0.8172,0,OK
SG_007,dados_intermediarios/processed/singapura/SG_007.md,33,2337,0.8126,0,OK
SG_007,dados_intermediarios/processed/singapura/SG_007.md,34,743,0.7968,0,OK
SG_007,dados_intermediarios/processed/singapura/SG_007.md,35,1425,0.7439,0,OK
SG_007,dados_intermediarios/processed/singapura/SG_007.md,36,1164,0.7981,0,OK
SG_007,dados_intermediarios/processed/singapura/SG_007.md,37,736,0.8139,0,OK
SG_007,dados_intermediarios/processed/singapura/SG_007.md,38,1035,0.8068,0,OK
SG_007,dados_intermediarios/processed/singapura/SG_007.md,39,493,0.8215,0,OK
SG_007,dados_intermediarios/processed/singapura/SG_007.md,40,2705,0.7604,0,OK
SG_007,dados_intermediarios/processed/singapura/SG_007.md,41,2954,0.7776,0,OK
SG_007,dados_intermediarios/processed/singapura/SG_007.md,42,2585,0.7586,0,OK
SG_007,dados_intermediarios/processed/singapura/SG_007.md,43,69,0.8261,0,OK
SG_008,dados_intermediarios/processed/singapura/SG_008.md,2,462,0.7944,0,OK
SG_008,dados_intermediarios/processed/singapura/SG_008.md,3,1543,0.8458,0,OK
SG_008,dados_intermediarios/processed/singapura/SG_008.md,4,443,0.8194,0,OK
SG_008,dados_intermediarios/processed/singapura/SG_008.md,5,371,0.8248,0,OK
SG_008,dados_intermediarios/processed/singapura/SG_008.md,6,910,0.8099,0,OK
SG_008,dados_intermediarios/processed/singapura/SG_008.md,7,1447,0.8065,0,OK
SG_008,dados_intermediarios/processed/singapura/SG_008.md,8,2054,0.8053,0,OK
SG_008,dados_intermediarios/processed/singapura/SG_008.md,9,2126,0.8034,0,OK
SG_008,dados_intermediarios/processed/singapura/SG_008.md,10,376,0.8032,0,OK
SG_008,dados_intermediarios/processed/singapura/SG_008.md,11,1686,0.7977,0,OK
SG_008,dados_intermediarios/processed/singapura/SG_008.md,12,1501,0.8088,0,OK
SG_008,dados_intermediarios/processed/singapura/SG_008.md,13,1079,0.8211,0,OK
SG_008,dados_intermediarios/processed/singapura/SG_008.md,14,1997,0.7982,0,OK
SG_008,dados_intermediarios/processed/singapura/SG_008.md,15,2042,0.8075,0,OK
SG_008,dados_intermediarios/processed/singapura/SG_008.md,16,1521,0.8041,0,OK
SG_008,dados_intermediarios/processed/singapura/SG_008.md,17,1030,0.8087,0,OK
SG_008,dados_intermediarios/processed/singapura/SG_008.md,18,1405,0.8178,0,OK
SG_008,dados_intermediarios/processed/singapura/SG_008.md,19,1268,0.8021,0,OK
SG_008,dados_intermediarios/processed/singapura/SG_008.md,20,520,0.8058,0,OK
SG_008,dados_intermediarios/processed/singapura/SG_008.md,21,2068,0.8003,0,OK
SG_008,dados_intermediarios/processed/singapura/SG_008.md,22,815,0.816,0,OK
SG_008,dados_intermediarios/processed/singapura/SG_008.md,23,815,0.8184,0,OK
SG_008,dados_intermediarios/processed/singapura/SG_008.md,24,1186,0.7024,0,OK
SG_008,dados_intermediarios/processed/singapura/SG_008.md,25,622,0.7942,0,OK
SG_008,dados_intermediarios/processed/singapura/SG_008.md,26,1881,0.8054,0,OK
SG_008,dados_intermediarios/processed/singapura/SG_008.md,27,2456,0.7923,0,OK
SG_008,dados_intermediarios/processed/singapura/SG_008.md,28,2413,0.8085,0,OK
SG_008,dados_intermediarios/processed/singapura/SG_008.md,29,1970,0.8081,0,OK
SG_008,dados_intermediarios/processed/singapura/SG_008.md,30,1495,0.808,0,OK
SG_008,dados_intermediarios/processed/singapura/SG_008.md,31,2114,0.799,0,OK
SG_008,dados_intermediarios/processed/singapura/SG_008.md,32,1045,0.8172,0,OK
SG_008,dados_intermediarios/processed/singapura/SG_008.md,33,2337,0.8126,0,OK
SG_008,dados_intermediarios/processed/singapura/SG_008.md,34,743,0.7968,0,OK
SG_008,dados_intermediarios/processed/singapura/SG_008.md,35,1425,0.7439,0,OK
SG_008,dados_intermediarios/processed/singapura/SG_008.md,36,1164,0.7981,0,OK
SG_008,dados_intermediarios/processed/singapura/SG_008.md,37,736,0.8139,0,OK
SG_008,dados_intermediarios/processed/singapura/SG_008.md,38,1035,0.8068,0,OK
SG_008,dados_intermediarios/processed/singapura/SG_008.md,39,493,0.8215,0,OK
SG_008,dados_intermediarios/processed/singapura/SG_008.md,40,2705,0.7604,0,OK
SG_008,dados_intermediarios/processed/singapura/SG_008.md,41,2954,0.7776,0,OK
SG_008,dados_intermediarios/processed/singapura/SG_008.md,42,2585,0.7586,0,OK
SG_008,dados_intermediarios/processed/singapura/SG_008.md,43,69,0.8261,0,OK
SG_009,dados_intermediarios/processed/singapura/SG_009.md,1,113,0.8584,0,OK
SG_009,dados_intermediarios/processed/singapura/SG_009.md,2,590,0.8119,0,OK
SG_009,dados_intermediarios/processed/singapura/SG_009.md,3,1688,0.8152,0,OK
SG_009,dados_intermediarios/processed/singapura/SG_009.md,4,5147,0.823,0,OK
SG_009,dados_intermediarios/processed/singapura/SG_009.md,5,4360,0.794,0,OK
SG_009,dados_intermediarios/processed/singapura/SG_009.md,6,1839,0.8265,0,OK
SG_009,dados_intermediarios/processed/singapura/SG_009.md,7,1904,0.8157,0,OK
SG_009,dados_intermediarios/processed/singapura/SG_009.md,8,2318,0.8374,0,OK
SG_009,dados_intermediarios/processed/singapura/SG_009.md,9,3293,0.8078,0,OK
SG_009,dados_intermediarios/processed/singapura/SG_009.md,10,2264,0.7924,0,OK
SG_009,dados_intermediarios/processed/singapura/SG_009.md,11,2827,0.8277,0,OK
SG_009,dados_intermediarios/processed/singapura/SG_009.md,12,1855,0.6954,0,OK
SG_009,dados_intermediarios/processed/singapura/SG_009.md,13,3716,0.821,0,OK
SG_009,dados_intermediarios/processed/singapura/SG_009.md,14,2375,0.8265,0,OK
SG_009,dados_intermediarios/processed/singapura/SG_009.md,15,3945,0.8109,0,OK
SG_009,dados_intermediarios/processed/singapura/SG_009.md,16,4244,0.8183,0,OK
SG_009,dados_intermediarios/processed/singapura/SG_009.md,17,4299,0.8251,0,OK
SG_009,dados_intermediarios/processed/singapura/SG_009.md,18,3524,0.8218,0,OK
SG_009,dados_intermediarios/processed/singapura/SG_009.md,19,2088,0.8204,0,OK
SG_009,dados_intermediarios/processed/singapura/SG_009.md,20,3367,0.8034,0,OK
SG_009,dados_intermediarios/processed/singapura/SG_009.md,21,2744,0.8207,0,OK
SG_009,dados_intermediarios/processed/singapura/SG_009.md,22,3925,0.7873,0,OK
SG_009,dados_intermediarios/processed/singapura/SG_009.md,23,3535,0.8184,0,OK
SG_009,dados_intermediarios/processed/singapura/SG_009.md,24,4240,0.8092,0,OK
SG_009,dados_intermediarios/processed/singapura/SG_009.md,25,3513,0.8059,0,OK
SG_009,dados_intermediarios/processed/singapura/SG_009.md,26,4914,0.8085,0,OK
SG_009,dados_intermediarios/processed/singapura/SG_009.md,27,3681,0.8106,0,OK
SG_009,dados_intermediarios/processed/singapura/SG_009.md,28,5504,0.8152,0,OK
SG_009,dados_intermediarios/processed/singapura/SG_009.md,29,4898,0.8189,0,OK
SG_009,dados_intermediarios/processed/singapura/SG_009.md,30,4037,0.7974,0,OK
SG_009,dados_intermediarios/processed/singapura/SG_009.md,31,1024,0.7959,0,OK
SG_009,dados_intermediarios/processed/singapura/SG_009.md,32,2099,0.8299,0,OK
SG_009,dados_intermediarios/processed/singapura/SG_009.md,33,2628,0.8185,0,OK
SG_009,dados_intermediarios/processed/singapura/SG_009.md,34,3806,0.8016,0,OK
SG_009,dados_intermediarios/processed/singapura/SG_009.md,35,4394,0.8154,0,OK
SG_009,dados_intermediarios/processed/singapura/SG_009.md,36,2305,0.8295,0,OK
SG_009,dados_intermediarios/processed/singapura/SG_009.md,37,2475,0.7972,0,OK
SG_009,dados_intermediarios/processed/singapura/SG_009.md,38,2687,0.8251,0,OK
SG_009,dados_intermediarios/processed/singapura/SG_009.md,39,3878,0.8236,0,OK
SG_009,dados_intermediarios/processed/singapura/SG_009.md,40,1306,0.8239,0,OK
SG_009,dados_intermediarios/processed/singapura/SG_009.md,41,3828,0.8263,0,OK
SG_009,dados_intermediarios/processed/singapura/SG_009.md,42,3868,0.818,0,OK
SG_009,dados_intermediarios/processed/singapura/SG_009.md,43,3369,0.818,0,OK
SG_009,dados_intermediarios/processed/singapura/SG_009.md,44,3152,0.8249,0,OK
SG_009,dados_intermediarios/processed/singapura/SG_009.md,45,2726,0.8213,0,OK
SG_009,dados_intermediarios/processed/singapura/SG_009.md,46,3635,0.8223,0,OK
SG_009,dados_intermediarios/processed/singapura/SG_009.md,47,3276,0.8126,0,OK
SG_009,dados_intermediarios/processed/singapura/SG_009.md,48,2863,0.7992,0,OK
SG_009,dados_intermediarios/processed/singapura/SG_009.md,49,2393,0.822,0,OK
SG_009,dados_intermediarios/processed/singapura/SG_009.md,50,2861,0.7987,0,OK
SG_009,dados_intermediarios/processed/singapura/SG_009.md,51,4085,0.8051,0,OK
SG_009,dados_intermediarios/processed/singapura/SG_009.md,52,3849,0.8155,0,OK
SG_009,dados_intermediarios/processed/singapura/SG_009.md,53,2414,0.8128,0,OK
SG_009,dados_intermediarios/processed/singapura/SG_009.md,54,2555,0.7949,0,OK
SG_009,dados_intermediarios/processed/singapura/SG_009.md,55,4074,0.7801,0,OK
SG_009,dados_intermediarios/processed/singapura/SG_009.md,56,3446,0.8175,0,OK
SG_009,dados_intermediarios/processed/singapura/SG_009.md,57,2422,0.8216,0,OK
SG_009,dados_intermediarios/processed/singapura/SG_009.md,58,4330,0.7965,0,OK
SG_009,dados_intermediarios/processed/singapura/SG_009.md,59,3905,0.8264,0,OK
SG_009,dados_intermediarios/processed/singapura/SG_009.md,60,4990,0.821,0,OK
SG_009,dados_intermediarios/processed/singapura/SG_009.md,61,3169,0.8138,0,OK
SG_009,dados_intermediarios/processed/singapura/SG_009.md,62,3717,0.8031,0,OK
SG_009,dados_intermediarios/processed/singapura/SG_009.md,63,3655,0.8098,0,OK
SG_009,dados_intermediarios/processed/singapura/SG_009.md,64,3364,0.8261,0,OK
SG_009,dados_intermediarios/processed/singapura/SG_009.md,65,2755,0.8258,0,OK
SG_009,dados_intermediarios/processed/singapura/SG_009.md,66,4314,0.8319,0,OK
SG_009,dados_intermediarios/processed/singapura/SG_009.md,67,1901,0.8406,0,OK
SG_009,dados_intermediarios/processed/singapura/SG_009.md,68,2221,0.833,0,OK
SG_009,dados_intermediarios/processed/singapura/SG_009.md,69,3614,0.7872,0,OK
SG_009,dados_intermediarios/processed/singapura/SG_009.md,70,3755,0.7811,0,OK
SG_009,dados_intermediarios/processed/singapura/SG_009.md,71,3969,0.779,0,OK
SG_009,dados_intermediarios/processed/singapura/SG_009.md,72,2534,0.8074,0,OK
SG_009,dados_intermediarios/processed/singapura/SG_009.md,73,4560,0.7482,0,OK
SG_009,dados_intermediarios/processed/singapura/SG_009.md,74,3751,0.7699,0,OK
SG_009,dados_intermediarios/processed/singapura/SG_009.md,75,4405,0.7834,0,OK
SG_009,dados_intermediarios/processed/singapura/SG_009.md,76,4360,0.7892,0,OK
SG_009,dados_intermediarios/processed/singapura/SG_009.md,77,3456,0.7601,0,OK
SG_009,dados_intermediarios/processed/singapura/SG_009.md,78,2959,0.7557,0,OK
SG_009,dados_intermediarios/processed/singapura/SG_009.md,79,2405,0.7746,0,OK
SG_009,dados_intermediarios/processed/singapura/SG_009.md,80,4750,0.7524,0,OK
SG_009,dados_intermediarios/processed/singapura/SG_009.md,81,3358,0.7707,0,OK
SG_009,dados_intermediarios/processed/singapura/SG_009.md,82,3529,0.7645,0,OK
SG_009,dados_intermediarios/processed/singapura/SG_009.md,83,4152,0.7847,0,OK
SG_009,dados_intermediarios/processed/singapura/SG_009.md,84,4178,0.7559,0,OK
SG_009,dados_intermediarios/processed/singapura/SG_009.md,85,2736,0.7482,0,OK
SG_009,dados_intermediarios/processed/singapura/SG_009.md,86,2749,0.789,0,OK
SG_009,dados_intermediarios/processed/singapura/SG_009.md,87,3017,0.7865,0,OK
SG_009,dados_intermediarios/processed/singapura/SG_009.md,88,4787,0.7723,0,OK
SG_009,dados_intermediarios/processed/singapura/SG_009.md,89,8244,0.7535,0,OK
SG_009,dados_intermediarios/processed/singapura/SG_009.md,90,7763,0.7536,0,OK
SG_009,dados_intermediarios/processed/singapura/SG_009.md,91,27,0.8889,0,LOW_TEXT
SG_010,dados_intermediarios/processed/singapura/SG_010.md,1,113,0.8584,0,OK
SG_010,dados_intermediarios/processed/singapura/SG_010.md,2,590,0.8119,0,OK
SG_010,dados_intermediarios/processed/singapura/SG_010.md,3,1688,0.8152,0,OK
SG_010,dados_intermediarios/processed/singapura/SG_010.md,4,5147,0.823,0,OK
SG_010,dados_intermediarios/processed/singapura/SG_010.md,5,4360,0.794,0,OK
SG_010,dados_intermediarios/processed/singapura/SG_010.md,6,1839,0.8265,0,OK
SG_010,dados_intermediarios/processed/singapura/SG_010.md,7,1904,0.8157,0,OK
SG_010,dados_intermediarios/processed/singapura/SG_010.md,8,2318,0.8374,0,OK
SG_010,dados_intermediarios/processed/singapura/SG_010.md,9,3293,0.8078,0,OK
SG_010,dados_intermediarios/processed/singapura/SG_010.md,10,2264,0.7924,0,OK
SG_010,dados_intermediarios/processed/singapura/SG_010.md,11,2827,0.8277,0,OK
SG_010,dados_intermediarios/processed/singapura/SG_010.md,12,1855,0.6954,0,OK
SG_010,dados_intermediarios/processed/singapura/SG_010.md,13,3716,0.821,0,OK
SG_010,dados_intermediarios/processed/singapura/SG_010.md,14,2375,0.8265,0,OK
SG_010,dados_intermediarios/processed/singapura/SG_010.md,15,3945,0.8109,0,OK
SG_010,dados_intermediarios/processed/singapura/SG_010.md,16,4244,0.8183,0,OK
SG_010,dados_intermediarios/processed/singapura/SG_010.md,17,4299,0.8251,0,OK
SG_010,dados_intermediarios/processed/singapura/SG_010.md,18,3524,0.8218,0,OK
SG_010,dados_intermediarios/processed/singapura/SG_010.md,19,2088,0.8204,0,OK
SG_010,dados_intermediarios/processed/singapura/SG_010.md,20,3367,0.8034,0,OK
SG_010,dados_intermediarios/processed/singapura/SG_010.md,21,2744,0.8207,0,OK
SG_010,dados_intermediarios/processed/singapura/SG_010.md,22,3925,0.7873,0,OK
SG_010,dados_intermediarios/processed/singapura/SG_010.md,23,3535,0.8184,0,OK
SG_010,dados_intermediarios/processed/singapura/SG_010.md,24,4240,0.8092,0,OK
SG_010,dados_intermediarios/processed/singapura/SG_010.md,25,3513,0.8059,0,OK
SG_010,dados_intermediarios/processed/singapura/SG_010.md,26,4914,0.8085,0,OK
SG_010,dados_intermediarios/processed/singapura/SG_010.md,27,3681,0.8106,0,OK
SG_010,dados_intermediarios/processed/singapura/SG_010.md,28,5504,0.8152,0,OK
SG_010,dados_intermediarios/processed/singapura/SG_010.md,29,4898,0.8189,0,OK
SG_010,dados_intermediarios/processed/singapura/SG_010.md,30,4037,0.7974,0,OK
SG_010,dados_intermediarios/processed/singapura/SG_010.md,31,1024,0.7959,0,OK
SG_010,dados_intermediarios/processed/singapura/SG_010.md,32,2099,0.8299,0,OK
SG_010,dados_intermediarios/processed/singapura/SG_010.md,33,2628,0.8185,0,OK
SG_010,dados_intermediarios/processed/singapura/SG_010.md,34,3806,0.8016,0,OK
SG_010,dados_intermediarios/processed/singapura/SG_010.md,35,4394,0.8154,0,OK
SG_010,dados_intermediarios/processed/singapura/SG_010.md,36,2305,0.8295,0,OK
SG_010,dados_intermediarios/processed/singapura/SG_010.md,37,2475,0.7972,0,OK
SG_010,dados_intermediarios/processed/singapura/SG_010.md,38,2687,0.8251,0,OK
SG_010,dados_intermediarios/processed/singapura/SG_010.md,39,3878,0.8236,0,OK
SG_010,dados_intermediarios/processed/singapura/SG_010.md,40,1306,0.8239,0,OK
SG_010,dados_intermediarios/processed/singapura/SG_010.md,41,3828,0.8263,0,OK
SG_010,dados_intermediarios/processed/singapura/SG_010.md,42,3868,0.818,0,OK
SG_010,dados_intermediarios/processed/singapura/SG_010.md,43,3369,0.818,0,OK
SG_010,dados_intermediarios/processed/singapura/SG_010.md,44,3152,0.8249,0,OK
SG_010,dados_intermediarios/processed/singapura/SG_010.md,45,2726,0.8213,0,OK
SG_010,dados_intermediarios/processed/singapura/SG_010.md,46,3635,0.8223,0,OK
SG_010,dados_intermediarios/processed/singapura/SG_010.md,47,3276,0.8126,0,OK
SG_010,dados_intermediarios/processed/singapura/SG_010.md,48,2863,0.7992,0,OK
SG_010,dados_intermediarios/processed/singapura/SG_010.md,49,2393,0.822,0,OK
SG_010,dados_intermediarios/processed/singapura/SG_010.md,50,2861,0.7987,0,OK
SG_010,dados_intermediarios/processed/singapura/SG_010.md,51,4085,0.8051,0,OK
SG_010,dados_intermediarios/processed/singapura/SG_010.md,52,3849,0.8155,0,OK
SG_010,dados_intermediarios/processed/singapura/SG_010.md,53,2414,0.8128,0,OK
SG_010,dados_intermediarios/processed/singapura/SG_010.md,54,2555,0.7949,0,OK
SG_010,dados_intermediarios/processed/singapura/SG_010.md,55,4074,0.7801,0,OK
SG_010,dados_intermediarios/processed/singapura/SG_010.md,56,3446,0.8175,0,OK
SG_010,dados_intermediarios/processed/singapura/SG_010.md,57,2422,0.8216,0,OK
SG_010,dados_intermediarios/processed/singapura/SG_010.md,58,4330,0.7965,0,OK
SG_010,dados_intermediarios/processed/singapura/SG_010.md,59,3905,0.8264,0,OK
SG_010,dados_intermediarios/processed/singapura/SG_010.md,60,4990,0.821,0,OK
SG_010,dados_intermediarios/processed/singapura/SG_010.md,61,3169,0.8138,0,OK
SG_010,dados_intermediarios/processed/singapura/SG_010.md,62,3717,0.8031,0,OK
SG_010,dados_intermediarios/processed/singapura/SG_010.md,63,3655,0.8098,0,OK
SG_010,dados_intermediarios/processed/singapura/SG_010.md,64,3364,0.8261,0,OK
SG_010,dados_intermediarios/processed/singapura/SG_010.md,65,2755,0.8258,0,OK
SG_010,dados_intermediarios/processed/singapura/SG_010.md,66,4314,0.8319,0,OK
SG_010,dados_intermediarios/processed/singapura/SG_010.md,67,1901,0.8406,0,OK
SG_010,dados_intermediarios/processed/singapura/SG_010.md,68,2221,0.833,0,OK
SG_010,dados_intermediarios/processed/singapura/SG_010.md,69,3614,0.7872,0,OK
SG_010,dados_intermediarios/processed/singapura/SG_010.md,70,3755,0.7811,0,OK
SG_010,dados_intermediarios/processed/singapura/SG_010.md,71,3969,0.779,0,OK
SG_010,dados_intermediarios/processed/singapura/SG_010.md,72,2534,0.8074,0,OK
SG_010,dados_intermediarios/processed/singapura/SG_010.md,73,4560,0.7482,0,OK
SG_010,dados_intermediarios/processed/singapura/SG_010.md,74,3751,0.7699,0,OK
SG_010,dados_intermediarios/processed/singapura/SG_010.md,75,4405,0.7834,0,OK
SG_010,dados_intermediarios/processed/singapura/SG_010.md,76,4360,0.7892,0,OK
SG_010,dados_intermediarios/processed/singapura/SG_010.md,77,3456,0.7601,0,OK
SG_010,dados_intermediarios/processed/singapura/SG_010.md,78,2959,0.7557,0,OK
SG_010,dados_intermediarios/processed/singapura/SG_010.md,79,2405,0.7746,0,OK
SG_010,dados_intermediarios/processed/singapura/SG_010.md,80,4750,0.7524,0,OK
SG_010,dados_intermediarios/processed/singapura/SG_010.md,81,3358,0.7707,0,OK
SG_010,dados_intermediarios/processed/singapura/SG_010.md,82,3529,0.7645,0,OK
SG_010,dados_intermediarios/processed/singapura/SG_010.md,83,4152,0.7847,0,OK
SG_010,dados_intermediarios/processed/singapura/SG_010.md,84,4178,0.7559,0,OK
SG_010,dados_intermediarios/processed/singapura/SG_010.md,85,2736,0.7482,0,OK
SG_010,dados_intermediarios/processed/singapura/SG_010.md,86,2749,0.789,0,OK
SG_010,dados_intermediarios/processed/singapura/SG_010.md,87,3017,0.7865,0,OK
SG_010,dados_intermediarios/processed/singapura/SG_010.md,88,4787,0.7723,0,OK
SG_010,dados_intermediarios/processed/singapura/SG_010.md,89,8244,0.7535,0,OK
SG_010,dados_intermediarios/processed/singapura/SG_010.md,90,7763,0.7536,0,OK
SG_010,dados_intermediarios/processed/singapura/SG_010.md,91,27,0.8889,0,LOW_TEXT
SG_011,dados_intermediarios/processed/singapura/SG_011.md,1,1478,0.7984,0,OK
SG_011,dados_intermediarios/processed/singapura/SG_011.md,2,1684,0.8106,0,OK
SG_011,dados_intermediarios/processed/singapura/SG_011.md,3,2494,0.814,0,OK
SG_011,dados_intermediarios/processed/singapura/SG_011.md,4,2369,0.8134,0,OK
SG_011,dados_intermediarios/processed/singapura/SG_011.md,5,2996,0.8124,0,OK
SG_011,dados_intermediarios/processed/singapura/SG_011.md,6,4086,0.8067,0,OK
SG_011,dados_intermediarios/processed/singapura/SG_011.md,7,2955,0.8213,0,OK
SG_011,dados_intermediarios/processed/singapura/SG_011.md,8,952,0.8057,0,OK
SG_011,dados_intermediarios/processed/singapura/SG_011.md,9,489,0.8037,0,OK
SG_011,dados_intermediarios/processed/singapura/SG_011.md,10,1491,0.8102,0,OK
SG_012,dados_intermediarios/processed/singapura/SG_012.md,1,359,0.7549,0,OK
SG_012,dados_intermediarios/processed/singapura/SG_012.md,2,659,0.6829,0,OK
SG_012,dados_intermediarios/processed/singapura/SG_012.md,3,160,0.7,0,OK
SG_012,dados_intermediarios/processed/singapura/SG_012.md,4,2764,0.8205,0,OK
SG_012,dados_intermediarios/processed/singapura/SG_012.md,5,2684,0.8141,0,OK
SG_012,dados_intermediarios/processed/singapura/SG_012.md,6,2344,0.7457,0,OK
SG_012,dados_intermediarios/processed/singapura/SG_012.md,7,2825,0.7876,0,OK
SG_012,dados_intermediarios/processed/singapura/SG_012.md,8,1638,0.7869,0,OK
SG_012,dados_intermediarios/processed/singapura/SG_012.md,9,201,0.7015,0,OK
SG_012,dados_intermediarios/processed/singapura/SG_012.md,10,905,0.7779,0,OK
SG_012,dados_intermediarios/processed/singapura/SG_012.md,11,2050,0.7639,0,OK
SG_012,dados_intermediarios/processed/singapura/SG_012.md,12,1155,0.7775,0,OK
SG_012,dados_intermediarios/processed/singapura/SG_012.md,13,1156,0.7993,0,OK
SG_012,dados_intermediarios/processed/singapura/SG_012.md,14,1538,0.7796,0,OK
SG_012,dados_intermediarios/processed/singapura/SG_012.md,15,1039,0.7796,0,OK
SG_012,dados_intermediarios/processed/singapura/SG_012.md,16,2685,0.7803,0,OK
SG_012,dados_intermediarios/processed/singapura/SG_012.md,17,754,0.7825,0,OK
SG_012,dados_intermediarios/processed/singapura/SG_012.md,18,1712,0.7886,0,OK
SG_012,dados_intermediarios/processed/singapura/SG_012.md,19,1280,0.7836,0,OK
SG_012,dados_intermediarios/processed/singapura/SG_012.md,20,97,0.4639,0,OK
SG_012,dados_intermediarios/processed/singapura/SG_012.md,21,2131,0.7987,0,OK
SG_012,dados_intermediarios/processed/singapura/SG_012.md,22,1718,0.8009,0,OK
SG_012,dados_intermediarios/processed/singapura/SG_012.md,23,599,0.7963,0,OK
SG_012,dados_intermediarios/processed/singapura/SG_012.md,24,98,0.6122,0,OK
SG_012,dados_intermediarios/processed/singapura/SG_012.md,25,1971,0.8168,0,OK
SG_012,dados_intermediarios/processed/singapura/SG_012.md,26,1702,0.7673,0,OK
SG_012,dados_intermediarios/processed/singapura/SG_012.md,27,1806,0.7398,0,OK
SG_012,dados_intermediarios/processed/singapura/SG_012.md,28,887,0.8083,0,OK
SG_012,dados_intermediarios/processed/singapura/SG_012.md,29,1773,0.6531,0,OK
SG_012,dados_intermediarios/processed/singapura/SG_012.md,30,1062,0.58,0,OK
SG_012,dados_intermediarios/processed/singapura/SG_012.md,31,623,0.6308,0,OK
SG_012,dados_intermediarios/processed/singapura/SG_012.md,32,199,0.5578,0,OK
SG_012,dados_intermediarios/processed/singapura/SG_012.md,33,1695,0.7156,0,OK
SG_012,dados_intermediarios/processed/singapura/SG_012.md,34,1798,0.6935,0,OK
SG_013,dados_intermediarios/processed/singapura/SG_013.md,1,2179,0.8251,0,OK
SG_013,dados_intermediarios/processed/singapura/SG_013.md,2,2174,0.8215,0,OK
SG_013,dados_intermediarios/processed/singapura/SG_013.md,3,693,0.8456,0,OK
SG_013,dados_intermediarios/processed/singapura/SG_013.md,4,1582,0.8357,0,OK
SG_013,dados_intermediarios/processed/singapura/SG_013.md,5,1785,0.814,0,OK
SG_013,dados_intermediarios/processed/singapura/SG_013.md,6,759,0.8458,0,OK
SG_013,dados_intermediarios/processed/singapura/SG_013.md,7,1836,0.8159,0,OK
SG_013,dados_intermediarios/processed/singapura/SG_013.md,8,1668,0.795,0,OK
SG_014,dados_intermediarios/processed/singapura/SG_014.md,1,122,0.8689,0,OK
SG_014,dados_intermediarios/processed/singapura/SG_014.md,3,1809,0.2449,0,REVIEW_TEXT_QUALITY
SG_014,dados_intermediarios/processed/singapura/SG_014.md,4,1313,0.8096,0,OK
SG_014,dados_intermediarios/processed/singapura/SG_014.md,5,1512,0.8155,0,OK
SG_014,dados_intermediarios/processed/singapura/SG_014.md,6,457,0.7746,0,OK
SG_014,dados_intermediarios/processed/singapura/SG_014.md,7,1829,0.8234,0,OK
SG_014,dados_intermediarios/processed/singapura/SG_014.md,8,1866,0.8189,0,OK
SG_014,dados_intermediarios/processed/singapura/SG_014.md,9,121,0.8512,0,OK
SG_014,dados_intermediarios/processed/singapura/SG_014.md,10,1438,0.8067,0,OK
SG_014,dados_intermediarios/processed/singapura/SG_014.md,11,1665,0.8108,0,OK
SG_014,dados_intermediarios/processed/singapura/SG_014.md,12,21,0.8095,0,LOW_TEXT
SG_014,dados_intermediarios/processed/singapura/SG_014.md,13,2002,0.8152,0,OK
SG_014,dados_intermediarios/processed/singapura/SG_014.md,14,1453,0.8211,0,OK
SG_014,dados_intermediarios/processed/singapura/SG_014.md,15,1076,0.8104,0,OK
SG_014,dados_intermediarios/processed/singapura/SG_014.md,16,1236,0.818,0,OK
SG_014,dados_intermediarios/processed/singapura/SG_014.md,17,2108,0.8131,0,OK
SG_014,dados_intermediarios/processed/singapura/SG_014.md,18,2455,0.8045,0,OK
SG_014,dados_intermediarios/processed/singapura/SG_014.md,19,146,0.8425,0,OK
SG_014,dados_intermediarios/processed/singapura/SG_014.md,20,1718,0.8196,0,OK
SG_014,dados_intermediarios/processed/singapura/SG_014.md,21,1504,0.8298,0,OK
SG_014,dados_intermediarios/processed/singapura/SG_014.md,22,1438,0.7844,0,OK
SG_014,dados_intermediarios/processed/singapura/SG_014.md,23,1026,0.8119,0,OK
SG_014,dados_intermediarios/processed/singapura/SG_014.md,24,1693,0.8187,0,OK
SG_014,dados_intermediarios/processed/singapura/SG_014.md,25,2227,0.815,0,OK
SG_014,dados_intermediarios/processed/singapura/SG_014.md,26,1580,0.8209,0,OK
SG_014,dados_intermediarios/processed/singapura/SG_014.md,27,1581,0.8052,0,OK
SG_014,dados_intermediarios/processed/singapura/SG_014.md,28,1736,0.8197,0,OK
SG_014,dados_intermediarios/processed/singapura/SG_014.md,29,1591,0.8303,0,OK
SG_014,dados_intermediarios/processed/singapura/SG_014.md,30,2360,0.8072,0,OK
SG_014,dados_intermediarios/processed/singapura/SG_014.md,31,2209,0.8067,0,OK
SG_014,dados_intermediarios/processed/singapura/SG_014.md,32,1555,0.8238,0,OK
SG_014,dados_intermediarios/processed/singapura/SG_014.md,33,2013,0.8147,0,OK
SG_014,dados_intermediarios/processed/singapura/SG_014.md,34,1652,0.8021,0,OK
SG_014,dados_intermediarios/processed/singapura/SG_014.md,35,1809,0.8082,0,OK
SG_014,dados_intermediarios/processed/singapura/SG_014.md,36,1840,0.8174,0,OK
SG_014,dados_intermediarios/processed/singapura/SG_014.md,37,1415,0.7972,0,OK
SG_014,dados_intermediarios/processed/singapura/SG_014.md,38,1541,0.791,0,OK
SG_014,dados_intermediarios/processed/singapura/SG_014.md,39,1607,0.8096,0,OK
SG_014,dados_intermediarios/processed/singapura/SG_014.md,40,1770,0.8028,0,OK
SG_014,dados_intermediarios/processed/singapura/SG_014.md,41,2369,0.8134,0,OK
SG_014,dados_intermediarios/processed/singapura/SG_014.md,42,1998,0.7938,0,OK
SG_014,dados_intermediarios/processed/singapura/SG_014.md,43,2096,0.8096,0,OK
SG_014,dados_intermediarios/processed/singapura/SG_014.md,44,1982,0.8219,0,OK
SG_014,dados_intermediarios/processed/singapura/SG_014.md,45,2235,0.8166,0,OK
SG_014,dados_intermediarios/processed/singapura/SG_014.md,46,1736,0.8007,0,OK
SG_014,dados_intermediarios/processed/singapura/SG_014.md,47,2211,0.815,0,OK
SG_014,dados_intermediarios/processed/singapura/SG_014.md,48,2044,0.8092,0,OK
SG_014,dados_intermediarios/processed/singapura/SG_014.md,49,1579,0.8056,0,OK
SG_014,dados_intermediarios/processed/singapura/SG_014.md,50,1615,0.8192,0,OK
SG_014,dados_intermediarios/processed/singapura/SG_014.md,51,2303,0.8307,0,OK
SG_014,dados_intermediarios/processed/singapura/SG_014.md,52,1875,0.824,0,OK
SG_014,dados_intermediarios/processed/singapura/SG_014.md,53,2217,0.8169,0,OK
SG_014,dados_intermediarios/processed/singapura/SG_014.md,54,1797,0.828,0,OK
SG_014,dados_intermediarios/processed/singapura/SG_014.md,55,2033,0.8116,0,OK
SG_014,dados_intermediarios/processed/singapura/SG_014.md,56,1123,0.8175,0,OK
SG_014,dados_intermediarios/processed/singapura/SG_014.md,57,2419,0.8098,0,OK
SG_014,dados_intermediarios/processed/singapura/SG_014.md,58,2152,0.823,0,OK
SG_014,dados_intermediarios/processed/singapura/SG_014.md,59,1794,0.8077,0,OK
SG_014,dados_intermediarios/processed/singapura/SG_014.md,60,1813,0.8119,0,OK
SG_014,dados_intermediarios/processed/singapura/SG_014.md,61,1517,0.7746,0,OK
SG_014,dados_intermediarios/processed/singapura/SG_014.md,62,1909,0.8104,0,OK
SG_014,dados_intermediarios/processed/singapura/SG_014.md,63,588,0.8265,0,OK
SG_014,dados_intermediarios/processed/singapura/SG_014.md,64,2981,0.7984,0,OK
SG_014,dados_intermediarios/processed/singapura/SG_014.md,65,1571,0.7613,0,OK
SG_014,dados_intermediarios/processed/singapura/SG_014.md,66,1072,0.805,0,OK
SG_014,dados_intermediarios/processed/singapura/SG_014.md,67,3164,0.8224,0,OK
SG_014,dados_intermediarios/processed/singapura/SG_014.md,68,759,0.8432,0,OK
SG_014,dados_intermediarios/processed/singapura/SG_014.md,69,55,0.8727,0,OK
SG_014,dados_intermediarios/processed/singapura/SG_014.md,70,1527,0.8029,0,OK
SG_015,dados_intermediarios/processed_ocr/SG_015.md,1,222,0.6937,0,OK
SG_015,dados_intermediarios/processed_ocr/SG_015.md,2,693,0.8023,0,OK
SG_015,dados_intermediarios/processed_ocr/SG_015.md,3,744,0.8091,0,OK
SG_015,dados_intermediarios/processed_ocr/SG_015.md,4,214,0.8318,0,OK
SG_015,dados_intermediarios/processed_ocr/SG_015.md,5,734,0.7997,0,OK
SG_015,dados_intermediarios/processed_ocr/SG_015.md,6,798,0.7431,0,OK
SG_015,dados_intermediarios/processed_ocr/SG_015.md,7,610,0.7951,0,OK
SG_015,dados_intermediarios/processed_ocr/SG_015.md,8,980,0.8082,0,OK
SG_015,dados_intermediarios/processed_ocr/SG_015.md,9,838,0.7637,0,OK
SG_015,dados_intermediarios/processed_ocr/SG_015.md,10,361,0.8366,0,OK
SG_015,dados_intermediarios/processed_ocr/SG_015.md,11,693,0.8196,0,OK
SG_015,dados_intermediarios/processed_ocr/SG_015.md,12,852,0.7758,0,OK
SG_015,dados_intermediarios/processed_ocr/SG_015.md,13,284,0.7958,0,OK
SG_016,dados_intermediarios/processed/singapura/SG_016.md,1,399,0.7669,0,OK
SG_016,dados_intermediarios/processed/singapura/SG_016.md,2,208,0.8317,0,OK
SG_016,dados_intermediarios/processed/singapura/SG_016.md,3,600,0.7067,0,OK
SG_016,dados_intermediarios/processed/singapura/SG_016.md,4,191,0.7382,0,OK
SG_016,dados_intermediarios/processed/singapura/SG_016.md,5,1523,0.8083,0,OK
SG_016,dados_intermediarios/processed/singapura/SG_016.md,6,2283,0.7534,0,OK
SG_016,dados_intermediarios/processed/singapura/SG_016.md,7,2061,0.82,0,OK
SG_016,dados_intermediarios/processed/singapura/SG_016.md,8,680,0.6956,0,OK
SG_016,dados_intermediarios/processed/singapura/SG_016.md,9,1181,0.7646,0,OK
SG_016,dados_intermediarios/processed/singapura/SG_016.md,10,98,0.6735,0,OK
SG_016,dados_intermediarios/processed/singapura/SG_016.md,11,776,0.7758,0,OK
SG_016,dados_intermediarios/processed/singapura/SG_016.md,12,1362,0.7283,0,OK
SG_016,dados_intermediarios/processed/singapura/SG_016.md,13,1234,0.7269,0,OK
SG_016,dados_intermediarios/processed/singapura/SG_016.md,14,2028,0.7643,0,OK
SG_016,dados_intermediarios/processed/singapura/SG_016.md,15,1600,0.7725,0,OK
SG_016,dados_intermediarios/processed/singapura/SG_016.md,16,1630,0.7613,0,OK
SG_016,dados_intermediarios/processed/singapura/SG_016.md,17,1538,0.7347,0,OK
SG_016,dados_intermediarios/processed/singapura/SG_016.md,18,1041,0.7627,0,OK
SG_016,dados_intermediarios/processed/singapura/SG_016.md,19,782,0.7136,0,OK
SG_016,dados_intermediarios/processed/singapura/SG_016.md,20,1576,0.7855,0,OK
SG_016,dados_intermediarios/processed/singapura/SG_016.md,21,2107,0.7736,0,OK
SG_016,dados_intermediarios/processed/singapura/SG_016.md,22,1060,0.7462,0,OK
SG_016,dados_intermediarios/processed/singapura/SG_016.md,23,1659,0.7896,0,OK
SG_016,dados_intermediarios/processed/singapura/SG_016.md,24,1310,0.7832,0,OK
SG_016,dados_intermediarios/processed/singapura/SG_016.md,25,115,0.6957,0,OK
SG_016,dados_intermediarios/processed/singapura/SG_016.md,26,2610,0.7713,0,OK
SG_016,dados_intermediarios/processed/singapura/SG_016.md,27,1043,0.7574,0,OK
SG_016,dados_intermediarios/processed/singapura/SG_016.md,28,2196,0.7837,0,OK
SG_016,dados_intermediarios/processed/singapura/SG_016.md,29,89,0.6742,0,OK
SG_016,dados_intermediarios/processed/singapura/SG_016.md,30,2206,0.7348,0,OK
SG_016,dados_intermediarios/processed/singapura/SG_016.md,31,1737,0.7317,0,OK
SG_016,dados_intermediarios/processed/singapura/SG_016.md,32,1065,0.6554,0,OK
SG_016,dados_intermediarios/processed/singapura/SG_016.md,33,84,0.6548,0,OK
SG_016,dados_intermediarios/processed/singapura/SG_016.md,34,538,0.7658,0,OK
SG_017,dados_intermediarios/processed/singapura/SG_017.md,1,382,0.7749,0,OK
SG_017,dados_intermediarios/processed/singapura/SG_017.md,2,747,0.656,0,OK
SG_017,dados_intermediarios/processed/singapura/SG_017.md,3,231,0.8095,0,OK
SG_017,dados_intermediarios/processed/singapura/SG_017.md,4,2885,0.8066,0,OK
SG_017,dados_intermediarios/processed/singapura/SG_017.md,5,3175,0.8006,0,OK
SG_017,dados_intermediarios/processed/singapura/SG_017.md,6,1813,0.8174,0,OK
SG_017,dados_intermediarios/processed/singapura/SG_017.md,7,2076,0.7731,0,OK
SG_017,dados_intermediarios/processed/singapura/SG_017.md,8,1785,0.7507,0,OK
SG_017,dados_intermediarios/processed/singapura/SG_017.md,9,2937,0.8189,0,OK
SG_017,dados_intermediarios/processed/singapura/SG_017.md,10,2252,0.7935,0,OK
SG_017,dados_intermediarios/processed/singapura/SG_017.md,11,1268,0.7989,0,OK
SG_017,dados_intermediarios/processed/singapura/SG_017.md,12,184,0.712,0,OK
SG_017,dados_intermediarios/processed/singapura/SG_017.md,13,878,0.7904,0,OK
SG_017,dados_intermediarios/processed/singapura/SG_017.md,14,2061,0.7676,0,OK
SG_017,dados_intermediarios/processed/singapura/SG_017.md,15,950,0.7537,0,OK
SG_017,dados_intermediarios/processed/singapura/SG_017.md,16,2267,0.7777,0,OK
SG_017,dados_intermediarios/processed/singapura/SG_017.md,17,1961,0.742,0,OK
SG_017,dados_intermediarios/processed/singapura/SG_017.md,18,1602,0.7765,0,OK
SG_017,dados_intermediarios/processed/singapura/SG_017.md,19,1802,0.7575,0,OK
SG_017,dados_intermediarios/processed/singapura/SG_017.md,20,1986,0.7633,0,OK
SG_017,dados_intermediarios/processed/singapura/SG_017.md,21,626,0.7412,0,OK
SG_017,dados_intermediarios/processed/singapura/SG_017.md,22,94,0.6809,0,OK
SG_017,dados_intermediarios/processed/singapura/SG_017.md,23,2724,0.8172,0,OK
SG_017,dados_intermediarios/processed/singapura/SG_017.md,24,2617,0.8055,0,OK
SG_017,dados_intermediarios/processed/singapura/SG_017.md,25,611,0.8101,0,OK
SG_017,dados_intermediarios/processed/singapura/SG_017.md,26,116,0.6897,0,OK
SG_017,dados_intermediarios/processed/singapura/SG_017.md,27,2848,0.8146,0,OK
SG_017,dados_intermediarios/processed/singapura/SG_017.md,28,1807,0.8152,0,OK
SG_018,dados_intermediarios/processed/singapura/SG_018.md,1,471,0.7601,0,OK
SG_018,dados_intermediarios/processed/singapura/SG_018.md,2,306,0.8203,0,OK
SG_018,dados_intermediarios/processed/singapura/SG_018.md,3,884,0.707,0,OK
SG_018,dados_intermediarios/processed/singapura/SG_018.md,4,46,0.8478,0,OK
SG_018,dados_intermediarios/processed/singapura/SG_018.md,5,182,0.7253,0,OK
SG_018,dados_intermediarios/processed/singapura/SG_018.md,6,2764,0.8205,0,OK
SG_018,dados_intermediarios/processed/singapura/SG_018.md,7,2684,0.8141,0,OK
SG_018,dados_intermediarios/processed/singapura/SG_018.md,8,2344,0.7457,0,OK
SG_018,dados_intermediarios/processed/singapura/SG_018.md,9,2476,0.7819,0,OK
SG_018,dados_intermediarios/processed/singapura/SG_018.md,10,2769,0.7909,0,OK
SG_018,dados_intermediarios/processed/singapura/SG_018.md,11,113,0.8142,0,OK
SG_018,dados_intermediarios/processed/singapura/SG_018.md,12,1115,0.7193,0,OK
SG_018,dados_intermediarios/processed/singapura/SG_018.md,13,2240,0.808,0,OK
SG_018,dados_intermediarios/processed/singapura/SG_018.md,14,1639,0.7871,0,OK
SG_018,dados_intermediarios/processed/singapura/SG_018.md,15,217,0.7189,0,OK
SG_018,dados_intermediarios/processed/singapura/SG_018.md,16,1296,0.7924,0,OK
SG_018,dados_intermediarios/processed/singapura/SG_018.md,17,2113,0.7761,0,OK
SG_018,dados_intermediarios/processed/singapura/SG_018.md,18,1718,0.7654,0,OK
SG_018,dados_intermediarios/processed/singapura/SG_018.md,19,2258,0.7839,0,OK
SG_018,dados_intermediarios/processed/singapura/SG_018.md,20,1843,0.7748,0,OK
SG_018,dados_intermediarios/processed/singapura/SG_018.md,21,2113,0.7653,0,OK
SG_018,dados_intermediarios/processed/singapura/SG_018.md,22,2026,0.7878,0,OK
SG_018,dados_intermediarios/processed/singapura/SG_018.md,23,2056,0.7558,0,OK
SG_018,dados_intermediarios/processed/singapura/SG_018.md,24,1350,0.7637,0,OK
SG_018,dados_intermediarios/processed/singapura/SG_018.md,25,1839,0.7928,0,OK
SG_018,dados_intermediarios/processed/singapura/SG_018.md,26,1698,0.7479,0,OK
SG_018,dados_intermediarios/processed/singapura/SG_018.md,27,1550,0.7703,0,OK
SG_018,dados_intermediarios/processed/singapura/SG_018.md,28,2,1.0,0,LOW_TEXT
SG_018,dados_intermediarios/processed/singapura/SG_018.md,29,1553,0.6697,0,OK
SG_018,dados_intermediarios/processed/singapura/SG_018.md,30,680,0.6191,0,OK
SG_018,dados_intermediarios/processed/singapura/SG_018.md,31,125,0.704,0,OK
SG_018,dados_intermediarios/processed/singapura/SG_018.md,32,1996,0.8006,0,OK
SG_018,dados_intermediarios/processed/singapura/SG_018.md,33,1851,0.7996,0,OK
SG_018,dados_intermediarios/processed/singapura/SG_018.md,34,2097,0.7639,0,OK
SG_018,dados_intermediarios/processed/singapura/SG_018.md,35,2578,0.7894,0,OK
SG_018,dados_intermediarios/processed/singapura/SG_018.md,36,2325,0.772,0,OK
SG_018,dados_intermediarios/processed/singapura/SG_018.md,37,1926,0.7622,0,OK
SG_018,dados_intermediarios/processed/singapura/SG_018.md,38,745,0.8161,0,OK
SG_018,dados_intermediarios/processed/singapura/SG_018.md,39,142,0.6972,0,OK
SG_018,dados_intermediarios/processed/singapura/SG_018.md,40,1971,0.8168,0,OK
SG_018,dados_intermediarios/processed/singapura/SG_018.md,41,1732,0.7696,0,OK
SG_018,dados_intermediarios/processed/singapura/SG_018.md,42,1736,0.7402,0,OK
SG_018,dados_intermediarios/processed/singapura/SG_018.md,43,950,0.8011,0,OK
SG_018,dados_intermediarios/processed/singapura/SG_018.md,44,2,1.0,0,LOW_TEXT
SG_018,dados_intermediarios/processed/singapura/SG_018.md,45,1758,0.6547,0,OK
SG_018,dados_intermediarios/processed/singapura/SG_018.md,46,941,0.5611,0,OK
SG_018,dados_intermediarios/processed/singapura/SG_018.md,47,341,0.7067,0,OK
SG_018,dados_intermediarios/processed/singapura/SG_018.md,48,448,0.7188,0,OK
SG_018,dados_intermediarios/processed/singapura/SG_018.md,49,170,0.6529,0,OK
SG_018,dados_intermediarios/processed/singapura/SG_018.md,50,1592,0.7161,0,OK
SG_018,dados_intermediarios/processed/singapura/SG_018.md,51,1777,0.6967,0,OK
CH_001,dados_intermediarios/processed/suica/CH_001.md,1,495,0.8303,0,OK
CH_001,dados_intermediarios/processed/suica/CH_001.md,2,1075,0.6753,0,OK
CH_001,dados_intermediarios/processed/suica/CH_001.md,3,503,0.831,0,OK
CH_001,dados_intermediarios/processed/suica/CH_001.md,4,1998,0.8073,0,OK
CH_001,dados_intermediarios/processed/suica/CH_001.md,5,2635,0.8023,0,OK
CH_001,dados_intermediarios/processed/suica/CH_001.md,6,1021,0.8168,0,OK
CH_001,dados_intermediarios/processed/suica/CH_001.md,7,1207,0.7995,0,OK
CH_002,dados_intermediarios/processed/suica/CH_002.md,1,2708,0.8135,0,OK
CH_002,dados_intermediarios/processed/suica/CH_002.md,2,83,0.8072,0,OK
CH_002,dados_intermediarios/processed/suica/CH_002.md,3,1869,0.8122,0,OK
CH_002,dados_intermediarios/processed/suica/CH_002.md,4,4620,0.8145,0,OK
CH_002,dados_intermediarios/processed/suica/CH_002.md,5,1,1.0,0,LOW_TEXT
CH_002,dados_intermediarios/processed/suica/CH_002.md,6,3067,0.8181,0,OK
CH_002,dados_intermediarios/processed/suica/CH_002.md,7,2546,0.8154,0,OK
CH_002,dados_intermediarios/processed/suica/CH_002.md,8,2408,0.8119,0,OK
CH_002,dados_intermediarios/processed/suica/CH_002.md,9,713,0.8121,0,OK
CH_003,dados_intermediarios/processed/suica/CH_003.md,1,21,0.9048,0,LOW_TEXT
CH_003,dados_intermediarios/processed/suica/CH_003.md,2,381,0.8451,0,OK
CH_003,dados_intermediarios/processed/suica/CH_003.md,3,222,0.8198,0,OK
CH_003,dados_intermediarios/processed/suica/CH_003.md,4,1182,0.8579,0,OK
CH_003,dados_intermediarios/processed/suica/CH_003.md,5,3840,0.8581,0,OK
CH_003,dados_intermediarios/processed/suica/CH_003.md,6,2835,0.8504,0,OK
CH_003,dados_intermediarios/processed/suica/CH_003.md,7,3663,0.8498,0,OK
CH_003,dados_intermediarios/processed/suica/CH_003.md,8,3762,0.8541,0,OK
CH_003,dados_intermediarios/processed/suica/CH_003.md,9,2766,0.8496,0,OK
CH_003,dados_intermediarios/processed/suica/CH_003.md,10,2059,0.7936,0,OK
CH_003,dados_intermediarios/processed/suica/CH_003.md,11,1907,0.7357,0,OK
CH_003,dados_intermediarios/processed/suica/CH_003.md,12,1049,0.7531,0,OK
CH_003,dados_intermediarios/processed/suica/CH_003.md,13,2012,0.8345,0,OK
CH_003,dados_intermediarios/processed/suica/CH_003.md,14,1844,0.8031,0,OK
CH_003,dados_intermediarios/processed/suica/CH_003.md,15,2430,0.8148,0,OK
CH_003,dados_intermediarios/processed/suica/CH_003.md,16,412,0.835,0,OK
CH_003,dados_intermediarios/processed/suica/CH_003.md,17,1360,0.8235,0,OK
CH_003,dados_intermediarios/processed/suica/CH_003.md,18,1647,0.8421,0,OK
CH_003,dados_intermediarios/processed/suica/CH_003.md,19,2071,0.8368,0,OK
TW_001,dados_intermediarios/processed/taiwan/TW_001.md,1,89,0.4494,0,OK
TW_001,dados_intermediarios/processed/taiwan/TW_001.md,3,1188,0.1843,0,REVIEW_TEXT_QUALITY
TW_001,dados_intermediarios/processed/taiwan/TW_001.md,5,1161,0.8725,0,OK
TW_001,dados_intermediarios/processed/taiwan/TW_001.md,6,637,0.7425,0,OK
TW_001,dados_intermediarios/processed/taiwan/TW_001.md,7,858,0.7203,0,OK
TW_001,dados_intermediarios/processed/taiwan/TW_001.md,8,862,0.7274,0,OK
TW_001,dados_intermediarios/processed/taiwan/TW_001.md,9,999,0.7858,0,OK
TW_001,dados_intermediarios/processed/taiwan/TW_001.md,10,1079,0.8007,0,OK
TW_001,dados_intermediarios/processed/taiwan/TW_001.md,11,1184,0.7103,0,OK
TW_001,dados_intermediarios/processed/taiwan/TW_001.md,12,1135,0.7313,0,OK
TW_001,dados_intermediarios/processed/taiwan/TW_001.md,13,875,0.6606,0,OK
TW_001,dados_intermediarios/processed/taiwan/TW_001.md,14,976,0.7602,0,OK
TW_001,dados_intermediarios/processed/taiwan/TW_001.md,15,955,0.7194,0,OK
TW_001,dados_intermediarios/processed/taiwan/TW_001.md,16,912,0.8026,0,OK
TW_001,dados_intermediarios/processed/taiwan/TW_001.md,17,933,0.7588,0,OK
TW_001,dados_intermediarios/processed/taiwan/TW_001.md,18,842,0.7031,0,OK
TW_001,dados_intermediarios/processed/taiwan/TW_001.md,19,876,0.718,0,OK
TW_001,dados_intermediarios/processed/taiwan/TW_001.md,20,910,0.7945,0,OK
TW_001,dados_intermediarios/processed/taiwan/TW_001.md,21,1093,0.8545,0,OK
TW_001,dados_intermediarios/processed/taiwan/TW_001.md,22,1007,0.8431,0,OK
TW_001,dados_intermediarios/processed/taiwan/TW_001.md,23,1059,0.8385,0,OK
TW_001,dados_intermediarios/processed/taiwan/TW_001.md,24,678,0.8245,0,OK
TW_001,dados_intermediarios/processed/taiwan/TW_001.md,25,1190,0.663,0,OK
TW_001,dados_intermediarios/processed/taiwan/TW_001.md,26,1237,0.6597,0,OK
TW_001,dados_intermediarios/processed/taiwan/TW_001.md,27,1081,0.6475,0,OK
TW_001,dados_intermediarios/processed/taiwan/TW_001.md,28,1073,0.6692,0,OK
TW_001,dados_intermediarios/processed/taiwan/TW_001.md,29,654,0.6758,0,OK
TW_001,dados_intermediarios/processed/taiwan/TW_001.md,30,1057,0.8458,0,OK
TW_001,dados_intermediarios/processed/taiwan/TW_001.md,31,1276,0.844,0,OK
TW_001,dados_intermediarios/processed/taiwan/TW_001.md,32,1199,0.7706,0,OK
TW_001,dados_intermediarios/processed/taiwan/TW_001.md,33,1042,0.6785,0,OK
TW_001,dados_intermediarios/processed/taiwan/TW_001.md,34,965,0.6756,0,OK
TW_001,dados_intermediarios/processed/taiwan/TW_001.md,35,1080,0.6435,0,OK
TW_001,dados_intermediarios/processed/taiwan/TW_001.md,36,1001,0.6444,0,OK
TW_001,dados_intermediarios/processed/taiwan/TW_001.md,37,1114,0.6212,0,OK
TW_001,dados_intermediarios/processed/taiwan/TW_001.md,38,1052,0.6331,0,OK
TW_001,dados_intermediarios/processed/taiwan/TW_001.md,39,970,0.6835,0,OK
TW_001,dados_intermediarios/processed/taiwan/TW_001.md,40,1021,0.6807,0,OK
TW_001,dados_intermediarios/processed/taiwan/TW_001.md,41,893,0.654,0,OK
TW_001,dados_intermediarios/processed/taiwan/TW_001.md,42,982,0.6752,0,OK
TW_001,dados_intermediarios/processed/taiwan/TW_001.md,43,1004,0.6932,0,OK
TW_001,dados_intermediarios/processed/taiwan/TW_001.md,44,1143,0.6859,0,OK
TW_001,dados_intermediarios/processed/taiwan/TW_001.md,45,763,0.6632,0,OK
TW_001,dados_intermediarios/processed/taiwan/TW_001.md,46,821,0.659,0,OK
TW_001,dados_intermediarios/processed/taiwan/TW_001.md,47,926,0.6793,0,OK
TW_001,dados_intermediarios/processed/taiwan/TW_001.md,48,862,0.6729,0,OK
TW_001,dados_intermediarios/processed/taiwan/TW_001.md,49,971,0.6838,0,OK
TW_001,dados_intermediarios/processed/taiwan/TW_001.md,50,879,0.6951,0,OK
TW_001,dados_intermediarios/processed/taiwan/TW_001.md,51,969,0.6945,0,OK
TW_001,dados_intermediarios/processed/taiwan/TW_001.md,52,881,0.6981,0,OK
TW_001,dados_intermediarios/processed/taiwan/TW_001.md,53,953,0.7251,0,OK
TW_001,dados_intermediarios/processed/taiwan/TW_001.md,54,633,0.6951,0,OK
UY_001,dados_intermediarios/processed/uruguai/UY_001.md,1,65,0.8462,0,OK
UY_001,dados_intermediarios/processed/uruguai/UY_001.md,6,28,0.8214,0,LOW_TEXT
UY_001,dados_intermediarios/processed/uruguai/UY_001.md,7,1977,0.7987,0,OK
UY_001,dados_intermediarios/processed/uruguai/UY_001.md,8,472,0.8157,0,OK
UY_001,dados_intermediarios/processed/uruguai/UY_001.md,9,830,0.8217,0,OK
UY_001,dados_intermediarios/processed/uruguai/UY_001.md,10,678,0.8186,0,OK
UY_001,dados_intermediarios/processed/uruguai/UY_001.md,11,670,0.8179,0,OK
UY_001,dados_intermediarios/processed/uruguai/UY_001.md,12,1596,0.7932,0,OK
UY_001,dados_intermediarios/processed/uruguai/UY_001.md,13,3015,0.7977,0,OK
UY_001,dados_intermediarios/processed/uruguai/UY_001.md,14,2984,0.7986,0,OK
UY_001,dados_intermediarios/processed/uruguai/UY_001.md,15,1324,0.7893,0,OK
UY_001,dados_intermediarios/processed/uruguai/UY_001.md,16,899,0.792,0,OK
UY_001,dados_intermediarios/processed/uruguai/UY_001.md,17,1628,0.7985,0,OK
UY_001,dados_intermediarios/processed/uruguai/UY_001.md,18,2604,0.7999,0,OK
UY_001,dados_intermediarios/processed/uruguai/UY_001.md,19,1565,0.8013,0,OK
UY_001,dados_intermediarios/processed/uruguai/UY_001.md,20,2281,0.8001,0,OK
UY_001,dados_intermediarios/processed/uruguai/UY_001.md,21,2947,0.8035,0,OK
UY_001,dados_intermediarios/processed/uruguai/UY_001.md,22,1683,0.8039,0,OK
UY_001,dados_intermediarios/processed/uruguai/UY_001.md,23,1041,0.8079,0,OK
UY_001,dados_intermediarios/processed/uruguai/UY_001.md,24,2890,0.8073,0,OK
UY_001,dados_intermediarios/processed/uruguai/UY_001.md,25,2937,0.7978,0,OK
UY_001,dados_intermediarios/processed/uruguai/UY_001.md,26,1737,0.8106,0,OK
UY_001,dados_intermediarios/processed/uruguai/UY_001.md,27,2983,0.7985,0,OK
UY_001,dados_intermediarios/processed/uruguai/UY_001.md,28,1741,0.8018,0,OK
UY_001,dados_intermediarios/processed/uruguai/UY_001.md,29,31,0.8065,0,LOW_TEXT
UY_001,dados_intermediarios/processed/uruguai/UY_001.md,30,81,0.8272,0,OK
UY_001,dados_intermediarios/processed/uruguai/UY_001.md,31,1209,0.7924,0,OK
UY_001,dados_intermediarios/processed/uruguai/UY_001.md,32,2220,0.8032,0,OK
UY_001,dados_intermediarios/processed/uruguai/UY_001.md,33,1728,0.8032,0,OK
UY_001,dados_intermediarios/processed/uruguai/UY_001.md,34,2209,0.8035,0,OK
UY_001,dados_intermediarios/processed/uruguai/UY_001.md,35,1555,0.7839,0,OK
UY_001,dados_intermediarios/processed/uruguai/UY_001.md,36,2426,0.8054,0,OK
UY_001,dados_intermediarios/processed/uruguai/UY_001.md,37,928,0.8039,0,OK
UY_001,dados_intermediarios/processed/uruguai/UY_001.md,38,2764,0.8028,0,OK
UY_001,dados_intermediarios/processed/uruguai/UY_001.md,39,2304,0.7999,0,OK
UY_001,dados_intermediarios/processed/uruguai/UY_001.md,40,1992,0.7942,0,OK
UY_001,dados_intermediarios/processed/uruguai/UY_001.md,41,31,0.8065,0,LOW_TEXT
UY_001,dados_intermediarios/processed/uruguai/UY_001.md,42,42,0.8095,0,OK
UY_001,dados_intermediarios/processed/uruguai/UY_001.md,43,1071,0.7993,0,OK
UY_001,dados_intermediarios/processed/uruguai/UY_001.md,44,2061,0.7957,0,OK
UY_001,dados_intermediarios/processed/uruguai/UY_001.md,45,2356,0.7997,0,OK
UY_001,dados_intermediarios/processed/uruguai/UY_001.md,46,1826,0.7881,0,OK
UY_001,dados_intermediarios/processed/uruguai/UY_001.md,47,2025,0.797,0,OK
UY_001,dados_intermediarios/processed/uruguai/UY_001.md,48,2003,0.7943,0,OK
UY_001,dados_intermediarios/processed/uruguai/UY_001.md,49,973,0.7996,0,OK
UY_001,dados_intermediarios/processed/uruguai/UY_001.md,50,2863,0.795,0,OK
UY_001,dados_intermediarios/processed/uruguai/UY_001.md,51,2084,0.797,0,OK
UY_001,dados_intermediarios/processed/uruguai/UY_001.md,52,2539,0.7952,0,OK
UY_001,dados_intermediarios/processed/uruguai/UY_001.md,53,31,0.8065,0,LOW_TEXT
UY_001,dados_intermediarios/processed/uruguai/UY_001.md,54,91,0.8462,0,OK
UY_001,dados_intermediarios/processed/uruguai/UY_001.md,55,1132,0.8021,0,OK
UY_001,dados_intermediarios/processed/uruguai/UY_001.md,56,1974,0.7979,0,OK
UY_001,dados_intermediarios/processed/uruguai/UY_001.md,57,1772,0.7991,0,OK
UY_001,dados_intermediarios/processed/uruguai/UY_001.md,58,2687,0.8024,0,OK
UY_001,dados_intermediarios/processed/uruguai/UY_001.md,59,2423,0.7998,0,OK
UY_001,dados_intermediarios/processed/uruguai/UY_001.md,60,1775,0.7983,0,OK
UY_001,dados_intermediarios/processed/uruguai/UY_001.md,61,1011,0.8091,0,OK
UY_001,dados_intermediarios/processed/uruguai/UY_001.md,62,2203,0.793,0,OK
UY_001,dados_intermediarios/processed/uruguai/UY_001.md,63,1569,0.8031,0,OK
UY_001,dados_intermediarios/processed/uruguai/UY_001.md,64,2870,0.8049,0,OK
UY_001,dados_intermediarios/processed/uruguai/UY_001.md,65,2417,0.8002,0,OK
UY_001,dados_intermediarios/processed/uruguai/UY_001.md,66,977,0.8209,0,OK
UY_001,dados_intermediarios/processed/uruguai/UY_001.md,67,1732,0.7985,0,OK
UY_001,dados_intermediarios/processed/uruguai/UY_001.md,68,3082,0.7901,0,OK
UY_001,dados_intermediarios/processed/uruguai/UY_001.md,69,31,0.8065,0,LOW_TEXT
UY_001,dados_intermediarios/processed/uruguai/UY_001.md,70,84,0.8095,0,OK
UY_001,dados_intermediarios/processed/uruguai/UY_001.md,71,1117,0.8084,0,OK
UY_001,dados_intermediarios/processed/uruguai/UY_001.md,72,2086,0.7881,0,OK
UY_001,dados_intermediarios/processed/uruguai/UY_001.md,73,1013,0.7838,0,OK
UY_001,dados_intermediarios/processed/uruguai/UY_001.md,74,2334,0.7952,0,OK
UY_001,dados_intermediarios/processed/uruguai/UY_001.md,75,1938,0.8024,0,OK
UY_001,dados_intermediarios/processed/uruguai/UY_001.md,76,2635,0.7966,0,OK
UY_001,dados_intermediarios/processed/uruguai/UY_001.md,77,994,0.7968,0,OK
UY_001,dados_intermediarios/processed/uruguai/UY_001.md,78,2631,0.7978,0,OK
UY_001,dados_intermediarios/processed/uruguai/UY_001.md,79,2027,0.8022,0,OK
UY_001,dados_intermediarios/processed/uruguai/UY_001.md,80,2729,0.8021,0,OK
UY_001,dados_intermediarios/processed/uruguai/UY_001.md,81,1885,0.8048,0,OK
UY_001,dados_intermediarios/processed/uruguai/UY_001.md,82,2261,0.7979,0,OK
UY_001,dados_intermediarios/processed/uruguai/UY_001.md,83,2942,0.7933,0,OK
UY_001,dados_intermediarios/processed/uruguai/UY_001.md,84,3338,0.7843,0,OK
UY_001,dados_intermediarios/processed/uruguai/UY_001.md,85,31,0.8065,0,LOW_TEXT
UY_001,dados_intermediarios/processed/uruguai/UY_001.md,86,99,0.8182,0,OK
UY_001,dados_intermediarios/processed/uruguai/UY_001.md,87,1119,0.8025,0,OK
UY_001,dados_intermediarios/processed/uruguai/UY_001.md,88,1966,0.796,0,OK
UY_001,dados_intermediarios/processed/uruguai/UY_001.md,89,1060,0.8009,0,OK
UY_001,dados_intermediarios/processed/uruguai/UY_001.md,90,2339,0.8008,0,OK
UY_001,dados_intermediarios/processed/uruguai/UY_001.md,91,2636,0.794,0,OK
UY_001,dados_intermediarios/processed/uruguai/UY_001.md,92,2228,0.7967,0,OK
UY_001,dados_intermediarios/processed/uruguai/UY_001.md,93,2647,0.7956,0,OK
UY_001,dados_intermediarios/processed/uruguai/UY_001.md,94,1987,0.7911,0,OK
UY_001,dados_intermediarios/processed/uruguai/UY_001.md,95,1774,0.8089,0,OK
UY_001,dados_intermediarios/processed/uruguai/UY_001.md,96,663,0.7934,0,OK
UY_001,dados_intermediarios/processed/uruguai/UY_001.md,97,31,0.8065,0,LOW_TEXT
UY_001,dados_intermediarios/processed/uruguai/UY_001.md,98,57,0.8596,0,OK
UY_001,dados_intermediarios/processed/uruguai/UY_001.md,99,586,0.8259,0,OK
UY_001,dados_intermediarios/processed/uruguai/UY_001.md,100,1784,0.8049,0,OK
UY_001,dados_intermediarios/processed/uruguai/UY_001.md,101,2279,0.8052,0,OK
UY_001,dados_intermediarios/processed/uruguai/UY_001.md,102,1809,0.8021,0,OK
UY_001,dados_intermediarios/processed/uruguai/UY_001.md,103,2061,0.7875,0,OK
UY_001,dados_intermediarios/processed/uruguai/UY_001.md,104,953,0.8048,0,OK
UY_001,dados_intermediarios/processed/uruguai/UY_001.md,105,2991,0.8047,0,OK
UY_001,dados_intermediarios/processed/uruguai/UY_001.md,106,1645,0.8024,0,OK
UY_001,dados_intermediarios/processed/uruguai/UY_001.md,107,1972,0.8139,0,OK
UY_001,dados_intermediarios/processed/uruguai/UY_001.md,108,895,0.8022,0,OK
UY_001,dados_intermediarios/processed/uruguai/UY_001.md,109,2700,0.7919,0,OK
UY_001,dados_intermediarios/processed/uruguai/UY_001.md,110,937,0.8058,0,OK
UY_001,dados_intermediarios/processed/uruguai/UY_001.md,111,738,0.7954,0,OK
UY_001,dados_intermediarios/processed/uruguai/UY_001.md,112,3802,0.7756,0,OK
UY_001,dados_intermediarios/processed/uruguai/UY_001.md,113,32,0.8125,0,LOW_TEXT
UY_001,dados_intermediarios/processed/uruguai/UY_001.md,114,93,0.8172,0,OK
UY_001,dados_intermediarios/processed/uruguai/UY_001.md,115,842,0.8017,0,OK
UY_001,dados_intermediarios/processed/uruguai/UY_001.md,116,1623,0.8065,0,OK
UY_001,dados_intermediarios/processed/uruguai/UY_001.md,117,966,0.8075,0,OK
UY_001,dados_intermediarios/processed/uruguai/UY_001.md,118,2416,0.798,0,OK
UY_001,dados_intermediarios/processed/uruguai/UY_001.md,119,1532,0.797,0,OK
UY_001,dados_intermediarios/processed/uruguai/UY_001.md,120,2049,0.8058,0,OK
UY_001,dados_intermediarios/processed/uruguai/UY_001.md,121,2368,0.8074,0,OK
UY_001,dados_intermediarios/processed/uruguai/UY_001.md,122,2810,0.7801,0,OK
UY_001,dados_intermediarios/processed/uruguai/UY_001.md,123,32,0.8125,0,LOW_TEXT
UY_001,dados_intermediarios/processed/uruguai/UY_001.md,124,100,0.83,0,OK
UY_001,dados_intermediarios/processed/uruguai/UY_001.md,125,1225,0.8098,0,OK
UY_001,dados_intermediarios/processed/uruguai/UY_001.md,126,1791,0.8018,0,OK
UY_001,dados_intermediarios/processed/uruguai/UY_001.md,127,1866,0.8119,0,OK
UY_001,dados_intermediarios/processed/uruguai/UY_001.md,128,2296,0.8114,0,OK
UY_001,dados_intermediarios/processed/uruguai/UY_001.md,129,2140,0.8,0,OK
UY_001,dados_intermediarios/processed/uruguai/UY_001.md,130,1049,0.8055,0,OK
UY_001,dados_intermediarios/processed/uruguai/UY_001.md,131,2400,0.8054,0,OK
UY_001,dados_intermediarios/processed/uruguai/UY_001.md,132,1800,0.8006,0,OK
UY_001,dados_intermediarios/processed/uruguai/UY_001.md,133,1413,0.8011,0,OK
UY_001,dados_intermediarios/processed/uruguai/UY_001.md,134,2148,0.7998,0,OK
UY_001,dados_intermediarios/processed/uruguai/UY_001.md,135,2924,0.804,0,OK
UY_001,dados_intermediarios/processed/uruguai/UY_001.md,136,994,0.8119,0,OK
UY_001,dados_intermediarios/processed/uruguai/UY_001.md,137,1516,0.81,0,OK
UY_001,dados_intermediarios/processed/uruguai/UY_001.md,138,2661,0.8102,0,OK
UY_001,dados_intermediarios/processed/uruguai/UY_001.md,139,2754,0.7912,0,OK
UY_001,dados_intermediarios/processed/uruguai/UY_001.md,140,3413,0.7896,0,OK
UY_001,dados_intermediarios/processed/uruguai/UY_001.md,141,32,0.8125,0,LOW_TEXT
UY_001,dados_intermediarios/processed/uruguai/UY_001.md,142,85,0.8471,0,OK
UY_001,dados_intermediarios/processed/uruguai/UY_001.md,143,1115,0.8072,0,OK
UY_001,dados_intermediarios/processed/uruguai/UY_001.md,144,1879,0.8004,0,OK
UY_001,dados_intermediarios/processed/uruguai/UY_001.md,145,3004,0.7909,0,OK
UY_001,dados_intermediarios/processed/uruguai/UY_001.md,146,1025,0.801,0,OK
UY_001,dados_intermediarios/processed/uruguai/UY_001.md,147,1978,0.7983,0,OK
UY_001,dados_intermediarios/processed/uruguai/UY_001.md,148,1040,0.7846,0,OK
UY_001,dados_intermediarios/processed/uruguai/UY_001.md,149,1703,0.8033,0,OK
UY_001,dados_intermediarios/processed/uruguai/UY_001.md,150,2207,0.7934,0,OK
UY_001,dados_intermediarios/processed/uruguai/UY_001.md,151,2018,0.7899,0,OK
UY_001,dados_intermediarios/processed/uruguai/UY_001.md,152,927,0.7907,0,OK
UY_001,dados_intermediarios/processed/uruguai/UY_001.md,153,883,0.7984,0,OK
UY_001,dados_intermediarios/processed/uruguai/UY_001.md,154,2789,0.7755,0,OK
UY_001,dados_intermediarios/processed/uruguai/UY_001.md,155,32,0.8125,0,LOW_TEXT
UY_001,dados_intermediarios/processed/uruguai/UY_001.md,156,97,0.8041,0,OK
UY_001,dados_intermediarios/processed/uruguai/UY_001.md,157,121,0.8099,0,OK
UY_001,dados_intermediarios/processed/uruguai/UY_001.md,158,1792,0.7896,0,OK
UY_001,dados_intermediarios/processed/uruguai/UY_001.md,159,1301,0.7955,0,OK
UY_001,dados_intermediarios/processed/uruguai/UY_001.md,160,1025,0.8117,0,OK
UY_001,dados_intermediarios/processed/uruguai/UY_001.md,161,1542,0.8016,0,OK
UY_001,dados_intermediarios/processed/uruguai/UY_001.md,162,1640,0.7976,0,OK
UY_001,dados_intermediarios/processed/uruguai/UY_001.md,163,1261,0.7954,0,OK
UY_001,dados_intermediarios/processed/uruguai/UY_001.md,164,802,0.8092,0,OK
UY_001,dados_intermediarios/processed/uruguai/UY_001.md,165,1030,0.7961,0,OK
UY_001,dados_intermediarios/processed/uruguai/UY_001.md,166,2268,0.7959,0,OK
UY_001,dados_intermediarios/processed/uruguai/UY_001.md,167,1273,0.7973,0,OK
UY_001,dados_intermediarios/processed/uruguai/UY_001.md,168,1945,0.8041,0,OK
UY_001,dados_intermediarios/processed/uruguai/UY_001.md,169,32,0.8125,0,LOW_TEXT
UY_001,dados_intermediarios/processed/uruguai/UY_001.md,170,68,0.7941,0,OK
UY_001,dados_intermediarios/processed/uruguai/UY_001.md,171,882,0.805,0,OK
UY_001,dados_intermediarios/processed/uruguai/UY_001.md,172,1822,0.7838,0,OK
UY_001,dados_intermediarios/processed/uruguai/UY_001.md,173,2428,0.7887,0,OK
UY_001,dados_intermediarios/processed/uruguai/UY_001.md,174,1557,0.7836,0,OK
UY_001,dados_intermediarios/processed/uruguai/UY_001.md,175,2012,0.7927,0,OK
UY_001,dados_intermediarios/processed/uruguai/UY_001.md,176,992,0.7812,0,OK
UY_001,dados_intermediarios/processed/uruguai/UY_001.md,177,2879,0.7833,0,OK
UY_001,dados_intermediarios/processed/uruguai/UY_001.md,178,1751,0.7995,0,OK
UY_001,dados_intermediarios/processed/uruguai/UY_001.md,179,1936,0.7991,0,OK
UY_001,dados_intermediarios/processed/uruguai/UY_001.md,180,1044,0.7778,0,OK
UY_001,dados_intermediarios/processed/uruguai/UY_001.md,181,2485,0.7915,0,OK
UY_001,dados_intermediarios/processed/uruguai/UY_001.md,182,998,0.7836,0,OK
UY_001,dados_intermediarios/processed/uruguai/UY_001.md,183,959,0.7967,0,OK
UY_001,dados_intermediarios/processed/uruguai/UY_001.md,184,3964,0.78,0,OK
UY_001,dados_intermediarios/processed/uruguai/UY_001.md,185,32,0.8125,0,LOW_TEXT
UY_001,dados_intermediarios/processed/uruguai/UY_001.md,186,138,0.8116,0,OK
UY_001,dados_intermediarios/processed/uruguai/UY_001.md,187,992,0.7913,0,OK
UY_001,dados_intermediarios/processed/uruguai/UY_001.md,188,1511,0.7756,0,OK
UY_001,dados_intermediarios/processed/uruguai/UY_001.md,189,1061,0.7964,0,OK
UY_001,dados_intermediarios/processed/uruguai/UY_001.md,190,861,0.7921,0,OK
UY_001,dados_intermediarios/processed/uruguai/UY_001.md,191,1571,0.7849,0,OK
UY_001,dados_intermediarios/processed/uruguai/UY_001.md,192,936,0.8002,0,OK
UY_001,dados_intermediarios/processed/uruguai/UY_001.md,193,807,0.7881,0,OK
UY_001,dados_intermediarios/processed/uruguai/UY_001.md,194,2390,0.7971,0,OK
UY_001,dados_intermediarios/processed/uruguai/UY_001.md,195,1865,0.7898,0,OK
UY_001,dados_intermediarios/processed/uruguai/UY_001.md,196,1068,0.809,0,OK
UY_001,dados_intermediarios/processed/uruguai/UY_001.md,197,32,0.8125,0,LOW_TEXT
UY_001,dados_intermediarios/processed/uruguai/UY_001.md,198,112,0.8304,0,OK
UY_001,dados_intermediarios/processed/uruguai/UY_001.md,199,1161,0.8019,0,OK
UY_001,dados_intermediarios/processed/uruguai/UY_001.md,200,1254,0.8038,0,OK
UY_001,dados_intermediarios/processed/uruguai/UY_001.md,201,1413,0.7976,0,OK
UY_001,dados_intermediarios/processed/uruguai/UY_001.md,202,794,0.7997,0,OK
UY_001,dados_intermediarios/processed/uruguai/UY_001.md,203,2082,0.8045,0,OK
UY_001,dados_intermediarios/processed/uruguai/UY_001.md,204,2209,0.8076,0,OK
UY_001,dados_intermediarios/processed/uruguai/UY_001.md,205,2360,0.8076,0,OK
UY_001,dados_intermediarios/processed/uruguai/UY_001.md,206,1642,0.8039,0,OK
UY_001,dados_intermediarios/processed/uruguai/UY_001.md,207,1554,0.8018,0,OK
UY_001,dados_intermediarios/processed/uruguai/UY_001.md,208,1022,0.8004,0,OK
UY_001,dados_intermediarios/processed/uruguai/UY_001.md,209,2734,0.7893,0,OK
UY_001,dados_intermediarios/processed/uruguai/UY_001.md,210,834,0.7914,0,OK
UY_001,dados_intermediarios/processed/uruguai/UY_001.md,211,2036,0.7913,0,OK
UY_001,dados_intermediarios/processed/uruguai/UY_001.md,212,2795,0.7878,0,OK
UY_001,dados_intermediarios/processed/uruguai/UY_001.md,213,1884,0.7803,0,OK
UY_001,dados_intermediarios/processed/uruguai/UY_001.md,214,3028,0.7982,0,OK
UY_001,dados_intermediarios/processed/uruguai/UY_001.md,215,32,0.8125,0,LOW_TEXT
UY_001,dados_intermediarios/processed/uruguai/UY_001.md,216,52,0.8269,0,OK
UY_001,dados_intermediarios/processed/uruguai/UY_001.md,217,1065,0.7962,0,OK
UY_001,dados_intermediarios/processed/uruguai/UY_001.md,218,1435,0.7979,0,OK
UY_001,dados_intermediarios/processed/uruguai/UY_001.md,219,2169,0.793,0,OK
UY_001,dados_intermediarios/processed/uruguai/UY_001.md,220,933,0.7931,0,OK
UY_001,dados_intermediarios/processed/uruguai/UY_001.md,221,2150,0.7786,0,OK
UY_001,dados_intermediarios/processed/uruguai/UY_001.md,222,2330,0.7966,0,OK
UY_001,dados_intermediarios/processed/uruguai/UY_001.md,223,1030,0.7942,0,OK
UY_001,dados_intermediarios/processed/uruguai/UY_001.md,224,1604,0.7849,0,OK
UY_001,dados_intermediarios/processed/uruguai/UY_001.md,225,1865,0.8005,0,OK
UY_001,dados_intermediarios/processed/uruguai/UY_001.md,226,1010,0.804,0,OK
UY_001,dados_intermediarios/processed/uruguai/UY_001.md,227,2783,0.8013,0,OK
UY_001,dados_intermediarios/processed/uruguai/UY_001.md,228,994,0.8028,0,OK
UY_001,dados_intermediarios/processed/uruguai/UY_001.md,229,1364,0.7903,0,OK
UY_001,dados_intermediarios/processed/uruguai/UY_001.md,230,3413,0.7858,0,OK
UY_001,dados_intermediarios/processed/uruguai/UY_001.md,231,32,0.8125,0,LOW_TEXT
UY_001,dados_intermediarios/processed/uruguai/UY_001.md,232,81,0.8148,0,OK
UY_001,dados_intermediarios/processed/uruguai/UY_001.md,233,1086,0.7762,0,OK
UY_001,dados_intermediarios/processed/uruguai/UY_001.md,234,1686,0.7805,0,OK
UY_001,dados_intermediarios/processed/uruguai/UY_001.md,235,2196,0.7864,0,OK
UY_001,dados_intermediarios/processed/uruguai/UY_001.md,236,760,0.7947,0,OK
UY_001,dados_intermediarios/processed/uruguai/UY_001.md,237,1723,0.7963,0,OK
UY_001,dados_intermediarios/processed/uruguai/UY_001.md,238,2342,0.7938,0,OK
UY_001,dados_intermediarios/processed/uruguai/UY_001.md,239,1016,0.7913,0,OK
UY_001,dados_intermediarios/processed/uruguai/UY_001.md,240,1472,0.784,0,OK
UY_001,dados_intermediarios/processed/uruguai/UY_001.md,241,1442,0.8058,0,OK
UY_001,dados_intermediarios/processed/uruguai/UY_001.md,242,1003,0.7946,0,OK
UY_001,dados_intermediarios/processed/uruguai/UY_001.md,243,32,0.8125,0,LOW_TEXT
UY_001,dados_intermediarios/processed/uruguai/UY_001.md,244,77,0.8442,0,OK
UY_001,dados_intermediarios/processed/uruguai/UY_001.md,245,102,0.8333,0,OK
UY_001,dados_intermediarios/processed/uruguai/UY_001.md,246,2181,0.8138,0,OK
UY_001,dados_intermediarios/processed/uruguai/UY_001.md,247,1839,0.7776,0,OK
UY_001,dados_intermediarios/processed/uruguai/UY_001.md,248,1734,0.8005,0,OK
UY_001,dados_intermediarios/processed/uruguai/UY_001.md,249,1975,0.7878,0,OK
UY_001,dados_intermediarios/processed/uruguai/UY_001.md,250,1220,0.7803,0,OK
UY_001,dados_intermediarios/processed/uruguai/UY_001.md,251,1791,0.7906,0,OK
UY_001,dados_intermediarios/processed/uruguai/UY_001.md,252,1204,0.7965,0,OK
UY_001,dados_intermediarios/processed/uruguai/UY_001.md,253,1221,0.7928,0,OK
UY_001,dados_intermediarios/processed/uruguai/UY_001.md,254,1353,0.7694,0,OK
UY_001,dados_intermediarios/processed/uruguai/UY_001.md,255,1261,0.7787,0,OK
UY_001,dados_intermediarios/processed/uruguai/UY_001.md,256,1412,0.7769,0,OK
UY_001,dados_intermediarios/processed/uruguai/UY_001.md,257,1455,0.7966,0,OK
UY_001,dados_intermediarios/processed/uruguai/UY_001.md,258,2001,0.7866,0,OK
UY_001,dados_intermediarios/processed/uruguai/UY_001.md,259,1468,0.7977,0,OK
UY_001,dados_intermediarios/processed/uruguai/UY_001.md,260,1520,0.7974,0,OK
UY_001,dados_intermediarios/processed/uruguai/UY_001.md,261,1467,0.773,0,OK
UY_001,dados_intermediarios/processed/uruguai/UY_001.md,262,347,0.7839,0,OK
UY_001,dados_intermediarios/processed/uruguai/UY_001.md,263,32,0.8125,0,LOW_TEXT
UY_001,dados_intermediarios/processed/uruguai/UY_001.md,264,51,0.8235,0,OK
UY_001,dados_intermediarios/processed/uruguai/UY_001.md,265,76,0.8158,0,OK
UY_001,dados_intermediarios/processed/uruguai/UY_001.md,266,1911,0.8022,0,OK
UY_001,dados_intermediarios/processed/uruguai/UY_001.md,267,849,0.808,0,OK
UY_001,dados_intermediarios/processed/uruguai/UY_001.md,268,2731,0.814,0,OK
UY_001,dados_intermediarios/processed/uruguai/UY_001.md,269,2434,0.8114,0,OK
UY_001,dados_intermediarios/processed/uruguai/UY_001.md,270,2103,0.8046,0,OK
UY_001,dados_intermediarios/processed/uruguai/UY_001.md,271,2405,0.8083,0,OK
UY_001,dados_intermediarios/processed/uruguai/UY_001.md,272,1469,0.806,0,OK
UY_001,dados_intermediarios/processed/uruguai/UY_001.md,273,2820,0.8089,0,OK
UY_001,dados_intermediarios/processed/uruguai/UY_001.md,274,2731,0.7975,0,OK
UY_001,dados_intermediarios/processed/uruguai/UY_001.md,275,1550,0.8006,0,OK
UY_001,dados_intermediarios/processed/uruguai/UY_001.md,276,2860,0.8049,0,OK
UY_001,dados_intermediarios/processed/uruguai/UY_001.md,277,1483,0.7943,0,OK
UY_001,dados_intermediarios/processed/uruguai/UY_001.md,278,2948,0.8005,0,OK
UY_001,dados_intermediarios/processed/uruguai/UY_001.md,279,2654,0.8056,0,OK
UY_001,dados_intermediarios/processed/uruguai/UY_001.md,280,941,0.7928,0,OK
UY_001,dados_intermediarios/processed/uruguai/UY_001.md,281,2476,0.7932,0,OK
UY_001,dados_intermediarios/processed/uruguai/UY_001.md,282,1768,0.7998,0,OK
UY_001,dados_intermediarios/processed/uruguai/UY_001.md,283,2770,0.7816,0,OK
UY_001,dados_intermediarios/processed/uruguai/UY_001.md,284,2138,0.7961,0,OK
UY_001,dados_intermediarios/processed/uruguai/UY_001.md,285,1992,0.7947,0,OK
UY_001,dados_intermediarios/processed/uruguai/UY_001.md,286,3473,0.7901,0,OK
UY_001,dados_intermediarios/processed/uruguai/UY_001.md,287,1206,0.7944,0,OK
UY_001,dados_intermediarios/processed/uruguai/UY_001.md,288,1983,0.7907,0,OK
UY_001,dados_intermediarios/processed/uruguai/UY_001.md,289,2089,0.7846,0,OK
UY_001,dados_intermediarios/processed/uruguai/UY_001.md,290,1709,0.7853,0,OK
UY_001,dados_intermediarios/processed/uruguai/UY_001.md,291,1746,0.7927,0,OK
UY_001,dados_intermediarios/processed/uruguai/UY_001.md,292,2694,0.7888,0,OK
UY_001,dados_intermediarios/processed/uruguai/UY_001.md,293,2993,0.7989,0,OK
UY_001,dados_intermediarios/processed/uruguai/UY_001.md,294,2410,0.8,0,OK
UY_001,dados_intermediarios/processed/uruguai/UY_001.md,295,1240,0.8089,0,OK
UY_001,dados_intermediarios/processed/uruguai/UY_001.md,296,4218,0.771,0,OK
UY_001,dados_intermediarios/processed/uruguai/UY_001.md,297,32,0.8125,0,LOW_TEXT
UY_001,dados_intermediarios/processed/uruguai/UY_001.md,298,67,0.8358,0,OK
UY_001,dados_intermediarios/processed/uruguai/UY_001.md,299,651,0.8111,0,OK
UY_001,dados_intermediarios/processed/uruguai/UY_001.md,300,2521,0.8092,0,OK
UY_001,dados_intermediarios/processed/uruguai/UY_001.md,301,2675,0.8011,0,OK
UY_001,dados_intermediarios/processed/uruguai/UY_001.md,302,1684,0.807,0,OK
UY_001,dados_intermediarios/processed/uruguai/UY_001.md,303,2403,0.8065,0,OK
UY_001,dados_intermediarios/processed/uruguai/UY_001.md,304,1622,0.8058,0,OK
UY_001,dados_intermediarios/processed/uruguai/UY_001.md,305,2232,0.8132,0,OK
UY_001,dados_intermediarios/processed/uruguai/UY_001.md,306,655,0.8229,0,OK
UY_001,dados_intermediarios/processed/uruguai/UY_001.md,307,41,0.8293,0,OK
UY_001,dados_intermediarios/processed/uruguai/UY_001.md,308,16,0.875,0,LOW_TEXT
UY_001,dados_intermediarios/processed/uruguai/UY_001.md,309,2314,0.8047,0,OK
UY_001,dados_intermediarios/processed/uruguai/UY_001.md,310,2199,0.7967,0,OK
UY_001,dados_intermediarios/processed/uruguai/UY_001.md,311,2447,0.7949,0,OK
UY_001,dados_intermediarios/processed/uruguai/UY_001.md,312,2439,0.8057,0,OK
UY_001,dados_intermediarios/processed/uruguai/UY_001.md,313,2464,0.7955,0,OK
UY_001,dados_intermediarios/processed/uruguai/UY_001.md,314,2241,0.7916,0,OK
UY_001,dados_intermediarios/processed/uruguai/UY_001.md,315,2327,0.789,0,OK
UY_001,dados_intermediarios/processed/uruguai/UY_001.md,316,2283,0.7972,0,OK
UY_001,dados_intermediarios/processed/uruguai/UY_001.md,317,1602,0.7978,0,OK
UY_001,dados_intermediarios/processed/uruguai/UY_001.md,318,882,0.6587,0,OK
UY_001,dados_intermediarios/processed/uruguai/UY_001.md,321,104,0.7788,0,OK
UY_001,dados_intermediarios/processed/uruguai/UY_001.md,322,1531,0.8093,0,OK
UY_002,dados_intermediarios/processed/uruguai/UY_002.md,1,251,0.8287,0,OK
UY_002,dados_intermediarios/processed/uruguai/UY_002.md,2,163,0.865,0,OK
UY_002,dados_intermediarios/processed/uruguai/UY_002.md,3,22,0.8636,0,LOW_TEXT
UY_002,dados_intermediarios/processed/uruguai/UY_002.md,4,2480,0.8089,0,OK
UY_002,dados_intermediarios/processed/uruguai/UY_002.md,5,443,0.833,0,OK
UY_002,dados_intermediarios/processed/uruguai/UY_002.md,6,788,0.8299,0,OK
UY_002,dados_intermediarios/processed/uruguai/UY_002.md,7,663,0.8326,0,OK
UY_002,dados_intermediarios/processed/uruguai/UY_002.md,8,586,0.8191,0,OK
UY_002,dados_intermediarios/processed/uruguai/UY_002.md,9,1617,0.7984,0,OK
UY_002,dados_intermediarios/processed/uruguai/UY_002.md,10,2944,0.8033,0,OK
UY_002,dados_intermediarios/processed/uruguai/UY_002.md,11,2694,0.8044,0,OK
UY_002,dados_intermediarios/processed/uruguai/UY_002.md,12,1428,0.7955,0,OK
UY_002,dados_intermediarios/processed/uruguai/UY_002.md,13,813,0.786,0,OK
UY_002,dados_intermediarios/processed/uruguai/UY_002.md,14,1601,0.7983,0,OK
UY_002,dados_intermediarios/processed/uruguai/UY_002.md,15,2397,0.7989,0,OK
UY_002,dados_intermediarios/processed/uruguai/UY_002.md,16,1512,0.7989,0,OK
UY_002,dados_intermediarios/processed/uruguai/UY_002.md,17,2269,0.8034,0,OK
UY_002,dados_intermediarios/processed/uruguai/UY_002.md,18,2824,0.8042,0,OK
UY_002,dados_intermediarios/processed/uruguai/UY_002.md,19,1649,0.8084,0,OK
UY_002,dados_intermediarios/processed/uruguai/UY_002.md,20,1035,0.8087,0,OK
UY_002,dados_intermediarios/processed/uruguai/UY_002.md,21,2822,0.8079,0,OK
UY_002,dados_intermediarios/processed/uruguai/UY_002.md,22,2980,0.8034,0,OK
UY_002,dados_intermediarios/processed/uruguai/UY_002.md,23,1815,0.8094,0,OK
UY_002,dados_intermediarios/processed/uruguai/UY_002.md,24,2947,0.8062,0,OK
UY_002,dados_intermediarios/processed/uruguai/UY_002.md,25,1088,0.8033,0,OK
UY_002,dados_intermediarios/processed/uruguai/UY_002.md,26,35,0.8286,0,LOW_TEXT
UY_002,dados_intermediarios/processed/uruguai/UY_002.md,27,66,0.8485,0,OK
UY_002,dados_intermediarios/processed/uruguai/UY_002.md,28,1066,0.8011,0,OK
UY_002,dados_intermediarios/processed/uruguai/UY_002.md,29,2029,0.8048,0,OK
UY_002,dados_intermediarios/processed/uruguai/UY_002.md,30,1655,0.8036,0,OK
UY_002,dados_intermediarios/processed/uruguai/UY_002.md,31,2001,0.7941,0,OK
UY_002,dados_intermediarios/processed/uruguai/UY_002.md,32,1439,0.7901,0,OK
UY_002,dados_intermediarios/processed/uruguai/UY_002.md,33,2346,0.7984,0,OK
UY_002,dados_intermediarios/processed/uruguai/UY_002.md,34,890,0.8,0,OK
UY_002,dados_intermediarios/processed/uruguai/UY_002.md,35,2730,0.8026,0,OK
UY_002,dados_intermediarios/processed/uruguai/UY_002.md,36,2130,0.8047,0,OK
UY_002,dados_intermediarios/processed/uruguai/UY_002.md,37,1834,0.7983,0,OK
UY_002,dados_intermediarios/processed/uruguai/UY_002.md,38,35,0.8286,0,LOW_TEXT
UY_002,dados_intermediarios/processed/uruguai/UY_002.md,39,40,0.825,0,OK
UY_002,dados_intermediarios/processed/uruguai/UY_002.md,40,1051,0.8078,0,OK
UY_002,dados_intermediarios/processed/uruguai/UY_002.md,41,1963,0.8095,0,OK
UY_002,dados_intermediarios/processed/uruguai/UY_002.md,42,2308,0.7946,0,OK
UY_002,dados_intermediarios/processed/uruguai/UY_002.md,43,1558,0.8042,0,OK
UY_002,dados_intermediarios/processed/uruguai/UY_002.md,44,2026,0.7981,0,OK
UY_002,dados_intermediarios/processed/uruguai/UY_002.md,45,1564,0.7928,0,OK
UY_002,dados_intermediarios/processed/uruguai/UY_002.md,46,991,0.7972,0,OK
UY_002,dados_intermediarios/processed/uruguai/UY_002.md,47,2635,0.7939,0,OK
UY_002,dados_intermediarios/processed/uruguai/UY_002.md,48,2078,0.7993,0,OK
UY_002,dados_intermediarios/processed/uruguai/UY_002.md,49,2269,0.7968,0,OK
UY_002,dados_intermediarios/processed/uruguai/UY_002.md,50,35,0.8286,0,LOW_TEXT
UY_002,dados_intermediarios/processed/uruguai/UY_002.md,51,87,0.8506,0,OK
UY_002,dados_intermediarios/processed/uruguai/UY_002.md,52,1111,0.8056,0,OK
UY_002,dados_intermediarios/processed/uruguai/UY_002.md,53,1926,0.8006,0,OK
UY_002,dados_intermediarios/processed/uruguai/UY_002.md,54,1682,0.7973,0,OK
UY_002,dados_intermediarios/processed/uruguai/UY_002.md,55,2473,0.8015,0,OK
UY_002,dados_intermediarios/processed/uruguai/UY_002.md,56,2239,0.7963,0,OK
UY_002,dados_intermediarios/processed/uruguai/UY_002.md,57,1753,0.81,0,OK
UY_002,dados_intermediarios/processed/uruguai/UY_002.md,58,984,0.8039,0,OK
UY_002,dados_intermediarios/processed/uruguai/UY_002.md,59,2196,0.7887,0,OK
UY_002,dados_intermediarios/processed/uruguai/UY_002.md,60,1478,0.816,0,OK
UY_002,dados_intermediarios/processed/uruguai/UY_002.md,61,2728,0.8065,0,OK
UY_002,dados_intermediarios/processed/uruguai/UY_002.md,62,2381,0.7963,0,OK
UY_002,dados_intermediarios/processed/uruguai/UY_002.md,63,965,0.8062,0,OK
UY_002,dados_intermediarios/processed/uruguai/UY_002.md,64,1367,0.7988,0,OK
UY_002,dados_intermediarios/processed/uruguai/UY_002.md,65,3122,0.7934,0,OK
UY_002,dados_intermediarios/processed/uruguai/UY_002.md,66,35,0.8286,0,LOW_TEXT
UY_002,dados_intermediarios/processed/uruguai/UY_002.md,67,79,0.8101,0,OK
UY_002,dados_intermediarios/processed/uruguai/UY_002.md,68,1130,0.8097,0,OK
UY_002,dados_intermediarios/processed/uruguai/UY_002.md,69,2006,0.7951,0,OK
UY_002,dados_intermediarios/processed/uruguai/UY_002.md,70,905,0.7901,0,OK
UY_002,dados_intermediarios/processed/uruguai/UY_002.md,71,2346,0.8035,0,OK
UY_002,dados_intermediarios/processed/uruguai/UY_002.md,72,1868,0.8089,0,OK
UY_002,dados_intermediarios/processed/uruguai/UY_002.md,73,2626,0.8035,0,OK
UY_002,dados_intermediarios/processed/uruguai/UY_002.md,74,974,0.8018,0,OK
UY_002,dados_intermediarios/processed/uruguai/UY_002.md,75,2485,0.8016,0,OK
UY_002,dados_intermediarios/processed/uruguai/UY_002.md,76,1946,0.8032,0,OK
UY_002,dados_intermediarios/processed/uruguai/UY_002.md,77,2718,0.8024,0,OK
UY_002,dados_intermediarios/processed/uruguai/UY_002.md,78,1945,0.8087,0,OK
UY_002,dados_intermediarios/processed/uruguai/UY_002.md,79,2160,0.8074,0,OK
UY_002,dados_intermediarios/processed/uruguai/UY_002.md,80,2491,0.8037,0,OK
UY_002,dados_intermediarios/processed/uruguai/UY_002.md,81,3163,0.7986,0,OK
UY_002,dados_intermediarios/processed/uruguai/UY_002.md,82,35,0.8286,0,LOW_TEXT
UY_002,dados_intermediarios/processed/uruguai/UY_002.md,83,85,0.8,0,OK
UY_002,dados_intermediarios/processed/uruguai/UY_002.md,84,1141,0.8046,0,OK
UY_002,dados_intermediarios/processed/uruguai/UY_002.md,85,2047,0.7811,0,OK
UY_002,dados_intermediarios/processed/uruguai/UY_002.md,86,1011,0.8032,0,OK
UY_002,dados_intermediarios/processed/uruguai/UY_002.md,87,2323,0.7968,0,OK
UY_002,dados_intermediarios/processed/uruguai/UY_002.md,88,2542,0.7856,0,OK
UY_002,dados_intermediarios/processed/uruguai/UY_002.md,89,2168,0.78,0,OK
UY_002,dados_intermediarios/processed/uruguai/UY_002.md,90,2625,0.7966,0,OK
UY_002,dados_intermediarios/processed/uruguai/UY_002.md,91,1898,0.7903,0,OK
UY_002,dados_intermediarios/processed/uruguai/UY_002.md,92,1706,0.8095,0,OK
UY_002,dados_intermediarios/processed/uruguai/UY_002.md,93,614,0.7932,0,OK
UY_002,dados_intermediarios/processed/uruguai/UY_002.md,94,35,0.8286,0,LOW_TEXT
UY_002,dados_intermediarios/processed/uruguai/UY_002.md,95,53,0.8491,0,OK
UY_002,dados_intermediarios/processed/uruguai/UY_002.md,96,538,0.816,0,OK
UY_002,dados_intermediarios/processed/uruguai/UY_002.md,97,1631,0.8142,0,OK
UY_002,dados_intermediarios/processed/uruguai/UY_002.md,98,2154,0.7985,0,OK
UY_002,dados_intermediarios/processed/uruguai/UY_002.md,99,1915,0.7963,0,OK
UY_002,dados_intermediarios/processed/uruguai/UY_002.md,100,1857,0.7975,0,OK
UY_002,dados_intermediarios/processed/uruguai/UY_002.md,101,994,0.7998,0,OK
UY_002,dados_intermediarios/processed/uruguai/UY_002.md,102,2643,0.7972,0,OK
UY_002,dados_intermediarios/processed/uruguai/UY_002.md,103,1686,0.8096,0,OK
UY_002,dados_intermediarios/processed/uruguai/UY_002.md,104,1512,0.8194,0,OK
UY_002,dados_intermediarios/processed/uruguai/UY_002.md,105,929,0.8062,0,OK
UY_002,dados_intermediarios/processed/uruguai/UY_002.md,106,2637,0.7907,0,OK
UY_002,dados_intermediarios/processed/uruguai/UY_002.md,107,1003,0.8096,0,OK
UY_002,dados_intermediarios/processed/uruguai/UY_002.md,108,343,0.7813,0,OK
UY_002,dados_intermediarios/processed/uruguai/UY_002.md,109,3754,0.7853,0,OK
UY_002,dados_intermediarios/processed/uruguai/UY_002.md,110,36,0.8333,0,LOW_TEXT
UY_002,dados_intermediarios/processed/uruguai/UY_002.md,111,82,0.8293,0,OK
UY_002,dados_intermediarios/processed/uruguai/UY_002.md,112,831,0.8014,0,OK
UY_002,dados_intermediarios/processed/uruguai/UY_002.md,113,1726,0.8053,0,OK
UY_002,dados_intermediarios/processed/uruguai/UY_002.md,114,992,0.8075,0,OK
UY_002,dados_intermediarios/processed/uruguai/UY_002.md,115,2164,0.7957,0,OK
UY_002,dados_intermediarios/processed/uruguai/UY_002.md,116,1548,0.7991,0,OK
UY_002,dados_intermediarios/processed/uruguai/UY_002.md,117,1912,0.8044,0,OK
UY_002,dados_intermediarios/processed/uruguai/UY_002.md,118,2328,0.8127,0,OK
UY_002,dados_intermediarios/processed/uruguai/UY_002.md,119,2766,0.7805,0,OK
UY_002,dados_intermediarios/processed/uruguai/UY_002.md,120,36,0.8333,0,LOW_TEXT
UY_002,dados_intermediarios/processed/uruguai/UY_002.md,121,112,0.8036,0,OK
UY_002,dados_intermediarios/processed/uruguai/UY_002.md,122,1182,0.8122,0,OK
UY_002,dados_intermediarios/processed/uruguai/UY_002.md,123,1652,0.8057,0,OK
UY_002,dados_intermediarios/processed/uruguai/UY_002.md,124,1698,0.811,0,OK
UY_002,dados_intermediarios/processed/uruguai/UY_002.md,125,2258,0.8096,0,OK
UY_002,dados_intermediarios/processed/uruguai/UY_002.md,126,2114,0.799,0,OK
UY_002,dados_intermediarios/processed/uruguai/UY_002.md,127,1007,0.8004,0,OK
UY_002,dados_intermediarios/processed/uruguai/UY_002.md,128,2297,0.8032,0,OK
UY_002,dados_intermediarios/processed/uruguai/UY_002.md,129,1795,0.8039,0,OK
UY_002,dados_intermediarios/processed/uruguai/UY_002.md,130,1146,0.8063,0,OK
UY_002,dados_intermediarios/processed/uruguai/UY_002.md,131,2127,0.7974,0,OK
UY_002,dados_intermediarios/processed/uruguai/UY_002.md,132,2937,0.8097,0,OK
UY_002,dados_intermediarios/processed/uruguai/UY_002.md,133,1011,0.815,0,OK
UY_002,dados_intermediarios/processed/uruguai/UY_002.md,134,1398,0.8155,0,OK
UY_002,dados_intermediarios/processed/uruguai/UY_002.md,135,2614,0.8064,0,OK
UY_002,dados_intermediarios/processed/uruguai/UY_002.md,136,1920,0.7974,0,OK
UY_002,dados_intermediarios/processed/uruguai/UY_002.md,137,3590,0.7969,0,OK
UY_002,dados_intermediarios/processed/uruguai/UY_002.md,138,36,0.8333,0,LOW_TEXT
UY_002,dados_intermediarios/processed/uruguai/UY_002.md,139,63,0.873,0,OK
UY_002,dados_intermediarios/processed/uruguai/UY_002.md,140,1062,0.8098,0,OK
UY_002,dados_intermediarios/processed/uruguai/UY_002.md,141,1741,0.7995,0,OK
UY_002,dados_intermediarios/processed/uruguai/UY_002.md,142,2860,0.7969,0,OK
UY_002,dados_intermediarios/processed/uruguai/UY_002.md,143,975,0.8062,0,OK
UY_002,dados_intermediarios/processed/uruguai/UY_002.md,144,1978,0.8064,0,OK
UY_002,dados_intermediarios/processed/uruguai/UY_002.md,145,886,0.7901,0,OK
UY_002,dados_intermediarios/processed/uruguai/UY_002.md,146,1725,0.8006,0,OK
UY_002,dados_intermediarios/processed/uruguai/UY_002.md,147,2188,0.7925,0,OK
UY_002,dados_intermediarios/processed/uruguai/UY_002.md,148,2056,0.7972,0,OK
UY_002,dados_intermediarios/processed/uruguai/UY_002.md,149,851,0.7944,0,OK
UY_002,dados_intermediarios/processed/uruguai/UY_002.md,150,230,0.8261,0,OK
UY_002,dados_intermediarios/processed/uruguai/UY_002.md,151,2737,0.7771,0,OK
UY_002,dados_intermediarios/processed/uruguai/UY_002.md,152,37,0.8378,0,LOW_TEXT
UY_002,dados_intermediarios/processed/uruguai/UY_002.md,153,80,0.85,0,OK
UY_002,dados_intermediarios/processed/uruguai/UY_002.md,154,103,0.8447,0,OK
UY_002,dados_intermediarios/processed/uruguai/UY_002.md,155,1898,0.7987,0,OK
UY_002,dados_intermediarios/processed/uruguai/UY_002.md,156,1280,0.7922,0,OK
UY_002,dados_intermediarios/processed/uruguai/UY_002.md,157,984,0.814,0,OK
UY_002,dados_intermediarios/processed/uruguai/UY_002.md,158,1523,0.8004,0,OK
UY_002,dados_intermediarios/processed/uruguai/UY_002.md,159,1464,0.7801,0,OK
UY_002,dados_intermediarios/processed/uruguai/UY_002.md,160,1239,0.7974,0,OK
UY_002,dados_intermediarios/processed/uruguai/UY_002.md,161,793,0.8159,0,OK
UY_002,dados_intermediarios/processed/uruguai/UY_002.md,162,1025,0.7932,0,OK
UY_002,dados_intermediarios/processed/uruguai/UY_002.md,163,2267,0.8028,0,OK
UY_002,dados_intermediarios/processed/uruguai/UY_002.md,164,1039,0.8027,0,OK
UY_002,dados_intermediarios/processed/uruguai/UY_002.md,165,2031,0.8095,0,OK
UY_002,dados_intermediarios/processed/uruguai/UY_002.md,166,37,0.8378,0,LOW_TEXT
UY_002,dados_intermediarios/processed/uruguai/UY_002.md,167,56,0.8036,0,OK
UY_002,dados_intermediarios/processed/uruguai/UY_002.md,168,828,0.8019,0,OK
UY_002,dados_intermediarios/processed/uruguai/UY_002.md,169,1798,0.7792,0,OK
UY_002,dados_intermediarios/processed/uruguai/UY_002.md,170,2353,0.7854,0,OK
UY_002,dados_intermediarios/processed/uruguai/UY_002.md,171,1538,0.7841,0,OK
UY_002,dados_intermediarios/processed/uruguai/UY_002.md,172,2036,0.7996,0,OK
UY_002,dados_intermediarios/processed/uruguai/UY_002.md,173,1011,0.7774,0,OK
UY_002,dados_intermediarios/processed/uruguai/UY_002.md,174,3014,0.784,0,OK
UY_002,dados_intermediarios/processed/uruguai/UY_002.md,175,1639,0.7926,0,OK
UY_002,dados_intermediarios/processed/uruguai/UY_002.md,176,1812,0.7919,0,OK
UY_002,dados_intermediarios/processed/uruguai/UY_002.md,177,978,0.7751,0,OK
UY_002,dados_intermediarios/processed/uruguai/UY_002.md,178,2281,0.7913,0,OK
UY_002,dados_intermediarios/processed/uruguai/UY_002.md,179,1026,0.7807,0,OK
UY_002,dados_intermediarios/processed/uruguai/UY_002.md,180,1022,0.7975,0,OK
UY_002,dados_intermediarios/processed/uruguai/UY_002.md,181,3978,0.7841,0,OK
UY_002,dados_intermediarios/processed/uruguai/UY_002.md,182,37,0.8378,0,LOW_TEXT
UY_002,dados_intermediarios/processed/uruguai/UY_002.md,183,142,0.838,0,OK
UY_002,dados_intermediarios/processed/uruguai/UY_002.md,184,1016,0.7972,0,OK
UY_002,dados_intermediarios/processed/uruguai/UY_002.md,185,1506,0.7795,0,OK
UY_002,dados_intermediarios/processed/uruguai/UY_002.md,186,1025,0.7922,0,OK
UY_002,dados_intermediarios/processed/uruguai/UY_002.md,187,831,0.7966,0,OK
UY_002,dados_intermediarios/processed/uruguai/UY_002.md,188,1553,0.7914,0,OK
UY_002,dados_intermediarios/processed/uruguai/UY_002.md,189,959,0.7977,0,OK
UY_002,dados_intermediarios/processed/uruguai/UY_002.md,190,1036,0.7992,0,OK
UY_002,dados_intermediarios/processed/uruguai/UY_002.md,191,2352,0.7976,0,OK
UY_002,dados_intermediarios/processed/uruguai/UY_002.md,192,1509,0.7866,0,OK
UY_002,dados_intermediarios/processed/uruguai/UY_002.md,193,1103,0.816,0,OK
UY_002,dados_intermediarios/processed/uruguai/UY_002.md,194,37,0.8378,0,LOW_TEXT
UY_002,dados_intermediarios/processed/uruguai/UY_002.md,195,93,0.8065,0,OK
UY_002,dados_intermediarios/processed/uruguai/UY_002.md,196,1101,0.8084,0,OK
UY_002,dados_intermediarios/processed/uruguai/UY_002.md,197,1065,0.8103,0,OK
UY_002,dados_intermediarios/processed/uruguai/UY_002.md,198,1508,0.7991,0,OK
UY_002,dados_intermediarios/processed/uruguai/UY_002.md,199,594,0.8064,0,OK
UY_002,dados_intermediarios/processed/uruguai/UY_002.md,200,1966,0.8052,0,OK
UY_002,dados_intermediarios/processed/uruguai/UY_002.md,201,2161,0.8029,0,OK
UY_002,dados_intermediarios/processed/uruguai/UY_002.md,202,2252,0.8068,0,OK
UY_002,dados_intermediarios/processed/uruguai/UY_002.md,203,1467,0.8125,0,OK
UY_002,dados_intermediarios/processed/uruguai/UY_002.md,204,1527,0.799,0,OK
UY_002,dados_intermediarios/processed/uruguai/UY_002.md,205,975,0.7918,0,OK
UY_002,dados_intermediarios/processed/uruguai/UY_002.md,206,2762,0.7795,0,OK
UY_002,dados_intermediarios/processed/uruguai/UY_002.md,207,850,0.8,0,OK
UY_002,dados_intermediarios/processed/uruguai/UY_002.md,208,1950,0.7959,0,OK
UY_002,dados_intermediarios/processed/uruguai/UY_002.md,209,2850,0.7761,0,OK
UY_002,dados_intermediarios/processed/uruguai/UY_002.md,210,1868,0.7998,0,OK
UY_002,dados_intermediarios/processed/uruguai/UY_002.md,211,2364,0.8012,0,OK
UY_002,dados_intermediarios/processed/uruguai/UY_002.md,212,37,0.8378,0,LOW_TEXT
UY_002,dados_intermediarios/processed/uruguai/UY_002.md,213,57,0.8596,0,OK
UY_002,dados_intermediarios/processed/uruguai/UY_002.md,214,1045,0.8029,0,OK
UY_002,dados_intermediarios/processed/uruguai/UY_002.md,215,1486,0.8028,0,OK
UY_002,dados_intermediarios/processed/uruguai/UY_002.md,216,2276,0.7961,0,OK
UY_002,dados_intermediarios/processed/uruguai/UY_002.md,217,906,0.7936,0,OK
UY_002,dados_intermediarios/processed/uruguai/UY_002.md,218,2147,0.7927,0,OK
UY_002,dados_intermediarios/processed/uruguai/UY_002.md,219,2342,0.8027,0,OK
UY_002,dados_intermediarios/processed/uruguai/UY_002.md,220,1023,0.7947,0,OK
UY_002,dados_intermediarios/processed/uruguai/UY_002.md,221,1577,0.7945,0,OK
UY_002,dados_intermediarios/processed/uruguai/UY_002.md,222,1784,0.8083,0,OK
UY_002,dados_intermediarios/processed/uruguai/UY_002.md,223,981,0.8002,0,OK
UY_002,dados_intermediarios/processed/uruguai/UY_002.md,224,2793,0.8024,0,OK
UY_002,dados_intermediarios/processed/uruguai/UY_002.md,225,1015,0.8049,0,OK
UY_002,dados_intermediarios/processed/uruguai/UY_002.md,226,610,0.8049,0,OK
UY_002,dados_intermediarios/processed/uruguai/UY_002.md,227,3459,0.7921,0,OK
UY_002,dados_intermediarios/processed/uruguai/UY_002.md,228,37,0.8378,0,LOW_TEXT
UY_002,dados_intermediarios/processed/uruguai/UY_002.md,229,71,0.8028,0,OK
UY_002,dados_intermediarios/processed/uruguai/UY_002.md,230,1076,0.7723,0,OK
UY_002,dados_intermediarios/processed/uruguai/UY_002.md,231,1678,0.7819,0,OK
UY_002,dados_intermediarios/processed/uruguai/UY_002.md,232,2244,0.7892,0,OK
UY_002,dados_intermediarios/processed/uruguai/UY_002.md,233,700,0.8043,0,OK
UY_002,dados_intermediarios/processed/uruguai/UY_002.md,234,1662,0.7978,0,OK
UY_002,dados_intermediarios/processed/uruguai/UY_002.md,235,2368,0.7939,0,OK
UY_002,dados_intermediarios/processed/uruguai/UY_002.md,236,840,0.7988,0,OK
UY_002,dados_intermediarios/processed/uruguai/UY_002.md,237,1509,0.7853,0,OK
UY_002,dados_intermediarios/processed/uruguai/UY_002.md,238,1307,0.8057,0,OK
UY_002,dados_intermediarios/processed/uruguai/UY_002.md,239,969,0.7998,0,OK
UY_002,dados_intermediarios/processed/uruguai/UY_002.md,240,37,0.8378,0,LOW_TEXT
UY_002,dados_intermediarios/processed/uruguai/UY_002.md,241,79,0.8481,0,OK
UY_002,dados_intermediarios/processed/uruguai/UY_002.md,242,102,0.8431,0,OK
UY_002,dados_intermediarios/processed/uruguai/UY_002.md,243,2087,0.8007,0,OK
UY_002,dados_intermediarios/processed/uruguai/UY_002.md,244,1795,0.7799,0,OK
UY_002,dados_intermediarios/processed/uruguai/UY_002.md,245,1839,0.7945,0,OK
UY_002,dados_intermediarios/processed/uruguai/UY_002.md,246,2104,0.789,0,OK
UY_002,dados_intermediarios/processed/uruguai/UY_002.md,247,858,0.7867,0,OK
UY_002,dados_intermediarios/processed/uruguai/UY_002.md,248,1890,0.7931,0,OK
UY_002,dados_intermediarios/processed/uruguai/UY_002.md,249,991,0.7931,0,OK
UY_002,dados_intermediarios/processed/uruguai/UY_002.md,250,1227,0.7905,0,OK
UY_002,dados_intermediarios/processed/uruguai/UY_002.md,251,1502,0.7796,0,OK
UY_002,dados_intermediarios/processed/uruguai/UY_002.md,252,1275,0.789,0,OK
UY_002,dados_intermediarios/processed/uruguai/UY_002.md,253,1490,0.7966,0,OK
UY_002,dados_intermediarios/processed/uruguai/UY_002.md,254,1532,0.8035,0,OK
UY_002,dados_intermediarios/processed/uruguai/UY_002.md,255,2152,0.7974,0,OK
UY_002,dados_intermediarios/processed/uruguai/UY_002.md,256,1501,0.8055,0,OK
UY_002,dados_intermediarios/processed/uruguai/UY_002.md,257,1336,0.7994,0,OK
UY_002,dados_intermediarios/processed/uruguai/UY_002.md,258,1364,0.7287,0,OK
UY_002,dados_intermediarios/processed/uruguai/UY_002.md,259,422,0.7583,0,OK
UY_002,dados_intermediarios/processed/uruguai/UY_002.md,260,37,0.8378,0,LOW_TEXT
UY_002,dados_intermediarios/processed/uruguai/UY_002.md,261,48,0.8125,0,OK
UY_002,dados_intermediarios/processed/uruguai/UY_002.md,262,72,0.8056,0,OK
UY_002,dados_intermediarios/processed/uruguai/UY_002.md,263,1863,0.7992,0,OK
UY_002,dados_intermediarios/processed/uruguai/UY_002.md,264,575,0.8122,0,OK
UY_002,dados_intermediarios/processed/uruguai/UY_002.md,265,2461,0.8139,0,OK
UY_002,dados_intermediarios/processed/uruguai/UY_002.md,266,2075,0.8149,0,OK
UY_002,dados_intermediarios/processed/uruguai/UY_002.md,267,1834,0.8092,0,OK
UY_002,dados_intermediarios/processed/uruguai/UY_002.md,268,2317,0.792,0,OK
UY_002,dados_intermediarios/processed/uruguai/UY_002.md,269,1317,0.7988,0,OK
UY_002,dados_intermediarios/processed/uruguai/UY_002.md,270,2748,0.8057,0,OK
UY_002,dados_intermediarios/processed/uruguai/UY_002.md,271,2358,0.8041,0,OK
UY_002,dados_intermediarios/processed/uruguai/UY_002.md,272,1492,0.7983,0,OK
UY_002,dados_intermediarios/processed/uruguai/UY_002.md,273,2649,0.8052,0,OK
UY_002,dados_intermediarios/processed/uruguai/UY_002.md,274,1313,0.7928,0,OK
UY_002,dados_intermediarios/processed/uruguai/UY_002.md,275,2524,0.7944,0,OK
UY_002,dados_intermediarios/processed/uruguai/UY_002.md,276,2557,0.797,0,OK
UY_002,dados_intermediarios/processed/uruguai/UY_002.md,277,621,0.7907,0,OK
UY_002,dados_intermediarios/processed/uruguai/UY_002.md,278,2354,0.7799,0,OK
UY_002,dados_intermediarios/processed/uruguai/UY_002.md,279,1485,0.7811,0,OK
UY_002,dados_intermediarios/processed/uruguai/UY_002.md,280,2252,0.7793,0,OK
UY_002,dados_intermediarios/processed/uruguai/UY_002.md,281,1808,0.7871,0,OK
UY_002,dados_intermediarios/processed/uruguai/UY_002.md,282,1729,0.7854,0,OK
UY_002,dados_intermediarios/processed/uruguai/UY_002.md,283,3257,0.7909,0,OK
UY_002,dados_intermediarios/processed/uruguai/UY_002.md,284,1230,0.7935,0,OK
UY_002,dados_intermediarios/processed/uruguai/UY_002.md,285,1946,0.7919,0,OK
UY_002,dados_intermediarios/processed/uruguai/UY_002.md,286,2019,0.7915,0,OK
UY_002,dados_intermediarios/processed/uruguai/UY_002.md,287,1672,0.7853,0,OK
UY_002,dados_intermediarios/processed/uruguai/UY_002.md,288,1918,0.7951,0,OK
UY_002,dados_intermediarios/processed/uruguai/UY_002.md,289,2874,0.7867,0,OK
UY_002,dados_intermediarios/processed/uruguai/UY_002.md,290,2773,0.7955,0,OK
UY_002,dados_intermediarios/processed/uruguai/UY_002.md,291,2435,0.8062,0,OK
UY_002,dados_intermediarios/processed/uruguai/UY_002.md,292,1203,0.7972,0,OK
UY_002,dados_intermediarios/processed/uruguai/UY_002.md,293,4225,0.7778,0,OK
UY_002,dados_intermediarios/processed/uruguai/UY_002.md,294,37,0.8378,0,LOW_TEXT
UY_002,dados_intermediarios/processed/uruguai/UY_002.md,295,60,0.8167,0,OK
UY_002,dados_intermediarios/processed/uruguai/UY_002.md,296,609,0.8095,0,OK
UY_002,dados_intermediarios/processed/uruguai/UY_002.md,297,2378,0.8167,0,OK
UY_002,dados_intermediarios/processed/uruguai/UY_002.md,298,2397,0.7989,0,OK
UY_002,dados_intermediarios/processed/uruguai/UY_002.md,299,1534,0.8025,0,OK
UY_002,dados_intermediarios/processed/uruguai/UY_002.md,300,2362,0.8103,0,OK
UY_002,dados_intermediarios/processed/uruguai/UY_002.md,301,1653,0.8119,0,OK
UY_002,dados_intermediarios/processed/uruguai/UY_002.md,302,1705,0.8123,0,OK
UY_002,dados_intermediarios/processed/uruguai/UY_002.md,303,344,0.811,0,OK
UY_002,dados_intermediarios/processed/uruguai/UY_002.md,304,35,0.8571,0,LOW_TEXT
UY_002,dados_intermediarios/processed/uruguai/UY_002.md,305,21,0.9048,0,LOW_TEXT
UY_002,dados_intermediarios/processed/uruguai/UY_002.md,306,2178,0.7998,0,OK
UY_002,dados_intermediarios/processed/uruguai/UY_002.md,307,2371,0.806,0,OK
UY_002,dados_intermediarios/processed/uruguai/UY_002.md,308,2491,0.7945,0,OK
UY_002,dados_intermediarios/processed/uruguai/UY_002.md,309,2207,0.8002,0,OK
UY_002,dados_intermediarios/processed/uruguai/UY_002.md,310,2298,0.8007,0,OK
UY_002,dados_intermediarios/processed/uruguai/UY_002.md,311,2225,0.7937,0,OK
UY_002,dados_intermediarios/processed/uruguai/UY_002.md,312,2420,0.788,0,OK
UY_002,dados_intermediarios/processed/uruguai/UY_002.md,313,2158,0.7952,0,OK
UY_002,dados_intermediarios/processed/uruguai/UY_002.md,314,472,0.786,0,OK
UY_002,dados_intermediarios/processed/uruguai/UY_002.md,315,867,0.6505,0,OK
UY_003,dados_intermediarios/processed/uruguai/UY_003.md,1,286,0.8566,0,OK
UY_003,dados_intermediarios/processed/uruguai/UY_003.md,2,3164,0.8233,0,OK
UY_003,dados_intermediarios/processed/uruguai/UY_003.md,3,2719,0.8264,0,OK
UY_003,dados_intermediarios/processed/uruguai/UY_003.md,4,3215,0.8255,0,OK
UY_003,dados_intermediarios/processed/uruguai/UY_003.md,5,2839,0.8292,0,OK
UY_003,dados_intermediarios/processed/uruguai/UY_003.md,6,771,0.8093,0,OK
UY_003,dados_intermediarios/processed/uruguai/UY_003.md,7,1,1.0,0,LOW_TEXT
UY_003,dados_intermediarios/processed/uruguai/UY_003.md,8,2717,0.8289,0,OK
UY_003,dados_intermediarios/processed/uruguai/UY_003.md,9,1652,0.8202,0,OK
UY_003,dados_intermediarios/processed/uruguai/UY_003.md,10,1585,0.817,0,OK
UY_003,dados_intermediarios/processed/uruguai/UY_003.md,11,2553,0.8284,0,OK
UY_003,dados_intermediarios/processed/uruguai/UY_003.md,12,3383,0.8194,0,OK
UY_003,dados_intermediarios/processed/uruguai/UY_003.md,13,3135,0.8169,0,OK
UY_003,dados_intermediarios/processed/uruguai/UY_003.md,14,2382,0.7888,0,OK
UY_003,dados_intermediarios/processed/uruguai/UY_003.md,15,2238,0.7833,0,OK
UY_003,dados_intermediarios/processed/uruguai/UY_003.md,16,1218,0.7857,0,OK
