country,question_id,question_text,response,validation_status,evidence_count,evidence_ids,document_ids,pages,response_id,run_id,prompt_version,question_version
africa-do-sul,Q01,Como o país define e organiza as competências de Computação e Educação Digital em seus documentos curriculares?,"O país define e organiza as competências de Computação e Educação Digital em seus documentos curriculares através da integração de conceitos fundamentados em tecnologias da informação e comunicação, incentivando o pensamento crítico e a resolução de problemas por meio de tarefas práticas e teóricas.",candidate,2,EVID_AFRICA_DO_SUL_Q01_AF_ZA_01_P0034_001; EVID_AFRICA_DO_SUL_Q01_AF_ZA_02_P0005_002,AF-ZA-01; AF-ZA-02,AF-ZA-01:p34; AF-ZA-02:p5,RESP_AFRICA_DO_SUL_Q01_20260912T140454Z,RUN_AFRICA_DO_SUL_20260912T140454Z,rag-country-v3.2,3.0
australia,Q01,Como o país define e organiza as competências de Computação e Educação Digital em seus documentos curriculares?,"A Austrália define e organiza as competências de Computação e Educação Digital em seus documentos curriculares através de sequências de habilidades e conteúdos que orientam o desenvolvimento dos alunos desde o ensino fundamental até o ensino médio. Essas sequências incluem a exploração de sistemas digitais, representações de dados, criação e uso de algoritmos, além de uso seguro de ferramentas digitais e conscientização sobre privacidade e segurança de dados.",candidate,3,EVID_AUSTRALIA_Q01_OC_AU_01_P0001_001; EVID_AUSTRALIA_Q01_OC_AU_02_P0001_002; EVID_AUSTRALIA_Q01_OC_AU_02_P0002_003,OC-AU-01; OC-AU-02,OC-AU-01:p1; OC-AU-02:p1; OC-AU-02:p2,RESP_AUSTRALIA_Q01_20260912T140702Z,RUN_AUSTRALIA_20260912T140702Z,rag-country-v3.2,3.0
brasil,Q01,Como o país define e organiza as competências de Computação e Educação Digital em seus documentos curriculares?,"O Brasil define e organiza as competências de Computação e Educação Digital em seus documentos curriculares através da Base Nacional Comum Curricular (BNCC) e de diretrizes estabelecidas pelo Conselho Nacional de Educação (CNE). Essas diretrizes incluem o desenvolvimento de competências relacionadas ao uso de dispositivos digitais e à compreensão de algoritmos e mídias digitais, além de um enfoque em educação midiática, ética e cidadania digital.",candidate,3,EVID_BRASIL_Q01_BR_008_P0029_001; EVID_BRASIL_Q01_BR_012_P0015_002; EVID_BRASIL_Q01_BR_008_P0012_003,BR_008; BR_012,BR_008:p29; BR_012:p15; BR_008:p12,RESP_BRASIL_Q01_20260912T140932Z,RUN_BRASIL_20260912T140932Z,rag-country-v3.2,3.0
canada,Q01,Como o país define e organiza as competências de Computação e Educação Digital em seus documentos curriculares?,"As competências de Computação e Educação Digital no Canadá são organizadas em documentos curriculares que abordam a resolução de problemas, a criatividade e a ética digital, refletindo uma mudança para uma aprendizagem mais prática e interativa.",candidate,2,EVID_CANADA_Q01_CA_001_P0002_001; EVID_CANADA_Q01_CA_001_P0002_002,CA_001,CA_001:p2-4; CA_001:p2-4,RESP_CANADA_Q01_20260912T141201Z,RUN_CANADA_20260912T141201Z,rag-country-v3.2,3.0
chile,Q01,Como o país define e organiza as competências de Computação e Educação Digital em seus documentos curriculares?,"O Chile define e organiza as competências de Computação e Educação Digital em seus documentos curriculares através das Bases Curriculares, que estabelecem objetivos gerais de aprendizagem e permitem uma formação integral dos estudantes. As competências são definidas em relação à tecnologia da informação, visando que os alunos usem a tecnologia de forma reflexiva e eficaz para obter, processar e comunicar informações.",candidate,2,EVID_CHILE_Q01_CL_003_P0019_001; EVID_CHILE_Q01_CL_002_P0018_002,CL_002; CL_003,CL_003:p19; CL_002:p18,RESP_CHILE_Q01_20260912T141439Z,RUN_CHILE_20260912T141439Z,rag-country-v3.2,3.0
china,Q01,Como o país define e organiza as competências de Computação e Educação Digital em seus documentos curriculares?,"A China define e organiza as competências de Computação e Educação Digital em seus documentos curriculares buscando integrar a tecnologia no processo de ensino-aprendizagem, enfatizando a colaboração e a segurança da informação. O foco está na formação de competências digitais e na utilização de plataformas e ferramentas digitais, promovendo um aprendizado autodirigido e colaborativo.",candidate,3,EVID_CHINA_Q01_AS_CN_02_P0001_001; EVID_CHINA_Q01_AS_CN_01_P0030_002; EVID_CHINA_Q01_AS_CN_02_P0003_003,AS-CN-01; AS-CN-02,AS-CN-02:p1; AS-CN-01:p30; AS-CN-02:p3,RESP_CHINA_Q01_20260912T141700Z,RUN_CHINA_20260912T141700Z,rag-country-v3.2,3.0
coreia-do-sul,Q01,Como o país define e organiza as competências de Computação e Educação Digital em seus documentos curriculares?,"A Coreia do Sul organiza as competências de Computação e Educação Digital em seus documentos curriculares através de um sistema que promove a coleta e análise de dados de aprendizado, a construção de mapas de aprendizado e a criação de uma plataforma de distribuição de conteúdo. A abordagem se concentra na personalização da educação por meio de tecnologias digitais e no desenvolvimento de habilidades de TIC em vários níveis de ensino.",candidate,3,EVID_COREIA_DO_SUL_Q01_KR_001_P0137_001; EVID_COREIA_DO_SUL_Q01_KR_001_P0138_002; EVID_COREIA_DO_SUL_Q01_KR_001_P0050_003,KR_001,KR_001:p137-138; KR_001:p138; KR_001:p50-51,RESP_COREIA_DO_SUL_Q01_20260912T141943Z,RUN_COREIA_DO_SUL_20260912T141943Z,rag-country-v3.2,3.0
estonia,Q01,Como o país define e organiza as competências de Computação e Educação Digital em seus documentos curriculares?,"A Estônia organiza as competências de Computação e Educação Digital dentro de seu currículo escolar, focando em temas como segurança na internet, utilização de tecnologias digitais, e desenvolvimento de habilidades para a criação e gestão de um ambiente de aprendizagem digital. Os alunos aprendem sobre programação, e como usar e proteger sua identidade digital.",candidate,3,EVID_ESTONIA_Q01_EU_EE_02_P0007_001; EVID_ESTONIA_Q01_EU_EE_02_P0009_002; EVID_ESTONIA_Q01_EU_EE_02_P0009_003,EU-EE-02,EU-EE-02:p7; EU-EE-02:p9; EU-EE-02:p9,RESP_ESTONIA_Q01_20260912T135902Z,RUN_ESTONIA_20260912T135902Z,rag-country-v3.2,3.0
eua,Q01,Como o país define e organiza as competências de Computação e Educação Digital em seus documentos curriculares?,"As competências de Computação e Educação Digital nos EUA são definidas através do pensamento computacional, que é uma habilidade essencial para todos, não apenas para cientistas da computação. O Framework de Computação K–12 enfatiza que o pensamento computacional deve ser adicionado às habilidades analíticas de todas as crianças, abrangendo aspectos como modelagem, elaboração de abstrações e criação de artefatos computacionais.",candidate,2,EVID_EUA_Q01_US_001_P0082_001; EVID_EUA_Q01_US_001_P0080_002,US_001,US_001:p82; US_001:p80,RESP_EUA_Q01_20260912T142218Z,RUN_EUA_20260912T142218Z,rag-country-v3.2,3.0
finlandia,Q01,Como o país define e organiza as competências de Computação e Educação Digital em seus documentos curriculares?,"O país organiza as competências de Computação e Educação Digital em sua nova currícula central. As competências transversais incluem a 'competência em TIC', que é uma parte fundamental das habilidades necessárias para a vida cotidiana e para o futuro sustentável. Os módulos de aprendizagem multidisciplinares são obrigatórios e devem integrar diferentes disciplinas, envolvendo os alunos no planejamento, promovendo o diálogo e a colaboração.",candidate,2,EVID_FINLANDIA_Q01_FI_001_P0001_001; EVID_FINLANDIA_Q01_FI_001_P0002_002,FI_001,FI_001:p1; FI_001:p2,RESP_FINLANDIA_Q01_20260912T142441Z,RUN_FINLANDIA_20260912T142441Z,rag-country-v3.2,3.0
gana,Q01,Como o país define e organiza as competências de Computação e Educação Digital em seus documentos curriculares?,"O país organiza as competências de Computação e Educação Digital em seus documentos curriculares por meio de diversos padrões de conteúdo e competências essenciais. As competências incluem 'Criatividade e Inovação', 'Comunicação e Colaboração', 'Cidadania Cultural e Global', 'Desenvolvimento Pessoal e Liderança', e 'Literacia Digital'. Cada uma dessas competências está acompanhada por práticas específicas que os alunos devem demonstrar em diferentes contextos, como o uso de tecnologias de informação e comunicação, programação e segurança da informação.",candidate,3,EVID_GANA_Q01_GH_001_P0032_001; EVID_GANA_Q01_GH_001_P0057_002; EVID_GANA_Q01_GH_002_P0025_003,GH_001; GH_002,GH_001:p32; GH_001:p57-58; GH_002:p25-26,RESP_GANA_Q01_20260912T142704Z,RUN_GANA_20260912T142704Z,rag-country-v3.2,3.0
hong-kong,Q01,Como o país define e organiza as competências de Computação e Educação Digital em seus documentos curriculares?,"Em Hong Kong, as competências de Computação e Educação Digital são integradas em documentos curriculares, incluindo o ensino sobre acesso à Internet, serviços e aplicações, e design de páginas web. Os alunos aprendem a navegar pela Internet, analisar criticamente a confiabilidade das informações, e aplicar medidas de segurança. Além disso, há uma ênfase no uso seguro e ético das tecnologias de informação.",candidate,2,EVID_HONG_KONG_Q01_HK_002_P0032_001; EVID_HONG_KONG_Q01_HK_001_P0058_002,HK_001; HK_002,HK_002:p32; HK_001:p58-59,RESP_HONG_KONG_Q01_20260912T142926Z,RUN_HONG_KONG_20260912T142926Z,rag-country-v3.2,3.0
irlanda,Q01,Como o país define e organiza as competências de Computação e Educação Digital em seus documentos curriculares?,"O currículo de Computação na Irlanda organiza as competências em três estratos: Práticas e Princípios, Conceitos Centrais e Computação na Prática. Essas competências estão interligadas e são aplicadas por meio de tarefas de aprendizagem prática ao longo do curso.",candidate,1,EVID_IRLANDA_Q01_IE_001_P0010_001,IE_001,IE_001:p10-12,RESP_IRLANDA_Q01_20260912T143215Z,RUN_IRLANDA_20260912T143215Z,rag-country-v3.2,3.0
japao,Q01,Como o país define e organiza as competências de Computação e Educação Digital em seus documentos curriculares?,"O Japão organiza as competências de Computação e Educação Digital em seus documentos curriculares através da definição de objetivos claros e da incorporação de tecnologias de informação em diversas disciplinas, visando ao desenvolvimento de habilidades para participação ativa na sociedade da informação.",candidate,2,EVID_JAPAO_Q01_JP_001_P0191_001; EVID_JAPAO_Q01_JP_001_P0192_002,JP_001,JP_001:p191-192; JP_001:p192,RESP_JAPAO_Q01_20260912T143439Z,RUN_JAPAO_20260912T143439Z,rag-country-v3.2,3.0
nova-zelandia,Q01,Como o país define e organiza as competências de Computação e Educação Digital em seus documentos curriculares?,"A Nova Zelândia organiza as competências de Computação e Educação Digital em seus documentos curriculares através de um currículo de tecnologia que inclui três áreas principais: prática tecnológica, conhecimento tecnológico e a natureza da tecnologia. Dois dos cinco domínios tecnológicos são as tecnologias digitais, que abordam o design e o desenvolvimento de resultados digitais e o pensamento computacional para tecnologias digitais, os quais são suportados por resultados de progresso.",candidate,1,EVID_NOVA_ZELANDIA_Q01_NZ_001_P0012_001,NZ_001,NZ_001:p12-14,RESP_NOVA_ZELANDIA_Q01_20260912T143655Z,RUN_NOVA_ZELANDIA_20260912T143655Z,rag-country-v3.2,3.0
quenia,Q01,Como o país define e organiza as competências de Computação e Educação Digital em seus documentos curriculares?,"O país organiza as competências de Computação e Educação Digital por meio de um currículo orientado a competências que busca inspirar a imaginação dos alunos e a aplicação de habilidades digitais. A literacia digital é considerada uma competência abrangente que inclui o uso efetivo e seguro de dispositivos digitais e a adesão aos protocolos de comportamento ético. Há um foco significativo no desenvolvimento de competências em vez de conteúdos, permitindo que os educadores adaptem o ensino às necessidades dos alunos.",candidate,2,EVID_QUENIA_Q01_KE_001_P0025_001; EVID_QUENIA_Q01_KE_001_P0027_002,KE_001,KE_001:p25; KE_001:p27,RESP_QUENIA_Q01_20260912T143913Z,RUN_QUENIA_20260912T143913Z,rag-country-v3.2,3.0
reino-unido,Q01,Como o país define e organiza as competências de Computação e Educação Digital em seus documentos curriculares?,"Os documentos curriculares do Reino Unido definem e organizam as competências de Computação e Educação Digital através de objetivos claros e conteúdos específicos para diferentes etapas do ensino. Os alunos devem ser capacitados a entender e aplicar princípios fundamentais da ciência da computação, desenvolver habilidades de resolução de problemas e utilizar tecnologias digitais de maneira adequada e responsável.",candidate,2,EVID_REINO_UNIDO_Q01_UK_001_P0001_001; EVID_REINO_UNIDO_Q01_UK_002_P0001_002,UK_001; UK_002,UK_001:p1-2; UK_002:p1-2,RESP_REINO_UNIDO_Q01_20260912T144124Z,RUN_REINO_UNIDO_20260912T144124Z,rag-country-v3.2,3.0
ruanda,Q01,Como o país define e organiza as competências de Computação e Educação Digital em seus documentos curriculares?,"Em Ruanda, as competências de Computação e Educação Digital são definidas e organizadas em documentos curriculares através de uma abordagem baseada em competências. Os alunos são capacitados a desenvolver diferentes competências de TIC, incluindo programação, uso de software de planilhas e ferramentas de apresentação. O currículo é estruturado para promover não apenas habilidades tecnológicas, mas também raciocínio crítico e soluções para problemas sociais e econômicos.",candidate,3,EVID_RUANDA_Q01_RW_001_P0008_001; EVID_RUANDA_Q01_RW_001_P0009_002; EVID_RUANDA_Q01_RW_001_P0008_003,RW_001,RW_001:p8; RW_001:p9; RW_001:p8-9,RESP_RUANDA_Q01_20260912T144341Z,RUN_RUANDA_20260912T144341Z,rag-country-v3.2,3.0
singapura,Q01,Como o país define e organiza as competências de Computação e Educação Digital em seus documentos curriculares?,"Em Singapura, as competências de Computação e Educação Digital são definidas por meio de um currículo detalhado e prescritivo, abrangendo uma disciplina central com um foco particular no pensamento computacional. Este currículo inclui objetivos claros sobre o que ensinar, como ensinar e como avaliar. Além disso, o pensamento computacional é considerado uma competência central, desenvolvendo o raciocínio crítico, a resolução de problemas e a apreciação das questões éticas e sociais relacionadas à tecnologia.",candidate,2,EVID_SINGAPURA_Q01_SG_015_P0003_001; EVID_SINGAPURA_Q01_SG_016_P0004_002,SG_015; SG_016,SG_015:p3; SG_016:p4,RESP_SINGAPURA_Q01_20260912T144617Z,RUN_SINGAPURA_20260912T144617Z,rag-country-v3.2,3.0
suica,Q01,Como o país define e organiza as competências de Computação e Educação Digital em seus documentos curriculares?,"A Suíça define e organiza as competências de Computação e Educação Digital em seus documentos curriculares, enfatizando o desenvolvimento de uma utilização responsável e eficiente de ambientes digitais, bem como a capacidade de pesquisa e criação de conteúdo. Os alunos são incentivados a analisar informações, entender as funcionalidades dos meios digitais e programar soluções computacionais.",candidate,3,EVID_SUICA_Q01_CH_001_P0001_001; EVID_SUICA_Q01_CH_003_P0011_002; EVID_SUICA_Q01_CH_003_P0012_003,CH_001; CH_003,CH_001:p1; CH_003:p11; CH_003:p12,RESP_SUICA_Q01_20260912T144840Z,RUN_SUICA_20260912T144840Z,rag-country-v3.2,3.0
taiwan,Q01,Como o país define e organiza as competências de Computação e Educação Digital em seus documentos curriculares?,"Taiwan organiza as competências de Computação e Educação Digital em seus documentos curriculares através de uma estrutura que inclui o ensino de algoritmos, programação e segurança da informação, além da ética e responsabilidade social relacionadas à tecnologia.",candidate,3,EVID_TAIWAN_Q01_TW_001_P0015_001; EVID_TAIWAN_Q01_TW_001_P0015_002; EVID_TAIWAN_Q01_TW_001_P0015_003,TW_001,TW_001:p15; TW_001:p15; TW_001:p15,RESP_TAIWAN_Q01_20260912T145057Z,RUN_TAIWAN_20260912T145057Z,rag-country-v3.2,3.0
uruguai,Q01,Como o país define e organiza as competências de Computação e Educação Digital em seus documentos curriculares?,"O país define e organiza as competências de Computação e Educação Digital em seus documentos curriculares por meio da identificação de competências específicas que incluem o uso de tecnologias digitais e a resolução de problemas, promovendo a comunicação, pensamento crítico e cidadania digital.",candidate,3,EVID_URUGUAI_Q01_UY_003_P0009_001; EVID_URUGUAI_Q01_UY_003_P0010_002; EVID_URUGUAI_Q01_UY_003_P0009_003,UY_003,UY_003:p9-11; UY_003:p10; UY_003:p9-10,RESP_URUGUAI_Q01_20260912T145323Z,RUN_URUGUAI_20260912T145323Z,rag-country-v3.2,3.0
africa-do-sul,Q02,"Como o Pensamento Computacional é definido, desenvolvido ou incorporado ao currículo do país?",O Pensamento Computacional é incorporado ao currículo através do desenvolvimento de soluções específicas que incluem o pensamento computacional e a aplicação de princípios de engenharia de software.,candidate,2,EVID_AFRICA_DO_SUL_Q02_AF_ZA_02_P0031_001; EVID_AFRICA_DO_SUL_Q02_AF_ZA_01_P0045_002,AF-ZA-01; AF-ZA-02,AF-ZA-02:p31-32; AF-ZA-01:p45-46,RESP_AFRICA_DO_SUL_Q02_20260912T140454Z,RUN_AFRICA_DO_SUL_20260912T140454Z,rag-country-v3.2,3.0
australia,Q02,"Como o Pensamento Computacional é definido, desenvolvido ou incorporado ao currículo do país?","O Pensamento Computacional é integrado ao currículo australiano na forma de Sequência de Conteúdo nas Tecnologias Digitais, abrangendo o reconhecimento, exploração, representação e manipulação de dados, além da descrição e implementação de algoritmos simples até complexos ao longo do percurso escolar. Estudantes aprendem a utilizar ferramentas digitais para criar, localizar e compartilhar conteúdo, respeitando convenções acordadas.",candidate,3,EVID_AUSTRALIA_Q02_OC_AU_01_P0001_001; EVID_AUSTRALIA_Q02_OC_AU_01_P0001_002; EVID_AUSTRALIA_Q02_OC_AU_02_P0001_003,OC-AU-01; OC-AU-02,OC-AU-01:p1; OC-AU-01:p1; OC-AU-02:p1-2,RESP_AUSTRALIA_Q02_20260912T140702Z,RUN_AUSTRALIA_20260912T140702Z,rag-country-v3.2,3.0
brasil,Q02,"Como o Pensamento Computacional é definido, desenvolvido ou incorporado ao currículo do país?","O Pensamento Computacional é incorporado ao currículo do Brasil desde a Educação Infantil até o Ensino Médio, com foco no desenvolvimento de competências digitais e na aplicação de conceitos de computação em diversas disciplinas.",candidate,3,EVID_BRASIL_Q02_BR_018_P0011_001; EVID_BRASIL_Q02_BR_008_P0024_002; EVID_BRASIL_Q02_BR_004_P0468_003,BR_004; BR_008; BR_018,BR_018:p11; BR_008:p24-25; BR_004:p468-469,RESP_BRASIL_Q02_20260912T140932Z,RUN_BRASIL_20260912T140932Z,rag-country-v3.2,3.0
canada,Q02,"Como o Pensamento Computacional é definido, desenvolvido ou incorporado ao currículo do país?","No currículo do Canadá, o Pensamento Computacional é definido e incorporado através de expectativas claras para que os alunos aprendam a resolver problemas que incluem codificação e algoritmos. Isso é uma atualização em relação ao currículo anterior, que não mencionava o pensamento computacional.",candidate,1,EVID_CANADA_Q02_CA_001_P0002_001,CA_001,CA_001:p2,RESP_CANADA_Q02_20260912T141201Z,RUN_CANADA_20260912T141201Z,rag-country-v3.2,3.0
chile,Q02,"Como o Pensamento Computacional é definido, desenvolvido ou incorporado ao currículo do país?","O Pensamento Computacional é desenvolvido no currículo do Chile por meio de uma rota de aprendizagem baseada em competências que inclui habilidades como secuencialidade, condições, repetição e descomposição de problemas. Esta abordagem foi formulada pelo Ministério da Educação em colaboração com a Universidade de Chile.",candidate,2,EVID_CHILE_Q02_CL_005_P0002_001; EVID_CHILE_Q02_CL_005_P0004_002,CL_005,CL_005:p2-4; CL_005:p4,RESP_CHILE_Q02_20260912T141439Z,RUN_CHILE_20260912T141439Z,rag-country-v3.2,3.0
china,Q02,"Como o Pensamento Computacional é definido, desenvolvido ou incorporado ao currículo do país?","O Pensamento Computacional é integrado ao currículo da China através da identificação e análise de sistemas presentes no cotidiano, utilizando a tecnologia da informação para solucionar problemas, promovendo a construção do conhecimento de maneira prática e interativa.",candidate,2,EVID_CHINA_Q02_AS_CN_01_P0039_001; EVID_CHINA_Q02_AS_CN_01_P0009_002,AS-CN-01,AS-CN-01:p39; AS-CN-01:p9-10,RESP_CHINA_Q02_20260912T141700Z,RUN_CHINA_20260912T141700Z,rag-country-v3.2,3.0
coreia-do-sul,Q02,"Como o Pensamento Computacional é definido, desenvolvido ou incorporado ao currículo do país?",O Pensamento Computacional na Coreia do Sul é incorporado ao currículo educacional através do planejamento e desenvolvimento de um ambiente de educação centrado na utilização das tecnologias da informação e comunicação (TIC). O 6º plano básico para a educação em TIC enfatiza a criação de um ambiente educacional inteligente que se adapta às necessidades dos alunos e promove uma contínua evolução dos métodos de ensino e aprendizagem.,candidate,2,EVID_COREIA_DO_SUL_Q02_KR_001_P0041_001; EVID_COREIA_DO_SUL_Q02_KR_001_P0057_002,KR_001,KR_001:p41; KR_001:p57,RESP_COREIA_DO_SUL_Q02_20260912T141943Z,RUN_COREIA_DO_SUL_20260912T141943Z,rag-country-v3.2,3.0
estonia,Q02,"Como o Pensamento Computacional é definido, desenvolvido ou incorporado ao currículo do país?","O Pensamento Computacional é promovido por meio de temas como ""Digiseade töövahendina"", que se concentra em fornecer habilidades básicas de computação. Os alunos aprendem a usar computadores para produção de textos, pesquisa de informações e trabalho com dados, de acordo com normas predefinidas. Além disso, há um enfoque em ""Digihügieen"", onde os alunos aprendem a gerenciar sua identidade digital, avaliar criticamente o conteúdo online e aplicar medidas de segurança digital.",candidate,2,EVID_ESTONIA_Q02_EU_EE_02_P0001_001; EVID_ESTONIA_Q02_EU_EE_02_P0001_002,EU-EE-02,EU-EE-02:p1; EU-EE-02:p1,RESP_ESTONIA_Q02_20260912T135902Z,RUN_ESTONIA_20260912T135902Z,rag-country-v3.2,3.0
eua,Q02,"Como o Pensamento Computacional é definido, desenvolvido ou incorporado ao currículo do país?","O Pensamento Computacional é definido como um processo de resolução de problemas que envolve o design de soluções aproveitando o poder dos computadores. Ele é desenvolvido através do ensino da ciência da computação, que é intrinsecamente conectado ao ensino de Pensamento Computacional, promovendo habilidades como formulação de problemas e design de algoritmos que podem ser executados por um computador.",candidate,2,EVID_EUA_Q02_US_001_P0079_001; EVID_EUA_Q02_US_001_P0021_002,US_001,US_001:p79-80; US_001:p21,RESP_EUA_Q02_20260912T142218Z,RUN_EUA_20260912T142218Z,rag-country-v3.2,3.0
finlandia,Q02,"Como o Pensamento Computacional é definido, desenvolvido ou incorporado ao currículo do país?","O Pensamento Computacional está incorporado como uma das competências transversais definidas no currículo nacional da Finlândia, que inclui raciocínio e aprendizagem para aprender, competência intercultural e competências em TIC.",candidate,1,EVID_FINLANDIA_Q02_FI_001_P0001_001,FI_001,FI_001:p1-2,RESP_FINLANDIA_Q02_20260912T142441Z,RUN_FINLANDIA_20260912T142441Z,rag-country-v3.2,3.0
gana,Q02,"Como o Pensamento Computacional é definido, desenvolvido ou incorporado ao currículo do país?","O Pensamento Computacional é abordado no currículo de Gana por meio do ensino de programação e habilidades de resolução de problemas, com ênfase em competências como criatividade e inovação.",candidate,2,EVID_GANA_Q02_GH_001_P0082_001; EVID_GANA_Q02_GH_002_P0002_002,GH_001; GH_002,GH_001:p82; GH_002:p2,RESP_GANA_Q02_20260912T142704Z,RUN_GANA_20260912T142704Z,rag-country-v3.2,3.0
hong-kong,Q02,"Como o Pensamento Computacional é definido, desenvolvido ou incorporado ao currículo do país?","O Pensamento Computacional é integrado ao currículo de Hong Kong por meio do ensino de codificação, que é usado para desenvolver habilidades de resolução de problemas, criatividade e pensamento computacional. Através da aplicação de jogos e software de codificação, os alunos são incentivados a entender conceitos básicos de codificação e a desenvolver habilidades de pensamento computacional.",candidate,2,EVID_HONG_KONG_Q02_HK_001_P0146_001; EVID_HONG_KONG_Q02_HK_001_P0213_002,HK_001,HK_001:p146; HK_001:p213,RESP_HONG_KONG_Q02_20260912T142926Z,RUN_HONG_KONG_20260912T142926Z,rag-country-v3.2,3.0
irlanda,Q02,"Como o Pensamento Computacional é definido, desenvolvido ou incorporado ao currículo do país?","O Pensamento Computacional é uma parte fundamental do currículo de Ciência da Computação na Irlanda, sendo definido como um processo de resolução de problemas que envolve a concepção de soluções que exploram o poder dos computadores. Os estudantes devem demonstrar capacidade de descrever problemas de forma sistemática, utilizando a abstração para identificar tarefas e selecionar estratégias apropriadas para gerar soluções. Além disso, eles devem desenvolver algoritmos e examiná-los quanto à eficiência e utilização em diversas situações.",candidate,2,EVID_IRLANDA_Q02_IE_001_P0020_001; EVID_IRLANDA_Q02_IE_001_P0020_002,IE_001,IE_001:p20; IE_001:p20,RESP_IRLANDA_Q02_20260912T143215Z,RUN_IRLANDA_20260912T143215Z,rag-country-v3.2,3.0
japao,Q02,"Como o Pensamento Computacional é definido, desenvolvido ou incorporado ao currículo do país?","O Pensamento Computacional no Japão é abordado através do desenvolvimento de habilidades em tecnologias da informação, compreendendo o uso e a gestão de sistemas de informação, e envolve a formação de perspectivas científicas e práticas em atividades de aprendizado.",candidate,2,EVID_JAPAO_Q02_JP_002_P0001_001; EVID_JAPAO_Q02_JP_002_P0001_002,JP_002,JP_002:p1; JP_002:p1,RESP_JAPAO_Q02_20260912T143439Z,RUN_JAPAO_20260912T143439Z,rag-country-v3.2,3.0
nova-zelandia,Q02,"Como o Pensamento Computacional é definido, desenvolvido ou incorporado ao currículo do país?","O Pensamento Computacional é incorporado ao currículo de tecnologia da Nova Zelândia, onde é essencial para alunos nos anos 1 a 10 alcançarem resultados progressivos definidos até o final do ano 10, especialmente em áreas de tecnologias digitais. A abordagem é integrada, não isolada, e busca conectar o aprendizado de tecnologia com outras áreas do currículo.",candidate,2,EVID_NOVA_ZELANDIA_Q02_NZ_001_P0014_001; EVID_NOVA_ZELANDIA_Q02_NZ_001_P0004_002,NZ_001,NZ_001:p14; NZ_001:p4,RESP_NOVA_ZELANDIA_Q02_20260912T143655Z,RUN_NOVA_ZELANDIA_20260912T143655Z,rag-country-v3.2,3.0
quenia,Q02,"Como o Pensamento Computacional é definido, desenvolvido ou incorporado ao currículo do país?","O Pensamento Computacional é incorporado ao currículo do Quênia como parte do ensino de habilidades digitais e tecnologia, fundamentais para a educação de qualidade e o desenvolvimento de competências para o século XXI.",candidate,2,EVID_QUENIA_Q02_KE_001_P0054_001; EVID_QUENIA_Q02_KE_001_P0024_002,KE_001,KE_001:p54; KE_001:p24,RESP_QUENIA_Q02_20260912T143913Z,RUN_QUENIA_20260912T143913Z,rag-country-v3.2,3.0
reino-unido,Q02,"Como o Pensamento Computacional é definido, desenvolvido ou incorporado ao currículo do país?","O Pensamento Computacional é definido como um conjunto de princípios e conceitos fundamentais, incluindo abstração, lógica, algoritmos e representação de dados, que são ensinados aos alunos do Reino Unido ao longo do currículo nacional de computação. O desenvolvimento desse pensamento envolve a análise de problemas em termos computacionais e a experiência prática em programação para resolvê-los.",candidate,2,EVID_REINO_UNIDO_Q02_UK_001_P0001_001; EVID_REINO_UNIDO_Q02_UK_002_P0001_002,UK_001; UK_002,UK_001:p1; UK_002:p1,RESP_REINO_UNIDO_Q02_20260912T144124Z,RUN_REINO_UNIDO_20260912T144124Z,rag-country-v3.2,3.0
ruanda,Q02,"Como o Pensamento Computacional é definido, desenvolvido ou incorporado ao currículo do país?","O Pensamento Computacional é abordado no currículo de Ruanda através do ensino de Tecnologias da Informação e Comunicação (TIC), onde os alunos são incentivados a aplicar habilidades tecnológicas para resolver problemas, desenvolvendo o pensamento crítico e a capacidade de raciocínio lógico. O currículo busca integrar essas habilidades em atividades práticas dentro do ambiente escolar.",candidate,2,EVID_RUANDA_Q02_RW_001_P0009_001; EVID_RUANDA_Q02_RW_001_P0018_002,RW_001,RW_001:p9; RW_001:p18,RESP_RUANDA_Q02_20260912T144341Z,RUN_RUANDA_20260912T144341Z,rag-country-v3.2,3.0
singapura,Q02,"Como o Pensamento Computacional é definido, desenvolvido ou incorporado ao currículo do país?","O Pensamento Computacional é desenvolvido no currículo de Singapura através do ensino sistemático na disciplina de Computação de nível O, onde os alunos aprendem a resolver problemas, formular passos e escrever programas.",candidate,2,EVID_SINGAPURA_Q02_SG_002_P0001_001; EVID_SINGAPURA_Q02_SG_002_P0004_002,SG_002,SG_002:p1; SG_002:p4,RESP_SINGAPURA_Q02_20260912T144617Z,RUN_SINGAPURA_20260912T144617Z,rag-country-v3.2,3.0
suica,Q02,"Como o Pensamento Computacional é definido, desenvolvido ou incorporado ao currículo do país?","O Pensamento Computacional é incorporado ao currículo da Suíça como uma competência transversal que deve ser desenvolvida ao longo da escola obrigatória. Na proposta curricular, o Pensamento Computacional é abordado no contexto de alfabetização em tecnologia e media, integrando-se a várias disciplinas, especialmente em Matemática, onde se exploram conceitos através da construção de algoritmos.",candidate,2,EVID_SUICA_Q02_CH_002_P0001_001; EVID_SUICA_Q02_CH_002_P0001_002,CH_002,CH_002:p1; CH_002:p1,RESP_SUICA_Q02_20260912T144840Z,RUN_SUICA_20260912T144840Z,rag-country-v3.2,3.0
taiwan,Q02,"Como o Pensamento Computacional é definido, desenvolvido ou incorporado ao currículo do país?","O Pensamento Computacional é incorporado ao currículo de Taiwan, enfatizando a prática de habilidades digitai através de propostas para melhorar a colaboração digital e o trabalho em equipe, promovendo a responsabilidade social e a consciência cívica em relação à tecnologia.",candidate,2,EVID_TAIWAN_Q02_TW_001_P0029_001; EVID_TAIWAN_Q02_TW_001_P0042_002,TW_001,TW_001:p29; TW_001:p42,RESP_TAIWAN_Q02_20260912T145057Z,RUN_TAIWAN_20260912T145057Z,rag-country-v3.2,3.0
uruguai,Q02,"Como o Pensamento Computacional é definido, desenvolvido ou incorporado ao currículo do país?","O Pensamento Computacional é incorporado ao currículo do Uruguai através do desenvolvimento de competências específicas que envolvem a resolução de problemas e a utilização de tecnologias digitais. Ele é parte integrada nas competências gerais do MCN, como Pensamento Crítico, Pensamento Científico e Pensamento Criativo.",candidate,2,EVID_URUGUAI_Q02_UY_003_P0009_001; EVID_URUGUAI_Q02_UY_001_P0024_002,UY_001; UY_003,UY_003:p9; UY_001:p24,RESP_URUGUAI_Q02_20260912T145323Z,RUN_URUGUAI_20260912T145323Z,rag-country-v3.2,3.0
africa-do-sul,Q03,"Como os documentos abordam cidadania digital, ética digital e letramento midiático?","Os documentos abordam a cidadania digital, ética digital e letramento midiático enfatizando a importância do uso responsável das tecnologias da informação. Há discussões sobre implicações sociais, questões éticas e a necessidade de um uso seguro da internet.",candidate,2,EVID_AFRICA_DO_SUL_Q03_AF_ZA_02_P0017_001; EVID_AFRICA_DO_SUL_Q03_AF_ZA_01_P0039_002,AF-ZA-01; AF-ZA-02,AF-ZA-02:p17; AF-ZA-01:p39,RESP_AFRICA_DO_SUL_Q03_20260912T140454Z,RUN_AFRICA_DO_SUL_20260912T140454Z,rag-country-v3.2,3.0
australia,Q03,"Como os documentos abordam cidadania digital, ética digital e letramento midiático?","Os documentos abordam cidadania digital e letramento midiático ao tratar do uso de ferramentas digitais, da gestão de dados pessoais e da colaboração em ambientes digitais. A ética digital é evidenciada por meio da discussão sobre a identificação e gerenciamento de dados pessoais, bem como a compreensão dos riscos associados ao uso de tecnologias digitais.",candidate,2,EVID_AUSTRALIA_Q03_OC_AU_02_P0001_001; EVID_AUSTRALIA_Q03_OC_AU_01_P0001_002,OC-AU-01; OC-AU-02,OC-AU-02:p1-4; OC-AU-01:p1-3,RESP_AUSTRALIA_Q03_20260912T140702Z,RUN_AUSTRALIA_20260912T140702Z,rag-country-v3.2,3.0
brasil,Q03,"Como os documentos abordam cidadania digital, ética digital e letramento midiático?","Os documentos abordam cidadania digital, ética digital e letramento midiático como elementos integrados e fundamentais para a educação contemporânea. Destacam-se a compreensão crítica da interação digital, a importância da ética e direitos digitais, e o desenvolvimento de competências comunicacionais e midiáticas.",candidate,3,EVID_BRASIL_Q03_BR_008_P0021_001; EVID_BRASIL_Q03_BR_008_PNA_002; EVID_BRASIL_Q03_BR_005_P0037_003,BR_005; BR_008,BR_008:p21; BR_008:p21; BR_005:p37-39,RESP_BRASIL_Q03_20260912T140932Z,RUN_BRASIL_20260912T140932Z,rag-country-v3.2,3.0
canada,Q03,"Como os documentos abordam cidadania digital, ética digital e letramento midiático?","Os documentos abordam cidadania digital, ética digital e letramento midiático dentro de um contexto centrado no usuário, enfatizando a inclusão e a transformação digital nas práticas governamentais. É resaltada a importância da participação dos cidadãos e da consideração das necessidades dos usuários na formulação de serviços e políticas públicas.",candidate,3,EVID_CANADA_Q03_CA_003_P0012_001; EVID_CANADA_Q03_CA_003_P0011_002; EVID_CANADA_Q03_CA_003_P0033_003,CA_003,CA_003:p12; CA_003:p11; CA_003:p33,RESP_CANADA_Q03_20260912T141201Z,RUN_CANADA_20260912T141201Z,rag-country-v3.2,3.0
chile,Q03,"Como os documentos abordam cidadania digital, ética digital e letramento midiático?","Os documentos abordam a cidadania digital, ética digital e letramento midiático enfatizando a utilização responsável e criativa das tecnologias digitais, promovendo a análise crítica e a capacidade de argumentação dos estudantes em contextos digitais.",candidate,2,EVID_CHILE_Q03_CL_001_P0032_001; EVID_CHILE_Q03_CL_002_P0384_002,CL_001; CL_002,CL_001:p32; CL_002:p384,RESP_CHILE_Q03_20260912T141439Z,RUN_CHILE_20260912T141439Z,rag-country-v3.2,3.0
china,Q03,"Como os documentos abordam cidadania digital, ética digital e letramento midiático?","Os documentos abordam a cidadania digital, ética digital e letramento midiático ao enfatizar a importância de uma responsabilidade na sociedade da informação, consciência sobre o impacto da tecnologia, e a necessidade de seguir normas éticas ao utilizar dispositivos digitais.",candidate,2,EVID_CHINA_Q03_AS_CN_01_P0013_001; EVID_CHINA_Q03_AS_CN_01_P0035_002,AS-CN-01,AS-CN-01:p13; AS-CN-01:p35,RESP_CHINA_Q03_20260912T141700Z,RUN_CHINA_20260912T141700Z,rag-country-v3.2,3.0
coreia-do-sul,Q03,"Como os documentos abordam cidadania digital, ética digital e letramento midiático?","Os documentos abordam cidadania digital, ética digital e letramento midiático através da implementação de um ambiente de educação digital que promove a inclusão e o acesso à informação. A educação em tecnologias digitais é uma prioridade, focando no desenvolvimento de competências que capacitam os alunos a navegar na informação de forma ética e responsável.",candidate,2,EVID_COREIA_DO_SUL_Q03_KR_001_P0053_001; EVID_COREIA_DO_SUL_Q03_KR_001_P0040_002,KR_001,KR_001:p53-54; KR_001:p40,RESP_COREIA_DO_SUL_Q03_20260912T141943Z,RUN_COREIA_DO_SUL_20260912T141943Z,rag-country-v3.2,3.0
estonia,Q03,"Como os documentos abordam cidadania digital, ética digital e letramento midiático?","Os documentos abordam a cidadania digital destacando a importância de valores e princípios éticos. Também enfatizam a necessidade de um entendimento crítico sobre o uso de tecnologias e a proteção da identidade digital dos indivíduos, promovendo o uso seguro e responsável da tecnologia.",candidate,2,EVID_ESTONIA_Q03_EU_EE_01_PNA_001; EVID_ESTONIA_Q03_EU_EE_02_P0004_002,EU-EE-01; EU-EE-02,EU-EE-01:p7; EU-EE-02:p4,RESP_ESTONIA_Q03_20260912T135902Z,RUN_ESTONIA_20260912T135902Z,rag-country-v3.2,3.0
eua,Q03,"Como os documentos abordam cidadania digital, ética digital e letramento midiático?","Os documentos abordam cidadania digital, ética digital e letramento midiático enfatizando a responsabilidade dos indivíduos no uso da tecnologia, o impacto da computação na cultura, e a importância do letramento digital para a cidadania informada. É sublinhado que a cidadania digital engloba comportamentos responsáveis e apropriados relacionado ao uso de tecnologias, enquanto a ética digital destaca considerações legais e morais que afetam a segurança e a conduta dos indivíduos.",candidate,2,EVID_EUA_Q03_US_001_P0103_001; EVID_EUA_Q03_US_001_P0305_002,US_001,US_001:p103; US_001:p305,RESP_EUA_Q03_20260912T142218Z,RUN_EUA_20260912T142218Z,rag-country-v3.2,3.0
finlandia,Q03,"Como os documentos abordam cidadania digital, ética digital e letramento midiático?","Os documentos abordam cidadania digital, ética digital e letramento midiático através de competências transversais, como competência cultural, interação e expressão, além de promover a participação e construção de um futuro sustentável.",candidate,1,EVID_FINLANDIA_Q03_FI_001_P0001_001,FI_001,FI_001:p1-3,RESP_FINLANDIA_Q03_20260912T142441Z,RUN_FINLANDIA_20260912T142441Z,rag-country-v3.2,3.0
gana,Q03,"Como os documentos abordam cidadania digital, ética digital e letramento midiático?","Os documentos abordam cidadania digital, ética digital e letramento midiático por meio da promoção de conhecimentos, habilidades e atitudes necessárias para interagir de forma segura e eficaz em ambientes digitais. Eles enfatizam a importância da avaliação crítica das informações, o respeito à privacidade e a responsabilidade no uso das tecnologias.",candidate,3,EVID_GANA_Q03_GH_001_P0064_001; EVID_GANA_Q03_GH_001_P0092_002; EVID_GANA_Q03_GH_002_P0049_003,GH_001; GH_002,GH_001:p64; GH_001:p92; GH_002:p49,RESP_GANA_Q03_20260912T142704Z,RUN_GANA_20260912T142704Z,rag-country-v3.2,3.0
hong-kong,Q03,"Como os documentos abordam cidadania digital, ética digital e letramento midiático?","Os documentos abordam cidadania digital, ética digital e letramento midiático através da promoção do uso responsável da informação e do respeito pela propriedade intelectual. Eles enfatizam a importância da alfabetização informacional em uma sociedade baseada no conhecimento e discutem como as tecnologias impactam a era da informação e as interações sociais.",candidate,2,EVID_HONG_KONG_Q03_HK_001_P0058_001; EVID_HONG_KONG_Q03_HK_002_P0023_002,HK_001; HK_002,HK_001:p58-59; HK_002:p23-24,RESP_HONG_KONG_Q03_20260912T142926Z,RUN_HONG_KONG_20260912T142926Z,rag-country-v3.2,3.0
irlanda,Q03,"Como os documentos abordam cidadania digital, ética digital e letramento midiático?","Os documentos abordam cidadania digital, ética digital e letramento midiático através do reconhecimento da relação complexa entre as tecnologias de computação e a sociedade, incluindo questões de ética e o impacto positivo e negativo da computação na cultura e sociedade.",candidate,2,EVID_IRLANDA_Q03_IE_001_P0021_001; EVID_IRLANDA_Q03_IE_001_P0021_002,IE_001,IE_001:p21; IE_001:p21,RESP_IRLANDA_Q03_20260912T143215Z,RUN_IRLANDA_20260912T143215Z,rag-country-v3.2,3.0
japao,Q03,"Como os documentos abordam cidadania digital, ética digital e letramento midiático?","Os documentos abordam cidadania digital, ética digital e letramento midiático através da ênfase na comunicação eficaz, no desenvolvimento de habilidades digitales e na utilização consciente das tecnologias da informação. Através de práticas educativas, são promovidas discussões sobre a responsabilidade na utilização dessas tecnologias e a importância de uma ética digital.",candidate,3,EVID_JAPAO_Q03_JP_001_P0012_001; EVID_JAPAO_Q03_JP_001_P0012_002; EVID_JAPAO_Q03_JP_002_P0170_003,JP_001; JP_002,JP_001:p12; JP_001:p12; JP_002:p170,RESP_JAPAO_Q03_20260912T143439Z,RUN_JAPAO_20260912T143439Z,rag-country-v3.2,3.0
nova-zelandia,Q03,"Como os documentos abordam cidadania digital, ética digital e letramento midiático?","Os documentos abordam cidadania digital e ética digital através da integração de tecnologias digitais no currículo escolar, promovendo o letramento midiático. Os educadores estão incentivados a ensinar de maneira que conecte a tecnologia a outras áreas do aprendizado, desenvolvendo competências-chave dos alunos.",candidate,2,EVID_NOVA_ZELANDIA_Q03_NZ_001_P0010_001; EVID_NOVA_ZELANDIA_Q03_NZ_001_P0004_002,NZ_001,NZ_001:p10; NZ_001:p4,RESP_NOVA_ZELANDIA_Q03_20260912T143655Z,RUN_NOVA_ZELANDIA_20260912T143655Z,rag-country-v3.2,3.0
quenia,Q03,"Como os documentos abordam cidadania digital, ética digital e letramento midiático?","Os documentos abordam cidadania digital ao enfatizar que a cidadania cria um senso de pertença e ajuda os jovens a lidar com conflitos e a entender as consequências de suas ações. Além disso, a letramento digital é descrita como a habilidade de usar dispositivos digitais de forma eficaz e segura, além de compreender as questões éticas e sociais que surgem do uso da mídia digital.",candidate,2,EVID_QUENIA_Q03_KE_001_P0025_001; EVID_QUENIA_Q03_KE_001_P0026_002,KE_001,KE_001:p25; KE_001:p26,RESP_QUENIA_Q03_20260912T143913Z,RUN_QUENIA_20260912T143913Z,rag-country-v3.2,3.0
reino-unido,Q03,"Como os documentos abordam cidadania digital, ética digital e letramento midiático?","Os documentos abordam a cidadania digital e a ética digital enfatizando a segurança no uso da tecnologia, privacidade e a responsabilidade dos alunos ao utilizar as tecnologias de informação e comunicação.",candidate,2,EVID_REINO_UNIDO_Q03_UK_001_P0001_001; EVID_REINO_UNIDO_Q03_UK_002_P0001_002,UK_001; UK_002,UK_001:p1-2; UK_002:p1-3,RESP_REINO_UNIDO_Q03_20260912T144124Z,RUN_REINO_UNIDO_20260912T144124Z,rag-country-v3.2,3.0
ruanda,Q03,"Como os documentos abordam cidadania digital, ética digital e letramento midiático?","Os documentos abordam cidadania digital, ética digital e letramento midiático através da promoção do uso ético da internet, explorando estratégias de pesquisa na web e discutindo questões éticas relacionadas ao uso de plataformas online.",candidate,2,EVID_RUANDA_Q03_RW_001_P0021_001; EVID_RUANDA_Q03_RW_001_P0021_002,RW_001,RW_001:p21; RW_001:p21,RESP_RUANDA_Q03_20260912T144341Z,RUN_RUANDA_20260912T144341Z,rag-country-v3.2,3.0
singapura,Q03,"Como os documentos abordam cidadania digital, ética digital e letramento midiático?","Os documentos abordam cidadania digital, ética digital e letramento midiático através da formação de competências em computação e discussões sobre as implicações sociais e éticas do uso de tecnologias. Há uma ênfase na formação cívica e na compreensão crítica das tecnologias digitais, promovendo uma abordagem reflexiva e informada.",candidate,2,EVID_SINGAPURA_Q03_SG_002_P0011_001; EVID_SINGAPURA_Q03_SG_015_P0003_002,SG_002; SG_015,SG_002:p11; SG_015:p3,RESP_SINGAPURA_Q03_20260912T144617Z,RUN_SINGAPURA_20260912T144617Z,rag-country-v3.2,3.0
suica,Q03,"Como os documentos abordam cidadania digital, ética digital e letramento midiático?","Os documentos abordam a cidadania digital, ética digital e letramento midiático através da ênfase em práticas de pesquisa responsável, análise crítica de informações, e a criação de conteúdos mediáticos de forma ética.",candidate,4,EVID_SUICA_Q03_CH_001_P0001_001; EVID_SUICA_Q03_CH_001_P0002_002; EVID_SUICA_Q03_CH_002_P0001_003; EVID_SUICA_Q03_CH_003_P0017_004,CH_001; CH_002; CH_003,CH_001:p1; CH_001:p2; CH_002:p1; CH_003:p17,RESP_SUICA_Q03_20260912T144840Z,RUN_SUICA_20260912T144840Z,rag-country-v3.2,3.0
taiwan,Q03,"Como os documentos abordam cidadania digital, ética digital e letramento midiático?","Os documentos abordam a cidadania digital enfatizando a importância de respeitar a ética e as leis relacionadas à tecnologia, além de promover o letramento midiático e a consciência crítica em relação ao uso das mídias e tecnologias na sociedade.",candidate,2,EVID_TAIWAN_Q03_TW_001_P0025_001; EVID_TAIWAN_Q03_TW_001_P0029_002,TW_001,TW_001:p25; TW_001:p29,RESP_TAIWAN_Q03_20260912T145057Z,RUN_TAIWAN_20260912T145057Z,rag-country-v3.2,3.0
uruguai,Q03,"Como os documentos abordam cidadania digital, ética digital e letramento midiático?","Os documentos abordam a cidadania digital, ética digital e letramento midiático enfatizando a navegação segura, os direitos de autor e a análise crítica das informações. Eles promovem a reflexão sobre as ações nas redes sociais e a importância de se expressar de maneira respeitosa em ambientes digitais.",candidate,1,EVID_URUGUAI_Q03_UY_003_P0009_001,UY_003,UY_003:p9,RESP_URUGUAI_Q03_20260912T145323Z,RUN_URUGUAI_20260912T145323Z,rag-country-v3.2,3.0
africa-do-sul,Q04,Que evidências apresentam convergência com princípios ou dimensões presentes nos referenciais UNESCO e OECD/PISA?,"O documento apresenta princípios como transformação social e aprendizado ativo, alinhando-se aos referenciais UNESCO e OECD/PISA.",candidate,1,EVID_AFRICA_DO_SUL_Q04_AF_ZA_02_P0004_001,AF-ZA-02,AF-ZA-02:p4-5,RESP_AFRICA_DO_SUL_Q04_20260912T140454Z,RUN_AFRICA_DO_SUL_20260912T140454Z,rag-country-v3.2,3.0
australia,Q04,Que evidências apresentam convergência com princípios ou dimensões presentes nos referenciais UNESCO e OECD/PISA?,"As evidências coletadas mostram que os estudantes são capacitados a compreender como as tecnologias impactam as decisões de design e as necessidades da comunidade, alinhando-se com os princípios da UNESCO e do OECD/PISA. O currículo enfatiza a representação e o processamento de dados, além da colaboração no uso de ferramentas digitais, que são aspectos centrais nesses referenciais.",candidate,2,EVID_AUSTRALIA_Q04_OC_AU_01_P0001_001; EVID_AUSTRALIA_Q04_OC_AU_01_P0001_002,OC-AU-01,OC-AU-01:p1; OC-AU-01:p1,RESP_AUSTRALIA_Q04_20260912T140702Z,RUN_AUSTRALIA_20260912T140702Z,rag-country-v3.2,3.0
brasil,Q04,Que evidências apresentam convergência com princípios ou dimensões presentes nos referenciais UNESCO e OECD/PISA?,"As evidências apresentam convergência porque o documento brasileiro adota o desenvolvimento de competências como orientação curricular, enfoque também presente nas avaliações internacionais da OCDE/PISA e nos referenciais da UNESCO. Essa aproximação indica alinhamento no uso de competências como base para organizar os currículos.",candidate,1,EVID_BRASIL_Q04_BR_003_PNA_001,BR_003,BR_003:p15,RESP_BRASIL_Q04_20260912T140932Z,RUN_BRASIL_20260912T140932Z,rag-country-v3.2,3.0
canada,Q04,Que evidências apresentam convergência com princípios ou dimensões presentes nos referenciais UNESCO e OECD/PISA?,"As evidências indicam que os novos currículos de ciências para os alunos enfatizam a construção de conhecimento foundational e a inclusão de perspectivas diversas, com atenção a práticas agrícolas e conhecimento das Primeiras Nações, Métis e Inuit, alinhando-se aos referenciais da UNESCO e OECD/PISA.",candidate,2,EVID_CANADA_Q04_CA_002_P0001_001; EVID_CANADA_Q04_CA_002_P0001_002,CA_002,CA_002:p1; CA_002:p1,RESP_CANADA_Q04_20260912T141201Z,RUN_CANADA_20260912T141201Z,rag-country-v3.2,3.0
chile,Q04,Que evidências apresentam convergência com princípios ou dimensões presentes nos referenciais UNESCO e OECD/PISA?,"As evidências que apresentam convergência com princípios ou dimensões nos referenciais UNESCO e OECD/PISA incluem a abordagem de habilidades e competências para o século XXI, enfatizando a necessidade de uma educação que prepare os estudantes para desafios globais e sustentáveis.",candidate,2,EVID_CHILE_Q04_CL_003_P0342_001; EVID_CHILE_Q04_CL_002_P0144_002,CL_002; CL_003,CL_003:p342; CL_002:p144,RESP_CHILE_Q04_20260912T141439Z,RUN_CHILE_20260912T141439Z,rag-country-v3.2,3.0
china,Q04,Que evidências apresentam convergência com princípios ou dimensões presentes nos referenciais UNESCO e OECD/PISA?,"As evidências recuperadas indicam a importância de vincular o conteúdo dos cursos à experiência dos alunos e à vida social, destacando a necessidade de uma aprendizagem que considere a interdisciplinaridade e a resolução de problemas, em consonância com os princípios da UNESCO e OECD/PISA.",candidate,2,EVID_CHINA_Q04_AS_CN_02_P0019_001; EVID_CHINA_Q04_AS_CN_01_P0065_002,AS-CN-01; AS-CN-02,AS-CN-02:p19; AS-CN-01:p65-66,RESP_CHINA_Q04_20260912T141700Z,RUN_CHINA_20260912T141700Z,rag-country-v3.2,3.0
coreia-do-sul,Q04,Que evidências apresentam convergência com princípios ou dimensões presentes nos referenciais UNESCO e OECD/PISA?,A evidência de Convergência entre a educação e as diretrizes da UNESCO e do OECD/PISA é identificada nos princípios de desenvolvimento de talentos criativos através da integração de Tecnologia da Informação e Comunicação (TIC) no processo educacional.,candidate,2,EVID_COREIA_DO_SUL_Q04_KR_001_P0001_001; EVID_COREIA_DO_SUL_Q04_KR_001_P0039_002,KR_001,KR_001:p1; KR_001:p39,RESP_COREIA_DO_SUL_Q04_20260912T141943Z,RUN_COREIA_DO_SUL_20260912T141943Z,rag-country-v3.2,3.0
estonia,Q04,Que evidências apresentam convergência com princípios ou dimensões presentes nos referenciais UNESCO e OECD/PISA?,"As evidências mencionam a promoção de um ambiente educacional que prioriza a confiança, a igualdade e a inclusão, princípios que convergem com os referenciais UNESCO e OECD/PISA.",candidate,3,EVID_ESTONIA_Q04_EU_EE_01_P0001_001; EVID_ESTONIA_Q04_EU_EE_02_P0010_002; EVID_ESTONIA_Q04_EU_EE_01_P0001_003,EU-EE-01; EU-EE-02,EU-EE-01:p1; EU-EE-02:p10; EU-EE-01:p1,RESP_ESTONIA_Q04_20260912T135902Z,RUN_ESTONIA_20260912T135902Z,rag-country-v3.2,3.0
eua,Q04,Que evidências apresentam convergência com princípios ou dimensões presentes nos referenciais UNESCO e OECD/PISA?,"As evidências apresentadas indicam que o aprendizado social e emocional, que inclui competências afetivas, comportamentais e cognitivas, é fundamental para o sucesso na educação. Isso está alinhado com princípios observáveis nos referenciais UNESCO e OECD/PISA, que enfatizam a importância de competências não apenas acadêmicas, mas também sociais para o desenvolvimento integral dos estudantes.",candidate,2,EVID_EUA_Q04_US_001_P0195_001; EVID_EUA_Q04_US_001_P0082_002,US_001,US_001:p195-196; US_001:p82-83,RESP_EUA_Q04_20260912T142218Z,RUN_EUA_20260912T142218Z,rag-country-v3.2,3.0
finlandia,Q04,Que evidências apresentam convergência com princípios ou dimensões presentes nos referenciais UNESCO e OECD/PISA?,"A nova currículo nacional para a educação básica na Finlândia tem convergências claras com os princípios e dimensões dos referenciais UNESCO e OECD/PISA, especialmente no que diz respeito à ênfase em competências transversais como a participação, responsabilidade ambiental e a promoção da equidade e igualdade.",candidate,2,EVID_FINLANDIA_Q04_FI_001_P0002_001; EVID_FINLANDIA_Q04_FI_001_P0001_002,FI_001,FI_001:p2; FI_001:p1,RESP_FINLANDIA_Q04_20260912T142441Z,RUN_FINLANDIA_20260912T142441Z,rag-country-v3.2,3.0
gana,Q04,Que evidências apresentam convergência com princípios ou dimensões presentes nos referenciais UNESCO e OECD/PISA?,"A documentação evidencia princípios de digital literacy, comunicação e colaboração, que estão alinhados com os referenciais da UNESCO e OECD/PISA.",candidate,2,EVID_GANA_Q04_GH_001_P0080_001; EVID_GANA_Q04_GH_001_P0079_002,GH_001,GH_001:p80; GH_001:p79,RESP_GANA_Q04_20260912T142704Z,RUN_GANA_20260912T142704Z,rag-country-v3.2,3.0
hong-kong,Q04,Que evidências apresentam convergência com princípios ou dimensões presentes nos referenciais UNESCO e OECD/PISA?,"As escolas desenvolvem seu currículo escolar baseado nas diretrizes de valores e atitudes, promovendo consciência ambiental e interdependência entre os seres vivos e seu ambiente, o que está em linha com os princípios da UNESCO e OECD/PISA.",candidate,2,EVID_HONG_KONG_Q04_HK_001_P0038_001; EVID_HONG_KONG_Q04_HK_001_P0121_002,HK_001,HK_001:p38; HK_001:p121,RESP_HONG_KONG_Q04_20260912T142926Z,RUN_HONG_KONG_20260912T142926Z,rag-country-v3.2,3.0
irlanda,Q04,Que evidências apresentam convergência com princípios ou dimensões presentes nos referenciais UNESCO e OECD/PISA?,"O currículo de Ciências da Computação promove habilidades essenciais como pensamento computacional, resolução de problemas e ética social, que ressoam com os princípios da UNESCO e dimensões do OECD/PISA.",candidate,4,EVID_IRLANDA_Q04_IE_001_P0013_001; EVID_IRLANDA_Q04_IE_001_P0021_002; EVID_IRLANDA_Q04_IE_001_P0027_003; EVID_IRLANDA_Q04_IE_001_P0008_004,IE_001,IE_001:p13; IE_001:p21; IE_001:p27; IE_001:p8,RESP_IRLANDA_Q04_20260912T143215Z,RUN_IRLANDA_20260912T143215Z,rag-country-v3.2,3.0
japao,Q04,Que evidências apresentam convergência com princípios ou dimensões presentes nos referenciais UNESCO e OECD/PISA?,As evidências indicam que é fundamental ensinar com ênfase na prevenção de conflitos e na promoção de uma sociedade internacional pacífica e democrática.,candidate,1,EVID_JAPAO_Q04_JP_001_P0078_001,JP_001,JP_001:p78,RESP_JAPAO_Q04_20260912T143439Z,RUN_JAPAO_20260912T143439Z,rag-country-v3.2,3.0
nova-zelandia,Q04,Que evidências apresentam convergência com princípios ou dimensões presentes nos referenciais UNESCO e OECD/PISA?,"As evidências recuperadas mostram que o currículo de tecnologia na Nova Zelândia enfatiza uma abordagem integrada e interdisciplinar, promovendo competências-chave como o pensamento crítico, a colaboração e a participação, alinhando-se assim aos princípios e dimensões dos referenciais UNESCO e OECD/PISA.",candidate,2,EVID_NOVA_ZELANDIA_Q04_NZ_001_P0010_001; EVID_NOVA_ZELANDIA_Q04_NZ_001_P0012_002,NZ_001,NZ_001:p10; NZ_001:p12,RESP_NOVA_ZELANDIA_Q04_20260912T143655Z,RUN_NOVA_ZELANDIA_20260912T143655Z,rag-country-v3.2,3.0
quenia,Q04,Que evidências apresentam convergência com princípios ou dimensões presentes nos referenciais UNESCO e OECD/PISA?,"A formação prevista no currículo contempla competências essenciais como a comunicação e colaboração, pensamento crítico e a criatividade, que estão alinhadas com os princípios UNESCO e OECD/PISA.",candidate,1,EVID_QUENIA_Q04_KE_001_P0058_001,KE_001,KE_001:p58,RESP_QUENIA_Q04_20260912T143913Z,RUN_QUENIA_20260912T143913Z,rag-country-v3.2,3.0
reino-unido,Q04,Que evidências apresentam convergência com princípios ou dimensões presentes nos referenciais UNESCO e OECD/PISA?,"O currículo nacional para computação no Reino Unido garante que todos os alunos desenvolvam habilidades em ciências da computação, que incluem a aplicação das principais dimensões presentes nos referenciais UNESCO e OECD/PISA, como o desenvolvimento do pensamento computacional, criatividade e alfabetização digital dos alunos.",candidate,2,EVID_REINO_UNIDO_Q04_UK_001_P0001_001; EVID_REINO_UNIDO_Q04_UK_002_P0001_002,UK_001; UK_002,UK_001:p1-2; UK_002:p1-2,RESP_REINO_UNIDO_Q04_20260912T144124Z,RUN_REINO_UNIDO_20260912T144124Z,rag-country-v3.2,3.0
ruanda,Q04,Que evidências apresentam convergência com princípios ou dimensões presentes nos referenciais UNESCO e OECD/PISA?,"As competências amplas em ICT promovem habilidades de pensamento crítico, resolução de problemas e aplicação de conhecimento, alinhando-se aos princípios UNESCO e OECD/PISA.",candidate,2,EVID_RUANDA_Q04_RW_001_P0009_001; EVID_RUANDA_Q04_RW_001_P0009_002,RW_001,RW_001:p9; RW_001:p9,RESP_RUANDA_Q04_20260912T144341Z,RUN_RUANDA_20260912T144341Z,rag-country-v3.2,3.0
singapura,Q04,Que evidências apresentam convergência com princípios ou dimensões presentes nos referenciais UNESCO e OECD/PISA?,"As evidências ressaltam a importância de ambientes de aprendizagem estimulantes e do papel ativo das crianças como construtoras de conhecimento, alinhando-se aos princípios da UNESCO e OECD/PISA sobre aprendizagem centrada no aluno e construção do conhecimento.",candidate,2,EVID_SINGAPURA_Q04_SG_010_P0037_001; EVID_SINGAPURA_Q04_SG_002_P0017_002,SG_002; SG_010,SG_010:p37-38; SG_002:p17-18,RESP_SINGAPURA_Q04_20260912T144617Z,RUN_SINGAPURA_20260912T144617Z,rag-country-v3.2,3.0
suica,Q04,Que evidências apresentam convergência com princípios ou dimensões presentes nos referenciais UNESCO e OECD/PISA?,"As evidências indicam uma convergência com os princípios da alfabetização digital e do uso responsável das tecnologias e mídias, conforme alinhado aos referenciais da UNESCO e OECD/PISA.",candidate,2,EVID_SUICA_Q04_CH_002_P0004_001; EVID_SUICA_Q04_CH_003_P0011_002,CH_002; CH_003,CH_002:p4; CH_003:p11,RESP_SUICA_Q04_20260912T144840Z,RUN_SUICA_20260912T144840Z,rag-country-v3.2,3.0
taiwan,Q04,Que evidências apresentam convergência com princípios ou dimensões presentes nos referenciais UNESCO e OECD/PISA?,"As evidências destacam a importância do uso responsável da tecnologia e da compreensão das questões sociais relacionadas, que são dimensões reconhecidas pelos referenciais da UNESCO e OECD/PISA.",candidate,2,EVID_TAIWAN_Q04_TW_001_P0043_001; EVID_TAIWAN_Q04_TW_001_P0042_002,TW_001,TW_001:p43; TW_001:p42,RESP_TAIWAN_Q04_20260912T145057Z,RUN_TAIWAN_20260912T145057Z,rag-country-v3.2,3.0
uruguai,Q04,Que evidências apresentam convergência com princípios ou dimensões presentes nos referenciais UNESCO e OECD/PISA?,"O Plan CEIBAL em Uruguay demonstra uma convergência com os princípios da UNESCO, promovendo o uso das TIC na educação para melhorar a qualidade e acessibilidade do aprendizado, apoiando o conceito de educação para todos, assim como a luta contra a desigualdade social e digital.",candidate,3,EVID_URUGUAI_Q04_UY_002_P0012_001; EVID_URUGUAI_Q04_UY_001_P0014_002; EVID_URUGUAI_Q04_UY_002_P0010_003,UY_001; UY_002,UY_002:p12; UY_001:p14; UY_002:p10,RESP_URUGUAI_Q04_20260912T145323Z,RUN_URUGUAI_20260912T145323Z,rag-country-v3.2,3.0
africa-do-sul,Q05,Quais competências associadas ao século XXI aparecem nos documentos curriculares?,"As competências associadas ao século XXI que aparecem nos documentos curriculares incluem a capacidade de identificar e resolver problemas, pensar criticamente e criativamente, trabalhar efetivamente em equipe, comunicar-se de forma eficaz e utilizar a tecnologia de maneira responsável.",candidate,1,EVID_AFRICA_DO_SUL_Q05_AF_ZA_01_P0006_001,AF-ZA-01,AF-ZA-01:p6,RESP_AFRICA_DO_SUL_Q05_20260912T140454Z,RUN_AFRICA_DO_SUL_20260912T140454Z,rag-country-v3.2,3.0
australia,Q05,Quais competências associadas ao século XXI aparecem nos documentos curriculares?,"Os documentos curriculares da Austrália destacam diversas competências associadas ao século XXI, incluindo o uso de sistemas digitais, a representação de dados, o design e produção de soluções tecnológicas, e a colaboração utilizando ferramentas digitais.",candidate,4,EVID_AUSTRALIA_Q05_OC_AU_02_P0001_001; EVID_AUSTRALIA_Q05_OC_AU_01_P0001_002; EVID_AUSTRALIA_Q05_OC_AU_02_P0001_003; EVID_AUSTRALIA_Q05_OC_AU_01_P0001_004,OC-AU-01; OC-AU-02,OC-AU-02:p1; OC-AU-01:p1; OC-AU-02:p1; OC-AU-01:p1,RESP_AUSTRALIA_Q05_20260912T140702Z,RUN_AUSTRALIA_20260912T140702Z,rag-country-v3.2,3.0
brasil,Q05,Quais competências associadas ao século XXI aparecem nos documentos curriculares?,"['As competências associadas ao século XXI nos documentos curriculares incluem a compreensão, utilização e criação de tecnologias digitais de informação e comunicação de forma crítica e ética, além da promoção da cultura digital e do pensamento computacional.']",candidate,2,EVID_BRASIL_Q05_BR_012_P0024_001; EVID_BRASIL_Q05_BR_005_P0005_002,BR_005; BR_012,BR_012:p24-25; BR_005:p5,RESP_BRASIL_Q05_20260912T140932Z,RUN_BRASIL_20260912T140932Z,rag-country-v3.2,3.0
canada,Q05,Quais competências associadas ao século XXI aparecem nos documentos curriculares?,"As competências associadas ao século XXI que aparecem nos documentos curriculares incluem o pensamento crítico, a criatividade e a colaboração em ambientes de aprendizagem.",candidate,1,EVID_CANADA_Q05_CA_002_P0001_001,CA_002,CA_002:p1-4,RESP_CANADA_Q05_20260912T141201Z,RUN_CANADA_20260912T141201Z,rag-country-v3.2,3.0
chile,Q05,Quais competências associadas ao século XXI aparecem nos documentos curriculares?,"As competências associadas ao século XXI incluem a flexibilidade, a empatia, a responsabilidade, a disposição a enfrentar novos desafios e ideias, e a abertura à diversidade de culturas e opiniões.",candidate,1,EVID_CHILE_Q05_CL_003_P0095_001,CL_003,CL_003:p95-96,RESP_CHILE_Q05_20260912T141439Z,RUN_CHILE_20260912T141439Z,rag-country-v3.2,3.0
china,Q05,Quais competências associadas ao século XXI aparecem nos documentos curriculares?,"As competências associadas ao século XXI nos documentos curriculares incluem a informação consciência, pensamento computacional, aprendizado e inovação digital, e responsabilidade social da informação.",candidate,4,EVID_CHINA_Q05_AS_CN_01_P0012_001; EVID_CHINA_Q05_AS_CN_01_P0012_002; EVID_CHINA_Q05_AS_CN_01_P0012_003; EVID_CHINA_Q05_AS_CN_01_P0012_004,AS-CN-01,AS-CN-01:p12; AS-CN-01:p12; AS-CN-01:p12; AS-CN-01:p12,RESP_CHINA_Q05_20260912T141700Z,RUN_CHINA_20260912T141700Z,rag-country-v3.2,3.0
coreia-do-sul,Q05,Quais competências associadas ao século XXI aparecem nos documentos curriculares?,"As competências associadas ao século XXI nos documentos curriculares incluem a medição da literacia em TIC, onde o estudo revelou um forte desenvolvimento nas áreas de 'Comunicação da Informação' e 'Uso e Gestão da Informação' entre estudantes do ensino médio, indicando a relevância dessas habilidades na formação educacional moderna.",candidate,1,EVID_COREIA_DO_SUL_Q05_KR_001_P0154_001,KR_001,KR_001:p154-155,RESP_COREIA_DO_SUL_Q05_20260912T141943Z,RUN_COREIA_DO_SUL_20260912T141943Z,rag-country-v3.2,3.0
estonia,Q05,Quais competências associadas ao século XXI aparecem nos documentos curriculares?,"As competências associadas ao século XXI nos documentos curriculares da Estônia incluem a formação de cidadãos socialmente ativos e responsáveis, a consciência cultural e ambiental, a capacidade de inovação tecnológica, a habilidade de análise crítica em meios de comunicação, e o desenvolvimento de competências sociais e de cidadania.",candidate,3,EVID_ESTONIA_Q05_EU_EE_01_P0001_001; EVID_ESTONIA_Q05_EU_EE_01_P0001_002; EVID_ESTONIA_Q05_EU_EE_01_P0001_003,EU-EE-01,EU-EE-01:p1; EU-EE-01:p1; EU-EE-01:p1,RESP_ESTONIA_Q05_20260912T135902Z,RUN_ESTONIA_20260912T135902Z,rag-country-v3.2,3.0
eua,Q05,Quais competências associadas ao século XXI aparecem nos documentos curriculares?,"As competências associadas ao século XXI nos documentos curriculares incluem pensamento computacional, que é uma habilidade fundamental para todos, além de ser aplicada em diversas disciplinas, como matemática e ciências. Outros pontos destacados são a colaboração, comunicação e resolução de problemas por meio de programação e criação de artefatos computacionais.",candidate,2,EVID_EUA_Q05_US_001_P0079_001; EVID_EUA_Q05_US_001_P0168_002,US_001,US_001:p79-80; US_001:p168,RESP_EUA_Q05_20260912T142218Z,RUN_EUA_20260912T142218Z,rag-country-v3.2,3.0
finlandia,Q05,Quais competências associadas ao século XXI aparecem nos documentos curriculares?,"As competências associadas ao século XXI identificadas nos documentos curriculares da Finlândia incluem: pensamento e aprendizagem a aprender, competência cultural, interação e expressão, cuidado pessoal e gestão da vida diária, multiliteracia, competência em TIC, competência para o mundo do trabalho e empreendedorismo, participação, envolvimento e construção de um futuro sustentável.",candidate,1,EVID_FINLANDIA_Q05_FI_001_P0002_001,FI_001,FI_001:p2,RESP_FINLANDIA_Q05_20260912T142441Z,RUN_FINLANDIA_20260912T142441Z,rag-country-v3.2,3.0
gana,Q05,Quais competências associadas ao século XXI aparecem nos documentos curriculares?,"As competências associadas ao século XXI nos documentos curriculares incluem: Criatividade e Inovação, Comunicação e Colaboração, Cidadania Cultural e Global, Desenvolvimento Pessoal e Liderança, e Alfabetização Digital.",candidate,2,EVID_GANA_Q05_GH_002_P0025_001; EVID_GANA_Q05_GH_001_P0088_002,GH_001; GH_002,GH_002:p25-26; GH_001:p88-89,RESP_GANA_Q05_20260912T142704Z,RUN_GANA_20260912T142704Z,rag-country-v3.2,3.0
hong-kong,Q05,Quais competências associadas ao século XXI aparecem nos documentos curriculares?,"As competências associadas ao século XXI presentes nos documentos curriculares de Hong Kong incluem o pensamento computacional, a resolução colaborativa de problemas, o pensamento crítico, a criatividade e a capacidade de aprender a aprender.",candidate,4,EVID_HONG_KONG_Q05_HK_001_P0100_001; EVID_HONG_KONG_Q05_HK_001_P0134_002; EVID_HONG_KONG_Q05_HK_001_P0028_003; EVID_HONG_KONG_Q05_HK_001_P0015_004,HK_001,HK_001:p100; HK_001:p134-135; HK_001:p28-29; HK_001:p15,RESP_HONG_KONG_Q05_20260912T142926Z,RUN_HONG_KONG_20260912T142926Z,rag-country-v3.2,3.0
irlanda,Q05,Quais competências associadas ao século XXI aparecem nos documentos curriculares?,"As competências associadas ao século XXI mencionadas nos documentos curriculares incluem a capacidade de resolver problemas, pensamento lógico, pensamento crítico, e colaboração. Os alunos devem também desenvolver habilidades de autogerenciamento e responsabilidade social.",candidate,3,EVID_IRLANDA_Q05_IE_001_P0006_001; EVID_IRLANDA_Q05_IE_001_P0009_002; EVID_IRLANDA_Q05_IE_001_P0021_003,IE_001,IE_001:p6-8; IE_001:p9; IE_001:p21,RESP_IRLANDA_Q05_20260912T143215Z,RUN_IRLANDA_20260912T143215Z,rag-country-v3.2,3.0
japao,Q05,Quais competências associadas ao século XXI aparecem nos documentos curriculares?,"As competências associadas ao século XXI mencionadas nos documentos curriculares incluem a habilidade de coletar, organizar e tratar dados adequadamente, assim como a capacidade de prever fenômenos futuros e evaluar resultados de processos, promovendo um pensamento crítico sobre sistemas de informação e suas implicações na sociedade.",candidate,2,EVID_JAPAO_Q05_JP_001_P0196_001; EVID_JAPAO_Q05_JP_001_P0196_002,JP_001,JP_001:p196; JP_001:p196,RESP_JAPAO_Q05_20260912T143439Z,RUN_JAPAO_20260912T143439Z,rag-country-v3.2,3.0
nova-zelandia,Q05,Quais competências associadas ao século XXI aparecem nos documentos curriculares?,Os documentos curriculares mencionam competências como o pensamento computacional e a habilidade de projetar e desenvolver resultados digitais.,candidate,2,EVID_NOVA_ZELANDIA_Q05_NZ_001_P0014_001; EVID_NOVA_ZELANDIA_Q05_NZ_001_P0010_002,NZ_001,NZ_001:p14; NZ_001:p10,RESP_NOVA_ZELANDIA_Q05_20260912T143655Z,RUN_NOVA_ZELANDIA_20260912T143655Z,rag-country-v3.2,3.0
quenia,Q05,Quais competências associadas ao século XXI aparecem nos documentos curriculares?,"As competências associadas ao século XXI que aparecem nos documentos curriculares do Quênia incluem Comunicação e Colaboração, Autoeficácia, Pensamento Crítico e Resolução de Problemas, Criatividade e Imaginação, Cidadania, Literacia Digital e Aprendizado a Aprender.",candidate,1,EVID_QUENIA_Q05_KE_001_P0022_001,KE_001,KE_001:p22,RESP_QUENIA_Q05_20260912T143913Z,RUN_QUENIA_20260912T143913Z,rag-country-v3.2,3.0
reino-unido,Q05,Quais competências associadas ao século XXI aparecem nos documentos curriculares?,"As competências associadas ao século XXI nos documentos curriculares incluem a capacidade de compreender e aplicar princípios de ciência da computação, análise de problemas em termos computacionais, uso responsável da tecnologia, e desenvolvimento de habilidades criativas e de pensamento crítico.",candidate,2,EVID_REINO_UNIDO_Q05_UK_001_P0001_001; EVID_REINO_UNIDO_Q05_UK_002_P0001_002,UK_001; UK_002,UK_001:p1-2; UK_002:p1-2,RESP_REINO_UNIDO_Q05_20260912T144124Z,RUN_REINO_UNIDO_20260912T144124Z,rag-country-v3.2,3.0
ruanda,Q05,Quais competências associadas ao século XXI aparecem nos documentos curriculares?,"As competências associadas ao século XXI nos documentos curriculares incluem: pensamento crítico, raciocínio lógico, habilidades éticas no uso da tecnologia, e a capacidade de trabalhar cooperativamente em grupos. Além disso, enfatizam o desenvolvimento de habilidades criativas e inovadoras, bem como a adaptação a contextos tecnológicos variados.",candidate,3,EVID_RUANDA_Q05_RW_001_P0009_001; EVID_RUANDA_Q05_RW_001_P0008_002; EVID_RUANDA_Q05_RW_001_P0016_003,RW_001,RW_001:p9; RW_001:p8; RW_001:p16,RESP_RUANDA_Q05_20260912T144341Z,RUN_RUANDA_20260912T144341Z,rag-country-v3.2,3.0
singapura,Q05,Quais competências associadas ao século XXI aparecem nos documentos curriculares?,"As competências associadas ao século XXI nos documentos curriculares incluem o pensamento crítico e inventivo, habilidades de informação e comunicação, e alfabetização cívica, consciência global e habilidades interculturais.",candidate,2,EVID_SINGAPURA_Q05_SG_002_P0017_001; EVID_SINGAPURA_Q05_SG_002_P0017_002,SG_002,SG_002:p17-18; SG_002:p17-18,RESP_SINGAPURA_Q05_20260912T144617Z,RUN_SINGAPURA_20260912T144617Z,rag-country-v3.2,3.0
suica,Q05,Quais competências associadas ao século XXI aparecem nos documentos curriculares?,"As competências associadas ao século XXI estruturadas nos documentos curriculares incluem a habilidade de pesquisar, analisar e avaliar informações, criar conteúdos utilizando ferramentas adequadas, assim como desenvolver a capacidade de resolver problemas complexos em colaboração com os outros e utilizar as tecnologias de maneira responsável.",candidate,2,EVID_SUICA_Q05_CH_001_P0003_001; EVID_SUICA_Q05_CH_003_P0006_002,CH_001; CH_003,CH_001:p3-4; CH_003:p6,RESP_SUICA_Q05_20260912T144840Z,RUN_SUICA_20260912T144840Z,rag-country-v3.2,3.0
taiwan,Q05,Quais competências associadas ao século XXI aparecem nos documentos curriculares?,"As competências associadas ao século XXI nos documentos curriculares incluem habilidades de colaboração, comunicação, pensamento crítico e consciência social.",candidate,4,EVID_TAIWAN_Q05_TW_001_P0029_001; EVID_TAIWAN_Q05_TW_001_P0029_002; EVID_TAIWAN_Q05_TW_001_P0029_003; EVID_TAIWAN_Q05_TW_001_P0027_004,TW_001,TW_001:p29; TW_001:p29; TW_001:p29; TW_001:p27,RESP_TAIWAN_Q05_20260912T145057Z,RUN_TAIWAN_20260912T145057Z,rag-country-v3.2,3.0
uruguai,Q05,Quais competências associadas ao século XXI aparecem nos documentos curriculares?,"Os documentos curriculares enfatizam o desenvolvimento de competências essenciais para o século XXI, como a alfabetização digital, o pensamento computacional e a cidadania digital.",candidate,2,EVID_URUGUAI_Q05_UY_003_P0004_001; EVID_URUGUAI_Q05_UY_001_P0024_002,UY_001; UY_003,UY_003:p4; UY_001:p24,RESP_URUGUAI_Q05_20260912T145323Z,RUN_URUGUAI_20260912T145323Z,rag-country-v3.2,3.0
africa-do-sul,Q06,"Como colaboração, criatividade e resolução de problemas são incorporadas às competências e práticas curriculares?","A incorporação de colaboração, criatividade e resolução de problemas nas competências e práticas curriculares é observada na aplicação de princípios de engenharia de software e no desenvolvimento de soluções para problemas específicos, onde os alunos são incentivados a usar o pensamento computacional. A colaboração é promovida ao solicitar que os alunos trabalhem em tarefas que envolvam a utilização de informações, dados e ideias para resolver problemas, descobrindo relações ou tendências e prevendo comportamentos ou eventos.",candidate,2,EVID_AFRICA_DO_SUL_Q06_AF_ZA_02_P0030_001; EVID_AFRICA_DO_SUL_Q06_AF_ZA_01_P0021_002,AF-ZA-01; AF-ZA-02,AF-ZA-02:p30; AF-ZA-01:p21,RESP_AFRICA_DO_SUL_Q06_20260912T140454Z,RUN_AFRICA_DO_SUL_20260912T140454Z,rag-country-v3.2,3.0
australia,Q06,"Como colaboração, criatividade e resolução de problemas são incorporadas às competências e práticas curriculares?","Estudantes usam ferramentas digitais para criar, localizar e compartilhar conteúdo, colaborando e comunicando ideias de design utilizando modelos e desenhos. Eles seguem passos organizados e utilizam tecnologias para produzir soluções desenhadas de forma segura. A comunicação de ideias é feita usando termos técnicos e técnicas de representação gráfica.",candidate,2,EVID_AUSTRALIA_Q06_OC_AU_01_P0001_001; EVID_AUSTRALIA_Q06_OC_AU_01_P0001_002,OC-AU-01,OC-AU-01:p1-3; OC-AU-01:p1-3,RESP_AUSTRALIA_Q06_20260912T140702Z,RUN_AUSTRALIA_20260912T140702Z,rag-country-v3.2,3.0
brasil,Q06,"Como colaboração, criatividade e resolução de problemas são incorporadas às competências e práticas curriculares?","A colaboração, criatividade e a resolução de problemas são incorporadas às competências e práticas curriculares por meio das competências gerais definidas na BNCC, que enfatizam a mobilização de conhecimentos, habilidades e atitudes para resolver demandas complexas da vida cotidiana. Além disso, é fundamental a participação dos alunos em práticas colaborativas e a capacidade de investigar, refletir, analisar criticamente e criar soluções.",candidate,2,EVID_BRASIL_Q06_BR_019_PNA_001; EVID_BRASIL_Q06_BR_004_P0477_002,BR_004; BR_019,BR_019:p4; BR_004:p477,RESP_BRASIL_Q06_20260912T140932Z,RUN_BRASIL_20260912T140932Z,rag-country-v3.2,3.0
canada,Q06,"Como colaboração, criatividade e resolução de problemas são incorporadas às competências e práticas curriculares?","A nova currícula de ciências do Canadá incorpora colaboração, criatividade e resolução de problemas ao enfatizar métodos científicos e a aprendizagem ativa.",candidate,3,EVID_CANADA_Q06_CA_002_P0001_001; EVID_CANADA_Q06_CA_001_P0003_002; EVID_CANADA_Q06_CA_001_P0003_003,CA_001; CA_002,CA_002:p1; CA_001:p3; CA_001:p3,RESP_CANADA_Q06_20260912T141201Z,RUN_CANADA_20260912T141201Z,rag-country-v3.2,3.0
chile,Q06,"Como colaboração, criatividade e resolução de problemas são incorporadas às competências e práticas curriculares?","As competências de colaboração, criatividade e resolução de problemas são incorporadas nas práticas curriculares no Chile através do uso de TIC, projetos interdisciplinários e objetivos de aprendizagem voltados para a identificação de necessidades e solução de problemas tecnológicos.",candidate,2,EVID_CHILE_Q06_CL_003_P0142_001; EVID_CHILE_Q06_CL_002_P0386_002,CL_002; CL_003,CL_003:p142-144; CL_002:p386-388,RESP_CHILE_Q06_20260912T141439Z,RUN_CHILE_20260912T141439Z,rag-country-v3.2,3.0
china,Q06,"Como colaboração, criatividade e resolução de problemas são incorporadas às competências e práticas curriculares?","A colaboração, criatividade e resolução de problemas são incorporadas às competências e práticas curriculares através da utilização de equipes e ferramentas digitais, promovendo o aprendizado cooperativo e a inovação. Os alunos são incentivados a usar o pensamento computacional e a percepção crítica ao resolver problemas, além de desenvolver um senso de responsabilidade social no uso de tecnologias.",candidate,3,EVID_CHINA_Q06_AS_CN_01_P0001_001; EVID_CHINA_Q06_AS_CN_01_P0014_002; EVID_CHINA_Q06_AS_CN_01_P0071_003,AS-CN-01,AS-CN-01:p1; AS-CN-01:p14; AS-CN-01:p71,RESP_CHINA_Q06_20260912T141700Z,RUN_CHINA_20260912T141700Z,rag-country-v3.2,3.0
coreia-do-sul,Q06,"Como colaboração, criatividade e resolução de problemas são incorporadas às competências e práticas curriculares?","A colaboração, criatividade e resolução de problemas são incorporadas às competências e práticas curriculares por meio do uso de livros didáticos digitais e metodologias que promovem a aprendizagem autodirigida e atividades diversificadas. A utilização de livros digitais permite experiências indiretas e promove a colaboração entre estudantes, facilitando discussões e atividades em grupo.",candidate,2,EVID_COREIA_DO_SUL_Q06_KR_001_P0077_001; EVID_COREIA_DO_SUL_Q06_KR_001_P0077_002,KR_001,KR_001:p77-78; KR_001:p77-78,RESP_COREIA_DO_SUL_Q06_20260912T141943Z,RUN_COREIA_DO_SUL_20260912T141943Z,rag-country-v3.2,3.0
estonia,Q06,"Como colaboração, criatividade e resolução de problemas são incorporadas às competências e práticas curriculares?","A incorporação de colaboração, criatividade e resolução de problemas nas competências e práticas curriculares na Estônia é refletida na promoção de um aluno socialmente ativo e responsável, capaz de encontrar soluções para questões de desenvolvimento humano e ambiental, além de entender a importância da cidadania e da cultura na formação de sua identidade.",candidate,2,EVID_ESTONIA_Q06_EU_EE_01_P0001_001; EVID_ESTONIA_Q06_EU_EE_01_P0001_002,EU-EE-01,EU-EE-01:p1; EU-EE-01:p1,RESP_ESTONIA_Q06_20260912T135902Z,RUN_ESTONIA_20260912T135902Z,rag-country-v3.2,3.0
eua,Q06,"Como colaboração, criatividade e resolução de problemas são incorporadas às competências e práticas curriculares?","A incorporação de colaboração, criatividade e resolução de problemas às competências e práticas curriculares é promovida através da integração das práticas de ciência da computação com os conceitos em padrões educacionais, garantindo que os alunos se tornem proficientes na aplicação do conhecimento e habilidades. A prática deve ser combinada com cada declaração de conceito para criar padrões que representem o comportamento e as habilidades que desejamos nos alunos.",candidate,2,EVID_EUA_Q06_US_001_P0149_001; EVID_EUA_Q06_US_001_P0149_002,US_001,US_001:p149; US_001:p149,RESP_EUA_Q06_20260912T142218Z,RUN_EUA_20260912T142218Z,rag-country-v3.2,3.0
finlandia,Q06,"Como colaboração, criatividade e resolução de problemas são incorporadas às competências e práticas curriculares?","A nova curriculum na Finlândia incorpora a colaboração, criatividade e resolução de problemas através de módulos de aprendizagem multidisciplinares e ênfase na participação ativa dos alunos. A escola promove interação enriquecedora entre alunos e professores.",candidate,2,EVID_FINLANDIA_Q06_FI_001_P0001_001; EVID_FINLANDIA_Q06_FI_001_P0002_002,FI_001,FI_001:p1-2; FI_001:p2-3,RESP_FINLANDIA_Q06_20260912T142441Z,RUN_FINLANDIA_20260912T142441Z,rag-country-v3.2,3.0
gana,Q06,"Como colaboração, criatividade e resolução de problemas são incorporadas às competências e práticas curriculares?","O currículo promove a colaboração através da ênfase em ambientes de trabalho e aprendizagem orientados para o trabalho em equipe, incentivando uma atitude de respeito e tolerância entre os alunos. A criatividade é encorajada através do pensamento crítico e da utilização de tecnologia contemporânea, permitindo que os alunos expressam inovações. A resolução de problemas é abordada pela identificação de problemas na comunidade que podem ser solucionados com o uso de tecnologia.",candidate,3,EVID_GANA_Q06_GH_002_P0013_001; EVID_GANA_Q06_GH_002_P0013_002; EVID_GANA_Q06_GH_001_P0071_003,GH_001; GH_002,GH_002:p13; GH_002:p13; GH_001:p71,RESP_GANA_Q06_20260912T142704Z,RUN_GANA_20260912T142704Z,rag-country-v3.2,3.0
hong-kong,Q06,"Como colaboração, criatividade e resolução de problemas são incorporadas às competências e práticas curriculares?","A educação em Hong Kong incorpora colaboração, criatividade e resolução de problemas através de currículos focados em STEM e abordagens de aprendizagem colaborativa. As atividades de projeto interdisciplinares promovem a criatividade e o pensamento crítico dos alunos.",candidate,3,EVID_HONG_KONG_Q06_HK_001_P0100_001; EVID_HONG_KONG_Q06_HK_001_P0111_002; EVID_HONG_KONG_Q06_HK_001_P0112_003,HK_001,HK_001:p100-101; HK_001:p111-112; HK_001:p112,RESP_HONG_KONG_Q06_20260912T142926Z,RUN_HONG_KONG_20260912T142926Z,rag-country-v3.2,3.0
irlanda,Q06,"Como colaboração, criatividade e resolução de problemas são incorporadas às competências e práticas curriculares?","A colaboração, criatividade e resolução de problemas são incorporadas nas competências e práticas curriculares através de metodologias que promovem o trabalho em grupo, a análise crítica e a inovação. Os alunos aprendem a desenvolver soluções criativas para problemas complexos, utilizando pensamento lógico e computacional, enquanto colaboram em projetos que envolvem a criação de artefatos computacionais relevantes para suas vidas e interesses.",candidate,3,EVID_IRLANDA_Q06_IE_001_P0016_001; EVID_IRLANDA_Q06_IE_001_P0001_002; EVID_IRLANDA_Q06_IE_001_P0021_003,IE_001,IE_001:p16; IE_001:p1; IE_001:p21,RESP_IRLANDA_Q06_20260912T143215Z,RUN_IRLANDA_20260912T143215Z,rag-country-v3.2,3.0
japao,Q06,"Como colaboração, criatividade e resolução de problemas são incorporadas às competências e práticas curriculares?","A colaboração é incorporada através da construção de habilidades de trabalho em equipe, onde os alunos aprendem a resolver desafios em grupo e comunicam suas ideias de forma eficaz. A criatividade é estimulada por meio de atividades que pedem aos alunos para considerarem múltiplas perspectivas e abordagens a vários problemas. A resolução de problemas é parte central do currículo, com ênfase em métodos de análise e síntese de informações de múltiplas fontes.",candidate,2,EVID_JAPAO_Q06_JP_001_P0074_001; EVID_JAPAO_Q06_JP_001_P0074_002,JP_001,JP_001:p74; JP_001:p74,RESP_JAPAO_Q06_20260912T143439Z,RUN_JAPAO_20260912T143439Z,rag-country-v3.2,3.0
nova-zelandia,Q06,"Como colaboração, criatividade e resolução de problemas são incorporadas às competências e práticas curriculares?","O aprendizado de tecnologia é integrado de maneira a promover a colaboração, criatividade e resolução de problemas através de abordagens que conectam diferentes áreas curriculares e desenvolvem competências-chave. A prática de tecnologia é ensinada de forma cruzada, permitindo que os alunos reconheçam as ligações entre diferentes áreas tecnológicas.",candidate,2,EVID_NOVA_ZELANDIA_Q06_NZ_001_P0008_001; EVID_NOVA_ZELANDIA_Q06_NZ_001_P0010_002,NZ_001,NZ_001:p8; NZ_001:p10,RESP_NOVA_ZELANDIA_Q06_20260912T143655Z,RUN_NOVA_ZELANDIA_20260912T143655Z,rag-country-v3.2,3.0
quenia,Q06,"Como colaboração, criatividade e resolução de problemas são incorporadas às competências e práticas curriculares?","A incorporação de colaboração, criatividade e resolução de problemas nas competências e práticas curriculares é refletida na abordagem do currículo, que inspira a imaginação dos alunos, incentivando-os a pensar como indivíduos e a engajar-se em criações orientadas pela imaginação. O currículo oferece cenários desafiadores que expandem as habilidades de pensamento e criatividade dos alunos, promovendo também um ambiente de ensino inovador que estimula a exploração do potencial criativo dos alunos.",candidate,1,EVID_QUENIA_Q06_KE_001_P0025_001,KE_001,KE_001:p25,RESP_QUENIA_Q06_20260912T143913Z,RUN_QUENIA_20260912T143913Z,rag-country-v3.2,3.0
reino-unido,Q06,"Como colaboração, criatividade e resolução de problemas são incorporadas às competências e práticas curriculares?","A educação em computação no Reino Unido incorpora colaboração, criatividade e resolução de problemas através de práticas específicas no currículo, como a realização de projetos criativos que envolvem a seleção, uso e combinação de várias aplicações para alcançar metas desafiadoras e a capacidade de decompor problemas em partes menores para resolução.",candidate,2,EVID_REINO_UNIDO_Q06_UK_002_P0001_001; EVID_REINO_UNIDO_Q06_UK_002_P0001_002,UK_002,UK_002:p1-3; UK_002:p1-3,RESP_REINO_UNIDO_Q06_20260912T144124Z,RUN_REINO_UNIDO_20260912T144124Z,rag-country-v3.2,3.0
ruanda,Q06,"Como colaboração, criatividade e resolução de problemas são incorporadas às competências e práticas curriculares?","A integração de colaboração, criatividade e resolução de problemas é evidente nas atividades curriculares, em que os alunos são incentivados a trabalhar em grupos, discutir estratégias e realizar pesquisas baseadas em internet, promovendo habilidades práticas e éticas.",candidate,2,EVID_RUANDA_Q06_RW_001_P0021_001; EVID_RUANDA_Q06_RW_001_P0022_002,RW_001,RW_001:p21; RW_001:p22,RESP_RUANDA_Q06_20260912T144341Z,RUN_RUANDA_20260912T144341Z,rag-country-v3.2,3.0
singapura,Q06,"Como colaboração, criatividade e resolução de problemas são incorporadas às competências e práticas curriculares?","Em Singapura, a colaboração, criatividade e resolução de problemas são incorporadas às competências e práticas curriculares por meio do desenvolvimento do pensamento computacional. Os alunos são encorajados a trabalhar colaborativamente, gerando ideias criativas e utilizando estratégias de solução de problemas. O currículo enfatiza a criação de soluções computacionais, permitindo que os alunos se familiarizem com um processo sistemático de abordagem de problemas através da formulação de algoritmos e programação.",candidate,2,EVID_SINGAPURA_Q06_SG_002_P0017_001; EVID_SINGAPURA_Q06_SG_002_P0007_002,SG_002,SG_002:p17; SG_002:p7,RESP_SINGAPURA_Q06_20260912T144617Z,RUN_SINGAPURA_20260912T144617Z,rag-country-v3.2,3.0
suica,Q06,"Como colaboração, criatividade e resolução de problemas são incorporadas às competências e práticas curriculares?","A colaboração, criatividade e resolução de problemas são integradas às competências e práticas curriculares por meio do uso de ferramentas midiáticas e projetos multidisciplinares. Os alunos aprendem a trabalhar em equipe, a se comunicar e a criar conteúdos digitais em ambientes colaborativos, permitindo a troca de ideias e a inovação.",candidate,2,EVID_SUICA_Q06_CH_003_P0016_001; EVID_SUICA_Q06_CH_002_P0007_002,CH_002; CH_003,CH_003:p16; CH_002:p7,RESP_SUICA_Q06_20260912T144840Z,RUN_SUICA_20260912T144840Z,rag-country-v3.2,3.0
taiwan,Q06,"Como colaboração, criatividade e resolução de problemas são incorporadas às competências e práticas curriculares?","A integração de competências como colaboração, criatividade e resolução de problemas ocorre através do uso de ferramentas de tecnologia, design, e práticas de trabalho em equipe nas atividades curriculares.",candidate,3,EVID_TAIWAN_Q06_TW_001_P0026_001; EVID_TAIWAN_Q06_TW_001_P0011_002; EVID_TAIWAN_Q06_TW_001_P0011_003,TW_001,TW_001:p26; TW_001:p11; TW_001:p11,RESP_TAIWAN_Q06_20260912T145057Z,RUN_TAIWAN_20260912T145057Z,rag-country-v3.2,3.0
uruguai,Q06,"Como colaboração, criatividade e resolução de problemas são incorporadas às competências e práticas curriculares?","A colaboração, criatividade e resolução de problemas são incorporadas às competências e práticas curriculares por meio do uso de tecnologias digitais, que favorecem o aprendizado significativo, a construção reflexiva do conhecimento, e o desenvolvimento de habilidades de comunicação e pensamento crítico.",candidate,2,EVID_URUGUAI_Q06_UY_001_P0135_001; EVID_URUGUAI_Q06_UY_003_P0009_002,UY_001; UY_003,UY_001:p135; UY_003:p9,RESP_URUGUAI_Q06_20260912T145323Z,RUN_URUGUAI_20260912T145323Z,rag-country-v3.2,3.0
africa-do-sul,Q07,"Como os documentos abordam Inteligência Artificial, ética, privacidade, segurança e uso responsável das tecnologias digitais?","Os documentos abordam a ética e o uso responsável das tecnologias digitais enfatizando a importância da proteção de dados e a necessidade de práticas seguras ao utilizar internet e redes sociais. As implicações sociais da digitalização também são discutidas, ressaltando a responsabilidade dos usuários e a promoção de práticas éticas no uso da tecnologia.",candidate,2,EVID_AFRICA_DO_SUL_Q07_AF_ZA_01_P0017_001; EVID_AFRICA_DO_SUL_Q07_AF_ZA_02_P0031_002,AF-ZA-01; AF-ZA-02,AF-ZA-01:p17; AF-ZA-02:p31,RESP_AFRICA_DO_SUL_Q07_20260912T140454Z,RUN_AFRICA_DO_SUL_20260912T140454Z,rag-country-v3.2,3.0
australia,Q07,"Como os documentos abordam Inteligência Artificial, ética, privacidade, segurança e uso responsável das tecnologias digitais?","Os documentos abordam aspectos de inteligência artificial, ética e privacidade ao destacar a importância da segurança e do uso responsável das tecnologias digitais, como a identificação e gerenciamento de dados pessoais e a consideração de fatores éticos nas decisões de design.",candidate,2,EVID_AUSTRALIA_Q07_OC_AU_01_P0003_001; EVID_AUSTRALIA_Q07_OC_AU_02_P0001_002,OC-AU-01; OC-AU-02,OC-AU-01:p3; OC-AU-02:p1,RESP_AUSTRALIA_Q07_20260912T140702Z,RUN_AUSTRALIA_20260912T140702Z,rag-country-v3.2,3.0
brasil,Q07,"Como os documentos abordam Inteligência Artificial, ética, privacidade, segurança e uso responsável das tecnologias digitais?","Os documentos abordam a Inteligência Artificial e seu uso responsável, destacando a importância da ética, privacidade e segurança nas tecnologias digitais. Encorajam a reflexão sobre o impacto do uso excessivo da tecnologia na saúde mental e promovem práticas de proteção e responsabilidade digital.",candidate,3,EVID_BRASIL_Q07_BR_005_P0010_001; EVID_BRASIL_Q07_BR_010_P0027_002; EVID_BRASIL_Q07_BR_005_P0027_003,BR_005; BR_010,BR_005:p10; BR_010:p27; BR_005:p27,RESP_BRASIL_Q07_20260912T140932Z,RUN_BRASIL_20260912T140932Z,rag-country-v3.2,3.0
canada,Q07,"Como os documentos abordam Inteligência Artificial, ética, privacidade, segurança e uso responsável das tecnologias digitais?","Os documentos abordam a Inteligência Artificial, ética, privacidade, segurança e uso responsável das tecnologias digitais principalmente garantindo que a privacidade e a segurança sejam incorporadas no design dos serviços digitais, adotando normas abertas e padrões comuns, e promovendo uma cultura digital que prioriza a inclusão.",candidate,3,EVID_CANADA_Q07_CA_003_P0018_001; EVID_CANADA_Q07_CA_003_P0018_002; EVID_CANADA_Q07_CA_003_P0006_003,CA_003,CA_003:p18; CA_003:p18; CA_003:p6,RESP_CANADA_Q07_20260912T141201Z,RUN_CANADA_20260912T141201Z,rag-country-v3.2,3.0
chile,Q07,"Como os documentos abordam Inteligência Artificial, ética, privacidade, segurança e uso responsável das tecnologias digitais?","Os documentos abordam a Inteligência Artificial, ética, privacidade, segurança e uso responsável das tecnologias digitais através da promoção de uma abordagem crítica e a conscientização sobre o impacto das tecnologias na sociedade.",candidate,2,EVID_CHILE_Q07_CL_002_P0389_001; EVID_CHILE_Q07_CL_001_P0010_002,CL_001; CL_002,CL_002:p389-392; CL_001:p10-12,RESP_CHILE_Q07_20260912T141439Z,RUN_CHILE_20260912T141439Z,rag-country-v3.2,3.0
china,Q07,"Como os documentos abordam Inteligência Artificial, ética, privacidade, segurança e uso responsável das tecnologias digitais?","['Os documentos abordam a Inteligência Artificial (IA) destacando a necessidade de seguir normas éticas e de segurança ao lidar com aplicações dessa tecnologia. Eles enfatizam desafios éticos e a importância da responsabilidade na interação com a IA, além de mencionar a proteção da privacidade e a segurança no uso de tecnologias digitais.', ""Além disso, é enfatizada a importância de entender a relação entre IA e a sociedade, ressaltando as características da 'sociedade inteligente' e a relevância de tecnologias autônomas para garantir segurança no desenvolvimento dessa nova forma social.""]",candidate,2,EVID_CHINA_Q07_AS_CN_01_P0047_001; EVID_CHINA_Q07_AS_CN_01_P0053_002,AS-CN-01,AS-CN-01:p47; AS-CN-01:p53,RESP_CHINA_Q07_20260912T141700Z,RUN_CHINA_20260912T141700Z,rag-country-v3.2,3.0
coreia-do-sul,Q07,"Como os documentos abordam Inteligência Artificial, ética, privacidade, segurança e uso responsável das tecnologias digitais?","Os documentos abordam questões de ética e privacidade ao estabelecer diretrizes para a proteção de informações pessoais, garantindo a segurança no uso de tecnologias digitais, através de inspeções regulares e consultas de especialistas. O desenvolvimento de padrões e diretrizes para o uso seguro e responsável de tecnologias, como inteligência artificial e realidade virtual, também é enfatizado.",candidate,3,EVID_COREIA_DO_SUL_Q07_KR_001_P0291_001; EVID_COREIA_DO_SUL_Q07_KR_001_P0139_002; EVID_COREIA_DO_SUL_Q07_KR_001_P0294_003,KR_001,KR_001:p291-292; KR_001:p139-140; KR_001:p294-295,RESP_COREIA_DO_SUL_Q07_20260912T141943Z,RUN_COREIA_DO_SUL_20260912T141943Z,rag-country-v3.2,3.0
estonia,Q07,"Como os documentos abordam Inteligência Artificial, ética, privacidade, segurança e uso responsável das tecnologias digitais?","Os documentos abordam a Inteligência Artificial e a ética ao discutir novos desenvolvimentos tecnológicos, incluindo a importância da proteção de dados e os riscos associados ao uso de tecnologias digitais como a Inteligência Artificial e a Internet das Coisas.",candidate,2,EVID_ESTONIA_Q07_EU_EE_02_P0010_001; EVID_ESTONIA_Q07_EU_EE_02_P0010_002,EU-EE-02,EU-EE-02:p10; EU-EE-02:p10,RESP_ESTONIA_Q07_20260912T135902Z,RUN_ESTONIA_20260912T135902Z,rag-country-v3.2,3.0
eua,Q07,"Como os documentos abordam Inteligência Artificial, ética, privacidade, segurança e uso responsável das tecnologias digitais?","Os documentos abordam a inteligência artificial, ética, privacidade, segurança e uso responsável das tecnologias digitais por meio da comunicação clara sobre os efeitos da computação e a importância de considerar direitos de propriedade intelectual, além de enfatizar a colaboração entre grupos diversos na criação e desenvolvimento de produtos computacionais. Além disso, são discutidas implicações éticas e de segurança relacionadas ao uso de tecnologias, incluindo questões de pirataria e uso não autorizado de mídias digitais.",candidate,3,EVID_EUA_Q07_US_001_P0093_001; EVID_EUA_Q07_US_001_P0116_002; EVID_EUA_Q07_US_001_P0093_003,US_001,US_001:p93; US_001:p116; US_001:p93,RESP_EUA_Q07_20260912T142218Z,RUN_EUA_20260912T142218Z,rag-country-v3.2,3.0
finlandia,Q07,"Como os documentos abordam Inteligência Artificial, ética, privacidade, segurança e uso responsável das tecnologias digitais?","Os documentos abordam a ética, privacidade e segurança através de um ensino que promove a cultura de aprendizagem, valores de participação e democracia, além de um foco na sustentabilidade e no bem-estar dos alunos. A integração de módulos de aprendizagem multidisciplinares é ressaltada como uma forma de educar os alunos para um futuro sustentável.",candidate,3,EVID_FINLANDIA_Q07_FI_001_P0001_001; EVID_FINLANDIA_Q07_FI_001_P0002_002; EVID_FINLANDIA_Q07_FI_001_P0002_003,FI_001,FI_001:p1; FI_001:p2; FI_001:p2,RESP_FINLANDIA_Q07_20260912T142441Z,RUN_FINLANDIA_20260912T142441Z,rag-country-v3.2,3.0
gana,Q07,"Como os documentos abordam Inteligência Artificial, ética, privacidade, segurança e uso responsável das tecnologias digitais?","Os documentos abordam questões de segurança da informação, destacando a importância da confidencialidade, integridade e disponibilidade dos dados. Há também discussões sobre a ética no uso da informação e as implicações legais relacionadas aos direitos de propriedade intelectual.",candidate,2,EVID_GANA_Q07_GH_001_P0001_001; EVID_GANA_Q07_GH_001_P0048_002,GH_001,GH_001:p1; GH_001:p48,RESP_GANA_Q07_20260912T142704Z,RUN_GANA_20260912T142704Z,rag-country-v3.2,3.0
hong-kong,Q07,"Como os documentos abordam Inteligência Artificial, ética, privacidade, segurança e uso responsável das tecnologias digitais?","Os documentos abordam Inteligência Artificial, ética, privacidade, segurança e uso responsável das tecnologias digitais ao enfatizarem a análise ética das questões relativas ao uso das TIC e a importância da responsabilidade social na sua utilização. Eles também tratam dos riscos e benefícios das tecnologias e da necessidade de discutir as implicações legais e éticas associadas a elas.",candidate,2,EVID_HONG_KONG_Q07_HK_002_P0043_001; EVID_HONG_KONG_Q07_HK_002_P0044_002,HK_002,HK_002:p43-44; HK_002:p44,RESP_HONG_KONG_Q07_20260912T142926Z,RUN_HONG_KONG_20260912T142926Z,rag-country-v3.2,3.0
irlanda,Q07,"Como os documentos abordam Inteligência Artificial, ética, privacidade, segurança e uso responsável das tecnologias digitais?","Os documentos abordam a Inteligência Artificial e ética, bem como a privacidade e segurança em tecnologias digitais, avaliando as implicações sociais e éticas do uso de tecnologias computacionais.",candidate,2,EVID_IRLANDA_Q07_IE_001_P0020_001; EVID_IRLANDA_Q07_IE_001_P0009_002,IE_001,IE_001:p20; IE_001:p9,RESP_IRLANDA_Q07_20260912T143215Z,RUN_IRLANDA_20260912T143215Z,rag-country-v3.2,3.0
japao,Q07,"Como os documentos abordam Inteligência Artificial, ética, privacidade, segurança e uso responsável das tecnologias digitais?","Os documentos abordam a necessidade de desenvolver habilidades de pensamento crítico e análise ao lidar com tecnologias digitais, focando também na comunicação e no tratamento ético da informação. É enfatizado o uso apropriado e responsável de dados, com considerações sobre segurança e privacidade na gestão de informações.",candidate,2,EVID_JAPAO_Q07_JP_002_P0001_001; EVID_JAPAO_Q07_JP_002_P0001_002,JP_002,JP_002:p1; JP_002:p1,RESP_JAPAO_Q07_20260912T143439Z,RUN_JAPAO_20260912T143439Z,rag-country-v3.2,3.0
nova-zelandia,Q07,"Como os documentos abordam Inteligência Artificial, ética, privacidade, segurança e uso responsável das tecnologias digitais?","Os documentos discutem a integração de tecnologias digitais no currículo escolar, enfatizando a importância do aprendizado sobre competências digitais, segurança, ética e privacidade. A abordagem inclui práticas de ensino que promovem a inovação, o pensamento crítico e a colaboração, preparando os alunos para um mundo digital em transformação.",candidate,2,EVID_NOVA_ZELANDIA_Q07_NZ_001_P0010_001; EVID_NOVA_ZELANDIA_Q07_NZ_001_P0014_002,NZ_001,NZ_001:p10; NZ_001:p14,RESP_NOVA_ZELANDIA_Q07_20260912T143655Z,RUN_NOVA_ZELANDIA_20260912T143655Z,rag-country-v3.2,3.0
quenia,Q07,"Como os documentos abordam Inteligência Artificial, ética, privacidade, segurança e uso responsável das tecnologias digitais?","Os documentos abordam a importância da avaliação inclusiva e da acessibilidade às tecnologias digitais, destacando a necessidade de processos avaliativos que respeitem a diversidade e promovam a equidade entre estudantes.",candidate,2,EVID_QUENIA_Q07_KE_001_P0128_001; EVID_QUENIA_Q07_KE_001_P0116_002,KE_001,KE_001:p128; KE_001:p116,RESP_QUENIA_Q07_20260912T143913Z,RUN_QUENIA_20260912T143913Z,rag-country-v3.2,3.0
reino-unido,Q07,"Como os documentos abordam Inteligência Artificial, ética, privacidade, segurança e uso responsável das tecnologias digitais?","Os documentos abordam a segurança e o uso responsável das tecnologias digitais, mencionando que os alunos devem usar a tecnologia de forma segura e respeitosa, mantendo informações pessoais privadas e identificando onde buscar ajuda em caso de preocupações sobre conteúdos ou contatos na internet. Além disso, eles devem entender como mudanças na tecnologia afetam a segurança, incluindo novas maneiras de proteger sua privacidade online e como identificar e relatar uma variedade de preocupações.",candidate,2,EVID_REINO_UNIDO_Q07_UK_001_P0002_001; EVID_REINO_UNIDO_Q07_UK_002_P0003_002,UK_001; UK_002,UK_001:p2; UK_002:p3,RESP_REINO_UNIDO_Q07_20260912T144124Z,RUN_REINO_UNIDO_20260912T144124Z,rag-country-v3.2,3.0
ruanda,Q07,"Como os documentos abordam Inteligência Artificial, ética, privacidade, segurança e uso responsável das tecnologias digitais?","Os documentos abordam a ética no uso da internet, enfatizando a importância de práticas respeitosas e a conscientização sobre questões de copyright e segurança na web. A segurança também é tratada, com ênfase em estratégias para evitar malware e hacking. Contudo, a evidência sobre inteligência artificial e seu uso responsável não foi encontrada.",candidate,2,EVID_RUANDA_Q07_RW_001_P0021_001; EVID_RUANDA_Q07_RW_001_P0021_002,RW_001,RW_001:p21; RW_001:p21,RESP_RUANDA_Q07_20260912T144341Z,RUN_RUANDA_20260912T144341Z,rag-country-v3.2,3.0
singapura,Q07,"Como os documentos abordam Inteligência Artificial, ética, privacidade, segurança e uso responsável das tecnologias digitais?","Os documentos abordam inteligência artificial e ética, privacidade, e segurança ao destacar a importância de transparência e responsabilização das organizações no uso de tecnologia. A ética é discutida em relação ao impacto social e legal das tecnologias digitais, enfatizando a necessidade de informações claras sobre o uso de IA e o comportamento esperado das tecnologias. Há uma ênfase nas responsabilidades das organizações em garantir a privacidade e a segurança dos dados dos usuários.",candidate,2,EVID_SINGAPURA_Q07_SG_014_P0056_001; EVID_SINGAPURA_Q07_SG_002_P0006_002,SG_002; SG_014,SG_014:p56-57; SG_002:p6-7,RESP_SINGAPURA_Q07_20260912T144617Z,RUN_SINGAPURA_20260912T144617Z,rag-country-v3.2,3.0
suica,Q07,"Como os documentos abordam Inteligência Artificial, ética, privacidade, segurança e uso responsável das tecnologias digitais?","Os documentos abordam a utilização responsável das tecnologias digitais enfatizando a segurança, a ética e a privacidade na comunicação e no compartilhamento de informações. Há a necessidade de seguir regras de uso e manter um comportamento respeitoso nas interações digitais.",candidate,3,EVID_SUICA_Q07_CH_001_P0006_001; EVID_SUICA_Q07_CH_001_P0006_002; EVID_SUICA_Q07_CH_001_P0001_003,CH_001,CH_001:p6; CH_001:p6; CH_001:p1,RESP_SUICA_Q07_20260912T144840Z,RUN_SUICA_20260912T144840Z,rag-country-v3.2,3.0
taiwan,Q07,"Como os documentos abordam Inteligência Artificial, ética, privacidade, segurança e uso responsável das tecnologias digitais?","Os documentos abordam a ética, privacidade, segurança e o uso responsável das tecnologias digitais ao discutir tópicos como a compreensão das relações entre tecnologia e sociedade, os impactos sociais e ambientais da tecnologia, e a necessidade de respeitar a ética e a legislação relacionada ao uso de informações e comunicação.",candidate,2,EVID_TAIWAN_Q07_TW_001_P0027_001; EVID_TAIWAN_Q07_TW_001_P0027_002,TW_001,TW_001:p27; TW_001:p27,RESP_TAIWAN_Q07_20260912T145057Z,RUN_TAIWAN_20260912T145057Z,rag-country-v3.2,3.0
uruguai,Q07,"Como os documentos abordam Inteligência Artificial, ética, privacidade, segurança e uso responsável das tecnologias digitais?","Os documentos abordam a Inteligência Artificial, ética, privacidade, segurança e uso responsável das tecnologias digitais ao enfatizar a importância de desenvolver competências digitais que incluem a avaliação crítica da informação e a utilização ética e segura das ferramentas tecnológicas. Também se discute a necessidade de formar cidadãos conscientes dos direitos e deveres no ambiente digital.",candidate,2,EVID_URUGUAI_Q07_UY_003_P0003_001; EVID_URUGUAI_Q07_UY_003_P0005_002,UY_003,UY_003:p3; UY_003:p5,RESP_URUGUAI_Q07_20260912T145323Z,RUN_URUGUAI_20260912T145323Z,rag-country-v3.2,3.0
africa-do-sul,Q08,"Como inclusão, acessibilidade e equidade digital são tratadas nos documentos?","Nos documentos, a inclusão, acessibilidade e equidade digital são tratados de forma a considerar a necessidade de superar a divisão digital e promover o uso responsável das Tecnologias da Informação e Comunicação (TICs). O impacto social e a importância de promover a acessibilidade são abordados, com ênfase na necessidade de considerar as consequências de erros humanos e na importância da ética no uso das TICs.",candidate,2,EVID_AFRICA_DO_SUL_Q08_AF_ZA_02_P0017_001; EVID_AFRICA_DO_SUL_Q08_AF_ZA_01_P0021_002,AF-ZA-01; AF-ZA-02,AF-ZA-02:p17; AF-ZA-01:p21,RESP_AFRICA_DO_SUL_Q08_20260912T140454Z,RUN_AFRICA_DO_SUL_20260912T140454Z,rag-country-v3.2,3.0
australia,Q08,"Como inclusão, acessibilidade e equidade digital são tratadas nos documentos?","Os documentos tratam da inclusão, acessibilidade e equidade digital ao explorar como os estudantes interagem com sistemas digitais e como suas decisões de design devem considerar as necessidades dos usuários. Eles enfatizam a importância de identificar dados pessoais e reconhecer os riscos associados, além de utilizar tecnologias de forma responsável e colaborativa.",candidate,2,EVID_AUSTRALIA_Q08_OC_AU_01_P0001_001; EVID_AUSTRALIA_Q08_OC_AU_02_P0002_002,OC-AU-01; OC-AU-02,OC-AU-01:p1; OC-AU-02:p2,RESP_AUSTRALIA_Q08_20260912T140702Z,RUN_AUSTRALIA_20260912T140702Z,rag-country-v3.2,3.0
brasil,Q08,"Como inclusão, acessibilidade e equidade digital são tratadas nos documentos?","Os documentos abordam a inclusão, acessibilidade e equidade digital através da identificação de tecnologias assistivas e da promoção de práticas pedagógicas que consideram as necessidades de estudantes com deficiência. Além disso, ressaltam a importância de garantir o suporte técnico e pedagógico adequado, mapeando as demandas de acessibilidade e assegurando direitos fundamentais a todos os alunos.",candidate,3,EVID_BRASIL_Q08_BR_010_P0010_001; EVID_BRASIL_Q08_BR_018_P0004_002; EVID_BRASIL_Q08_BR_015_P0003_003,BR_010; BR_015; BR_018,BR_010:p10; BR_018:p4; BR_015:p3,RESP_BRASIL_Q08_20260912T140932Z,RUN_BRASIL_20260912T140932Z,rag-country-v3.2,3.0
canada,Q08,"Como inclusão, acessibilidade e equidade digital são tratadas nos documentos?","Ontario está trabalhando para alcançar a inclusão digital ao desenhar programas e serviços que sejam inclusivos e acessíveis desde o início, fechar lacunas de conexão em comunidades rurais e remotas, e tornar a Internet de alta qualidade e acessível em locais públicos. Além disso, busca desenvolver habilidades digitais essenciais e capacitar as pessoas a utilizar a tecnologia para resolver problemas locais em suas comunidades.",candidate,1,EVID_CANADA_Q08_CA_003_P0018_001,CA_003,CA_003:p18,RESP_CANADA_Q08_20260912T141201Z,RUN_CANADA_20260912T141201Z,rag-country-v3.2,3.0
chile,Q08,"Como inclusão, acessibilidade e equidade digital são tratadas nos documentos?","A inclusão e equidade digital estão abordadas nas diretrizes de educação, enfatizando a colaboração, diversidade e a promoção do uso responsável da tecnologia. A alfabetização digital é destacada como crucial para o desenvolvimento de habilidades e participação em um ambiente digital seguro.",candidate,2,EVID_CHILE_Q08_CL_001_P0011_001; EVID_CHILE_Q08_CL_001_P0011_002,CL_001,CL_001:p11; CL_001:p11,RESP_CHILE_Q08_20260912T141439Z,RUN_CHILE_20260912T141439Z,rag-country-v3.2,3.0
china,Q08,"Como inclusão, acessibilidade e equidade digital são tratadas nos documentos?","Nos documentos, a inclusão, acessibilidade e equidade digital são abordadas por meio da promoção de uma educação centrada no aluno e na utilização de tecnologias digitais para melhorar o aprendizado, além de enfatizar a segurança e a responsabilidade na utilização das ferramentas digitais.",candidate,3,EVID_CHINA_Q08_AS_CN_01_P0013_001; EVID_CHINA_Q08_AS_CN_01_P0067_002; EVID_CHINA_Q08_AS_CN_02_P0003_003,AS-CN-01; AS-CN-02,AS-CN-01:p13; AS-CN-01:p67-68; AS-CN-02:p3,RESP_CHINA_Q08_20260912T141700Z,RUN_CHINA_20260912T141700Z,rag-country-v3.2,3.0
coreia-do-sul,Q08,"Como inclusão, acessibilidade e equidade digital são tratadas nos documentos?","A inclusão, acessibilidade e equidade digital são abordadas por meio de políticas que visam reduzir a disparidade de oportunidades educacionais e garantir o acesso a recursos digitais. Isso inclui o apoio na redução de custos para estudantes de famílias de baixa renda e a disponibilização de conteúdos educacionais adaptados para alunos com deficiências.",candidate,2,EVID_COREIA_DO_SUL_Q08_KR_001_P0001_001; EVID_COREIA_DO_SUL_Q08_KR_001_P0040_002,KR_001,KR_001:p1; KR_001:p40,RESP_COREIA_DO_SUL_Q08_20260912T141943Z,RUN_COREIA_DO_SUL_20260912T141943Z,rag-country-v3.2,3.0
estonia,Q08,"Como inclusão, acessibilidade e equidade digital são tratadas nos documentos?","Os documentos abordam a inclusão, acessibilidade e equidade digital ao enfatizar a utilização de e-ensinos e serviços digitais, além de promulgar a conscientização sobre segurança digital, privacidade e a importância da diversidade cultural.",candidate,2,EVID_ESTONIA_Q08_EU_EE_01_PNA_001; EVID_ESTONIA_Q08_EU_EE_02_P0009_002,EU-EE-01; EU-EE-02,EU-EE-01:p15; EU-EE-02:p9,RESP_ESTONIA_Q08_20260912T135902Z,RUN_ESTONIA_20260912T135902Z,rag-country-v3.2,3.0
eua,Q08,"Como inclusão, acessibilidade e equidade digital são tratadas nos documentos?","A inclusão, acessibilidade e equidade digital são abordadas por meio de conceitos que enfatizam a necessidade de um entendimento social das implicações do mundo digital, destacando a importância da equidade e acesso à tecnologia. Além disso, considera-se que a diversidade de necessidades e a acessibilidade devem ser levadas em conta ao desenvolver produtos computacionais. O foco na inclusão e diversidade é central para a prática de promover uma cultura de computação inclusiva.",candidate,2,EVID_EUA_Q08_US_001_P0039_001; EVID_EUA_Q08_US_001_P0039_002,US_001,US_001:p39; US_001:p39,RESP_EUA_Q08_20260912T142218Z,RUN_EUA_20260912T142218Z,rag-country-v3.2,3.0
finlandia,Q08,"Como inclusão, acessibilidade e equidade digital são tratadas nos documentos?","A inclusão, acessibilidade e equidade digital na Finlândia são sustentadas por valores que promulgan a educação de qualidade como um direito para todos os alunos. Existe um foco na diversidade linguística e cultural, sendo promovida uma escola que atue como uma comunidade de aprendizagem, com ênfase na participação e democracia. O currículo enfatiza a promoção da equidade, igualdade, interação respeitosa e construção de ambientes de aprendizagem seguros e diversos, onde cada aluno é valorizado e incentivado.",candidate,2,EVID_FINLANDIA_Q08_FI_001_P0002_001; EVID_FINLANDIA_Q08_FI_001_P0003_002,FI_001,FI_001:p2; FI_001:p3,RESP_FINLANDIA_Q08_20260912T142441Z,RUN_FINLANDIA_20260912T142441Z,rag-country-v3.2,3.0
gana,Q08,"Como inclusão, acessibilidade e equidade digital são tratadas nos documentos?","A inclusão, acessibilidade e equidade digital são abordadas ao enfatizar o desenvolvimento de competências digitais e a promoção de um ambiente de aprendizagem adaptado às necessidades individuais dos alunos.",candidate,2,EVID_GANA_Q08_GH_002_P0007_001; EVID_GANA_Q08_GH_002_P0030_002,GH_002,GH_002:p7; GH_002:p30,RESP_GANA_Q08_20260912T142704Z,RUN_GANA_20260912T142704Z,rag-country-v3.2,3.0
hong-kong,Q08,"Como inclusão, acessibilidade e equidade digital são tratadas nos documentos?","A inclusão, acessibilidade e equidade digital são abordadas em diversos contextos, destacando a importância do acesso igualitário à informação e à tecnologia. A literatura enfatiza a necessidade de respeitar os direitos de propriedade intelectual e cultivar a literacia da informação.",candidate,2,EVID_HONG_KONG_Q08_HK_001_P0058_001; EVID_HONG_KONG_Q08_HK_001_P0199_002,HK_001,HK_001:p58-59; HK_001:p199,RESP_HONG_KONG_Q08_20260912T142926Z,RUN_HONG_KONG_20260912T142926Z,rag-country-v3.2,3.0
irlanda,Q08,"Como inclusão, acessibilidade e equidade digital são tratadas nos documentos?","Nos documentos, a inclusão, acessibilidade e equidade digital são abordadas por meio da ênfase em práticas e princípios que promovem a responsabilidade dos alunos em seu próprio aprendizado, além do uso de tecnologia adaptativa para apoiar pessoas com necessidades especiais.",candidate,2,EVID_IRLANDA_Q08_IE_001_P0006_001; EVID_IRLANDA_Q08_IE_001_P0017_002,IE_001,IE_001:p6-7; IE_001:p17,RESP_IRLANDA_Q08_20260912T143215Z,RUN_IRLANDA_20260912T143215Z,rag-country-v3.2,3.0
japao,Q08,"Como inclusão, acessibilidade e equidade digital são tratadas nos documentos?","A inclusão, acessibilidade e equidade digital são tratadas nos documentos com enfoque em uma formação que promove a criação e a gestão de conteúdos acessíveis e inclusivos. Há ênfase na utilização de tecnologias que favoreçam a comunicação e a informação para todos, considerando as diversas necessidades dos usuários e promovendo a colaboração na produção de conteúdos.",candidate,2,EVID_JAPAO_Q08_JP_002_P0054_001; EVID_JAPAO_Q08_JP_002_P0177_002,JP_002,JP_002:p54; JP_002:p177-178,RESP_JAPAO_Q08_20260912T143439Z,RUN_JAPAO_20260912T143439Z,rag-country-v3.2,3.0
nova-zelandia,Q08,"Como inclusão, acessibilidade e equidade digital são tratadas nos documentos?","A Nova Zelândia enfatiza a inclusão, acessibilidade e equidade digital em sua estratégia educacional. A integração de tecnologias digitais é vista como crucial, e os líderes educacionais são encorajados a colaborar com a comunidade e priorizar o aprendizado tecnológico, garantindo que todos os aprendizes tenham acesso às oportunidades necessárias.",candidate,2,EVID_NOVA_ZELANDIA_Q08_NZ_001_P0010_001; EVID_NOVA_ZELANDIA_Q08_NZ_001_P0008_002,NZ_001,NZ_001:p10; NZ_001:p8,RESP_NOVA_ZELANDIA_Q08_20260912T143655Z,RUN_NOVA_ZELANDIA_20260912T143655Z,rag-country-v3.2,3.0
quenia,Q08,"Como inclusão, acessibilidade e equidade digital são tratadas nos documentos?","A inclusão, acessibilidade e equidade digital são abordadas por meio da integração da literacia digital nos currículos, enfatizando a importância do uso de tecnologias da informação e comunicação (TIC) para o aprendizado. O currículo também promove a aplicação de habilidades digitais em diversas disciplinas, assegurando que todas as áreas de ensino integrem a literacia digital como um componente essencial, visando atender às necessidades individuais de aprendizagem.",candidate,3,EVID_QUENIA_Q08_KE_001_P0108_001; EVID_QUENIA_Q08_KE_001_P0025_002; EVID_QUENIA_Q08_KE_002_P0023_003,KE_001; KE_002,KE_001:p108-109; KE_001:p25; KE_002:p23,RESP_QUENIA_Q08_20260912T143913Z,RUN_QUENIA_20260912T143913Z,rag-country-v3.2,3.0
reino-unido,Q08,"Como inclusão, acessibilidade e equidade digital são tratadas nos documentos?","Os documentos tratam da inclusão, acessibilidade e equidade digital por meio da necessidade de garantir que todos os alunos se tornem usuários competentes e criativos da tecnologia da informação e comunicação, reconhecendo a importância de usar a tecnologia de maneira segura, respeitosa e responsável. Além disso, enfatizam a inclusão digital como parte do currículo, assegurando que todos os alunos tenham acesso e apoio adequados.",candidate,2,EVID_REINO_UNIDO_Q08_UK_001_P0001_001; EVID_REINO_UNIDO_Q08_UK_002_P0001_002,UK_001; UK_002,UK_001:p1-2; UK_002:p1-2,RESP_REINO_UNIDO_Q08_20260912T144124Z,RUN_REINO_UNIDO_20260912T144124Z,rag-country-v3.2,3.0
ruanda,Q08,"Como inclusão, acessibilidade e equidade digital são tratadas nos documentos?","Os documentos abordam a inclusão, acessibilidade e equidade digital através da formação em Tecnologia da Informação e Comunicação (TIC), enfatizando habilidades práticas e éticas na utilização da internet. Há um foco na educação ética em pesquisas online e na utilização de ferramentas como Google Apps para resolver problemas reais.",candidate,2,EVID_RUANDA_Q08_RW_001_P0021_001; EVID_RUANDA_Q08_RW_001_P0022_002,RW_001,RW_001:p21; RW_001:p22,RESP_RUANDA_Q08_20260912T144341Z,RUN_RUANDA_20260912T144341Z,rag-country-v3.2,3.0
singapura,Q08,"Como inclusão, acessibilidade e equidade digital são tratadas nos documentos?","Nos documentos, a inclusão, acessibilidade e equidade digital são abordadas através de enfoques que favorecem a formação íntegra do cidadão e a promoção de competências digitais como um tema transversal, garantindo equidade na educação. Vários princípios da governança da IA, como a justiça e o crescimento inclusivo, também suportam essas ideais.",candidate,2,EVID_SINGAPURA_Q08_SG_015_P0002_001; EVID_SINGAPURA_Q08_SG_013_P0001_002,SG_013; SG_015,SG_015:p2-3; SG_013:p1-4,RESP_SINGAPURA_Q08_20260912T144617Z,RUN_SINGAPURA_20260912T144617Z,rag-country-v3.2,3.0
suica,Q08,"Como inclusão, acessibilidade e equidade digital são tratadas nos documentos?","A inclusão, acessibilidade e equidade digital são promovidas através da utilização de ferramentas digitais em ambientes educacionais, enfatizando a capacidade dos alunos de navegar e utilizar plataformas colaborativas e de comunicação de forma autônoma e responsável.",inconclusive,0,,,,RESP_SUICA_Q08_20260912T144840Z,RUN_SUICA_20260912T144840Z,rag-country-v3.2,3.0
taiwan,Q08,"Como inclusão, acessibilidade e equidade digital são tratadas nos documentos?","Nos documentos, inclusão, acessibilidade e equidade digital são abordadas com foco em desenvolver habilidades para colaboração digital e responsabilidade social, além de promover a participação ativa em assuntos de tecnologia e ciência.",candidate,3,EVID_TAIWAN_Q08_TW_001_P0026_001; EVID_TAIWAN_Q08_TW_001_P0029_002; EVID_TAIWAN_Q08_TW_001_P0029_003,TW_001,TW_001:p26; TW_001:p29; TW_001:p29,RESP_TAIWAN_Q08_20260912T145057Z,RUN_TAIWAN_20260912T145057Z,rag-country-v3.2,3.0
uruguai,Q08,"Como inclusão, acessibilidade e equidade digital são tratadas nos documentos?","O Plan CEIBAL promove inclusão, acessibilidade e equidade digital ao garantir acesso igualitário à informação através da distribuição de laptops e conectividade. Além disso, contribui para mudanças metodológicas que adaptam a educação ao contexto atual e potencializam a comunicação digital entre famílias e escolas.",candidate,2,EVID_URUGUAI_Q08_UY_002_P0037_001; EVID_URUGUAI_Q08_UY_001_P0057_002,UY_001; UY_002,UY_002:p37-39; UY_001:p57,RESP_URUGUAI_Q08_20260912T145323Z,RUN_URUGUAI_20260912T145323Z,rag-country-v3.2,3.0
africa-do-sul,Q09,"Que equilíbrio existe entre dimensões técnicas da Computação e dimensões sociais, culturais, éticas e humanas da Educação Digital?","As dimensões sociais, culturais, éticas e humanas da educação digital devem ser incorporadas ao currículo de computação, destacando sua importância no uso responsável das tecnologias da informação e comunicação (TICs). Essas dimensões são consideradas em relação ao impacto que a tecnologia exerce sobre a vida cotidiana, a ética no uso de computadores e a promoção da saúde e bem-estar em um ambiente digital.",candidate,2,EVID_AFRICA_DO_SUL_Q09_AF_ZA_01_P0021_001; EVID_AFRICA_DO_SUL_Q09_AF_ZA_02_P0015_002,AF-ZA-01; AF-ZA-02,AF-ZA-01:p21; AF-ZA-02:p15-17,RESP_AFRICA_DO_SUL_Q09_20260912T140454Z,RUN_AFRICA_DO_SUL_20260912T140454Z,rag-country-v3.2,3.0
australia,Q09,"Que equilíbrio existe entre dimensões técnicas da Computação e dimensões sociais, culturais, éticas e humanas da Educação Digital?","O equilíbrio entre as dimensões técnicas da Computação e as dimensões sociais, culturais, éticas e humanas da Educação Digital é evidente na forma como as tecnologias digitais são utilizadas para atender às necessidades da comunidade, considerando impactos e responsabilidades no design de soluções.",candidate,2,EVID_AUSTRALIA_Q09_OC_AU_01_P0001_001; EVID_AUSTRALIA_Q09_OC_AU_02_P0004_002,OC-AU-01; OC-AU-02,OC-AU-01:p1; OC-AU-02:p4,RESP_AUSTRALIA_Q09_20260912T140702Z,RUN_AUSTRALIA_20260912T140702Z,rag-country-v3.2,3.0
brasil,Q09,"Que equilíbrio existe entre dimensões técnicas da Computação e dimensões sociais, culturais, éticas e humanas da Educação Digital?","As dimensões técnicas da Computação são fundamentais para criar uma cidadania digital ativa e para a inserção dos jovens no mundo do trabalho. No entanto, é essencial que essa abordagem técnica seja complementada por uma perspectiva social, crítica e ética, possibilitando que os estudantes desenvolvam habilidades que visam não apenas o domínio técnico, mas também a colaboração e a resolução de problemas em suas comunidades.",candidate,2,EVID_BRASIL_Q09_BR_008_P0006_001; EVID_BRASIL_Q09_BR_008_P0010_002,BR_008,BR_008:p6-10; BR_008:p10,RESP_BRASIL_Q09_20260912T140932Z,RUN_BRASIL_20260912T140932Z,rag-country-v3.2,3.0
canada,Q09,"Que equilíbrio existe entre dimensões técnicas da Computação e dimensões sociais, culturais, éticas e humanas da Educação Digital?","O equilíbrio entre as dimensões técnicas da Computação e as dimensões sociais, culturais, éticas e humanas da Educação Digital é evidenciado pela necessidade de um enfoque centrado no usuário nas abordagens digitais. Isso implica projetar programas e serviços que não apenas integrem a tecnologia, mas que também levem em conta as necessidades e experiências humanas, promovendo inclusão e acessibilidade desde a concepção até a implementação. Em um ambiente digital, é crucial que a tecnologia seja utilizada como uma ferramenta para atender a problemas humanos, garantindo que soluções tecnológicas não sejam vistas como fins em si mesmas, mas como meios para promover melhor experiência e resultados para as pessoas.",candidate,3,EVID_CANADA_Q09_CA_003_P0005_001; EVID_CANADA_Q09_CA_003_P0017_002; EVID_CANADA_Q09_CA_003_P0014_003,CA_003,CA_003:p5; CA_003:p17; CA_003:p14,RESP_CANADA_Q09_20260912T141201Z,RUN_CANADA_20260912T141201Z,rag-country-v3.2,3.0
chile,Q09,"Que equilíbrio existe entre dimensões técnicas da Computação e dimensões sociais, culturais, éticas e humanas da Educação Digital?","O equilíbrio entre as dimensões técnicas da Computação e as dimensões sociais, culturais, éticas e humanas da Educação Digital é promovido através da formação das habilidades de alfabetização digital e do uso responsável das tecnologias, que são fundamentais para a colaboração, comunicação e inovação. As bases curriculares enfatizam que esse aprendizado deve estar ligado diretamente às realidades sociais dos estudantes, permitindo que se organizem para abordar problemas e desenvolver projetos interdisciplinares que considerem aspectos éticos e sociais.",candidate,2,EVID_CHILE_Q09_CL_003_P0059_001; EVID_CHILE_Q09_CL_003_P0057_002,CL_003,CL_003:p59; CL_003:p57,RESP_CHILE_Q09_20260912T141439Z,RUN_CHILE_20260912T141439Z,rag-country-v3.2,3.0
china,Q09,"Que equilíbrio existe entre dimensões técnicas da Computação e dimensões sociais, culturais, éticas e humanas da Educação Digital?","A educação digital na China busca equilibrar as dimensões técnicas da computação com responsabilidades sociais e éticas, garantindo que os alunos desenvolvam não apenas habilidades tecnológicas, mas também uma consciência crítica sobre o uso da informação e a ética relacionada às tecnologias.",candidate,3,EVID_CHINA_Q09_AS_CN_01_P0013_001; EVID_CHINA_Q09_AS_CN_01_P0014_002; EVID_CHINA_Q09_AS_CN_01_P0010_003,AS-CN-01,AS-CN-01:p13; AS-CN-01:p14; AS-CN-01:p10,RESP_CHINA_Q09_20260912T141700Z,RUN_CHINA_20260912T141700Z,rag-country-v3.2,3.0
coreia-do-sul,Q09,"Que equilíbrio existe entre dimensões técnicas da Computação e dimensões sociais, culturais, éticas e humanas da Educação Digital?","As dimensões técnicas da Computação, através da aplicação de tecnologias como e-books e plataformas digitais, têm facilitado um ensino mais voltado para a auto-dirigência e atividades diversificadas, alterando o foco das aulas para envolver mais os alunos. Isso se traduz em um aprendizado que promove competências como auto-dirigido, criatividade, inovação e pensamento crítico. Por outro lado, a inclusão de conteúdos digitais também busca minimizar a divisão digital, garantindo o acesso equitativo à educação.",candidate,3,EVID_COREIA_DO_SUL_Q09_KR_001_P0074_001; EVID_COREIA_DO_SUL_Q09_KR_001_P0078_002; EVID_COREIA_DO_SUL_Q09_KR_001_P0052_003,KR_001,KR_001:p74; KR_001:p78; KR_001:p52,RESP_COREIA_DO_SUL_Q09_20260912T141943Z,RUN_COREIA_DO_SUL_20260912T141943Z,rag-country-v3.2,3.0
estonia,Q09,"Que equilíbrio existe entre dimensões técnicas da Computação e dimensões sociais, culturais, éticas e humanas da Educação Digital?","A Educação Digital na Estônia procura equilibrar dimensões técnicas e sociais, enfatizando a importância do uso seguro e ético das tecnologias, bem como a criação de ambientes de aprendizagem que respeitem as diferenças individuais dos alunos.",candidate,2,EVID_ESTONIA_Q09_EU_EE_02_P0009_001; EVID_ESTONIA_Q09_EU_EE_02_P0005_002,EU-EE-02,EU-EE-02:p9; EU-EE-02:p5,RESP_ESTONIA_Q09_20260912T135902Z,RUN_ESTONIA_20260912T135902Z,rag-country-v3.2,3.0
eua,Q09,"Que equilíbrio existe entre dimensões técnicas da Computação e dimensões sociais, culturais, éticas e humanas da Educação Digital?","A framework foi desenvolvida para descrever um conjunto central de conceitos e práticas que são prioritários para todos os alunos, relacionando competências técnicas da computação com dimensões sociais e humanísticas. A seleção de conceitos básicos é informada pela necessidade de adaptação do ensino às diversas populações de alunos, assegurando que todos possam se envolver com as ideias fundamentais da ciência da computação ao longo de sua educação K-12.",candidate,2,EVID_EUA_Q09_US_001_P0057_001; EVID_EUA_Q09_US_001_P0057_002,US_001,US_001:p57-58; US_001:p57,RESP_EUA_Q09_20260912T142218Z,RUN_EUA_20260912T142218Z,rag-country-v3.2,3.0
finlandia,Q09,"Que equilíbrio existe entre dimensões técnicas da Computação e dimensões sociais, culturais, éticas e humanas da Educação Digital?","O currículo nacional da Finlândia enfatiza a importância da interação entre dimensões técnicas e sociais na educação, promovendo um ambiente de aprendizado seguro e inclusivo que integra conhecimentos e habilidades de diversas disciplinas.",candidate,2,EVID_FINLANDIA_Q09_FI_001_P0001_001; EVID_FINLANDIA_Q09_FI_001_P0002_002,FI_001,FI_001:p1-2; FI_001:p2-3,RESP_FINLANDIA_Q09_20260912T142441Z,RUN_FINLANDIA_20260912T142441Z,rag-country-v3.2,3.0
gana,Q09,"Que equilíbrio existe entre dimensões técnicas da Computação e dimensões sociais, culturais, éticas e humanas da Educação Digital?","O equilíbrio entre as dimensões técnicas da Computação e as dimensões sociais, culturais, éticas e humanas da Educação Digital é promovido através do desenvolvimento de competências como a comunicação e colaboração, identidade cultural e cidadania global. Essas competências encorajam os alunos a reconhecer as interações sociais e culturais dentro do contexto digital, promovendo a responsabilidade social e a ética no uso da tecnologia.",candidate,2,EVID_GANA_Q09_GH_001_P0026_001; EVID_GANA_Q09_GH_002_P0072_002,GH_001; GH_002,GH_001:p26; GH_002:p72,RESP_GANA_Q09_20260912T142704Z,RUN_GANA_20260912T142704Z,rag-country-v3.2,3.0
hong-kong,Q09,"Que equilíbrio existe entre dimensões técnicas da Computação e dimensões sociais, culturais, éticas e humanas da Educação Digital?","O equilíbrio entre as dimensões técnicas da Computação e as dimensões sociais, culturais, éticas e humanas da Educação Digital é alcançado através da integração de tecnologias que promovem a aprendizagem interativa e a conscientização social. A utilização de plataformas eletrônicas e aprendizado colaborativo facilita a troca de conhecimentos e experiências entre os alunos e suas comunidades, enquanto a discussão de questões éticas e sociais associadas à tecnologia é incorporada no currículo.",candidate,3,EVID_HONG_KONG_Q09_HK_001_P0158_001; EVID_HONG_KONG_Q09_HK_002_P0043_002; EVID_HONG_KONG_Q09_HK_001_P0103_003,HK_001; HK_002,HK_001:p158-159; HK_002:p43-45; HK_001:p103-105,RESP_HONG_KONG_Q09_20260912T142926Z,RUN_HONG_KONG_20260912T142926Z,rag-country-v3.2,3.0
irlanda,Q09,"Que equilíbrio existe entre dimensões técnicas da Computação e dimensões sociais, culturais, éticas e humanas da Educação Digital?","O equilíbrio entre as dimensões técnicas da Computação e as dimensões sociais, culturais, éticas e humanas da Educação Digital é evidenciado através do reconhecimento das práticas e princípios da ciência da computação que, em um contexto aplicado, promovem a reflexão sobre aspectos éticos e sociais da tecnologia. Os alunos têm a oportunidade de explorar como a tecnologia impacta a sociedade e como eles podem contribuir para a comunidade ao desenvolver artefatos computacionais que são pessoalmente relevantes ou benéficos para a sociedade.",candidate,2,EVID_IRLANDA_Q09_IE_001_P0012_001; EVID_IRLANDA_Q09_IE_001_P0012_002,IE_001,IE_001:p12; IE_001:p12,RESP_IRLANDA_Q09_20260912T143215Z,RUN_IRLANDA_20260912T143215Z,rag-country-v3.2,3.0
japao,Q09,"Que equilíbrio existe entre dimensões técnicas da Computação e dimensões sociais, culturais, éticas e humanas da Educação Digital?","O equilíbrio entre as dimensões técnicas da Computação e as dimensões sociais, culturais, éticas e humanas da Educação Digital está em promover uma compreensão crítica do uso das tecnologias, instigando os alunos a refletirem sobre as implicações éticas e sociais do uso da tecnologia, enquanto desenvolvem habilidades práticas em ambientes digitais.",candidate,1,EVID_JAPAO_Q09_JP_002_P0163_001,JP_002,JP_002:p163,RESP_JAPAO_Q09_20260912T143439Z,RUN_JAPAO_20260912T143439Z,rag-country-v3.2,3.0
nova-zelandia,Q09,"Que equilíbrio existe entre dimensões técnicas da Computação e dimensões sociais, culturais, éticas e humanas da Educação Digital?","O equilíbrio entre as dimensões técnicas da Computação e as dimensões sociais, culturais, éticas e humanas da Educação Digital é fundamental para preparar os alunos para um mundo digital em transformação. O currículo deve integrar práticas tecnológicas e conhecimentos técnicos com competências sociais e culturais, promovendo um aprendizado que desenvolva a cidadania digital e o bem-estar dos alunos.",candidate,2,EVID_NOVA_ZELANDIA_Q09_NZ_001_P0006_001; EVID_NOVA_ZELANDIA_Q09_NZ_001_P0008_002,NZ_001,NZ_001:p6; NZ_001:p8,RESP_NOVA_ZELANDIA_Q09_20260912T143655Z,RUN_NOVA_ZELANDIA_20260912T143655Z,rag-country-v3.2,3.0
quenia,Q09,"Que equilíbrio existe entre dimensões técnicas da Computação e dimensões sociais, culturais, éticas e humanas da Educação Digital?","O equilíbrio entre dimensões técnicas da Computação e dimensões sociais, culturais, éticas e humanas da Educação Digital é promovido através de um currículo reformado que enfatiza tanto a inclusão quanto o uso da tecnologia para enriquecer práticas educacionais. O uso das Tecnologias da Informação e Comunicação (TIC) é considerado essencial para empoderar tanto professores quanto alunos, integrando informações digitais no processo de ensino para atender às necessidades individuais e coletivas dos alunos.",candidate,2,EVID_QUENIA_Q09_KE_001_P0132_001; EVID_QUENIA_Q09_KE_001_P0134_002,KE_001,KE_001:p132; KE_001:p134,RESP_QUENIA_Q09_20260912T143913Z,RUN_QUENIA_20260912T143913Z,rag-country-v3.2,3.0
reino-unido,Q09,"Que equilíbrio existe entre dimensões técnicas da Computação e dimensões sociais, culturais, éticas e humanas da Educação Digital?","O currículo de computação no Reino Unido enfatiza a importância da alfabetização digital e do pensamento computacional, onde as dimensões técnicas da computação estão intrinsecamente ligadas às dimensões sociais e éticas, preparando os alunos não só para resolver problemas técnicos, mas também para atuar como cidadãos responsáveis em um mundo digital.",candidate,2,EVID_REINO_UNIDO_Q09_UK_001_P0001_001; EVID_REINO_UNIDO_Q09_UK_001_P0002_002,UK_001,UK_001:p1; UK_001:p2,RESP_REINO_UNIDO_Q09_20260912T144124Z,RUN_REINO_UNIDO_20260912T144124Z,rag-country-v3.2,3.0
ruanda,Q09,"Que equilíbrio existe entre dimensões técnicas da Computação e dimensões sociais, culturais, éticas e humanas da Educação Digital?","A Educação Digital em Ruanda visa transformar os cidadãos em capital humano qualificado para o desenvolvimento socioeconômico, promovendo acesso equitativo à educação de qualidade e desenvolvimento de habilidades críticas e éticas. A implementação de Tecnologias de Informação e Comunicação (TIC) é essencial para integrar aspectos técnicos da computação com as dimensões sociais e culturais da educação.",inconclusive,2,EVID_RUANDA_Q09_RW_001_P0008_001; EVID_RUANDA_Q09_RW_001_P0008_002,RW_001,RW_001:p8-9; RW_001:p8-9,RESP_RUANDA_Q09_20260912T144341Z,RUN_RUANDA_20260912T144341Z,rag-country-v3.2,3.0
singapura,Q09,"Que equilíbrio existe entre dimensões técnicas da Computação e dimensões sociais, culturais, éticas e humanas da Educação Digital?","O equilíbrio entre dimensões técnicas da Computação e dimensões sociais, culturais, éticas e humanas da Educação Digital é refletido na utilização das tecnologias de forma responsável e ética, assim como no desenvolvimento de competências críticas e criativas essenciais para a educação no século XXI. Os educadores precisam aproveitar as possibilidades que a tecnologia oferece, sem perder de vista a importância fundamental do ensino e da interação humana no processo de aprendizagem.",candidate,2,EVID_SINGAPURA_Q09_SG_008_P0005_001; EVID_SINGAPURA_Q09_SG_012_P0005_002,SG_008; SG_012,SG_008:p5; SG_012:p5,RESP_SINGAPURA_Q09_20260912T144617Z,RUN_SINGAPURA_20260912T144617Z,rag-country-v3.2,3.0
suica,Q09,"Que equilíbrio existe entre dimensões técnicas da Computação e dimensões sociais, culturais, éticas e humanas da Educação Digital?","O equilíbrio entre dimensões técnicas da Computação e dimensões sociais, culturais, éticas e humanas da Educação Digital se manifesta na formação de competências digitais e na promoção de uma cidadania responsável. As diretrizes enfatizam a importância da alfabetização informática e o desenvolvimento de habilidades para o uso consciente das tecnologias.",candidate,2,EVID_SUICA_Q09_CH_001_P0001_001; EVID_SUICA_Q09_CH_001_P0004_002,CH_001,CH_001:p1; CH_001:p4,RESP_SUICA_Q09_20260912T144840Z,RUN_SUICA_20260912T144840Z,rag-country-v3.2,3.0
taiwan,Q09,"Que equilíbrio existe entre dimensões técnicas da Computação e dimensões sociais, culturais, éticas e humanas da Educação Digital?","O equilíbrio entre as dimensões técnicas da Computação e as dimensões sociais, culturais, éticas e humanas da Educação Digital é refletido na capacidade de integração do conhecimento tecnológico com a responsabilidade social. Os educandos são incentivados a entender as leis, ética e questões sociais relacionadas à tecnologia, promovendo uma abordagem crítica e consciente do seu uso na sociedade.",candidate,3,EVID_TAIWAN_Q09_TW_001_P0028_001; EVID_TAIWAN_Q09_TW_001_P0029_002; EVID_TAIWAN_Q09_TW_001_P0028_003,TW_001,TW_001:p28; TW_001:p29; TW_001:p28,RESP_TAIWAN_Q09_20260912T145057Z,RUN_TAIWAN_20260912T145057Z,rag-country-v3.2,3.0
uruguai,Q09,"Que equilíbrio existe entre dimensões técnicas da Computação e dimensões sociais, culturais, éticas e humanas da Educação Digital?","O Programa CEIBAL promove a inclusão da tecnologia na educação, considerando as dimensões sociais e culturais, além das técnicas, por meio da formação docente e de práticas pedagógicas colaborativas.",candidate,3,EVID_URUGUAI_Q09_UY_001_P0228_001; EVID_URUGUAI_Q09_UY_001_P0063_002; EVID_URUGUAI_Q09_UY_001_P0223_003,UY_001,UY_001:p228; UY_001:p63-64; UY_001:p223,RESP_URUGUAI_Q09_20260912T145323Z,RUN_URUGUAI_20260912T145323Z,rag-country-v3.2,3.0
africa-do-sul,Q10,"Como pensamento crítico, autonomia e participação social são promovidos no currículo relacionado à Computação e Educação Digital?","O currículo relacionado à Computação e Educação Digital promove pensamento crítico, autonomia e participação social ao incentivar tarefas práticas que requerem decisões e resolução de problemas, além de explorar as implicações sociais das tecnologias digitais.",candidate,2,EVID_AFRICA_DO_SUL_Q10_AF_ZA_01_P0043_001; EVID_AFRICA_DO_SUL_Q10_AF_ZA_01_P0017_002,AF-ZA-01,AF-ZA-01:p43; AF-ZA-01:p17,RESP_AFRICA_DO_SUL_Q10_20260912T140454Z,RUN_AFRICA_DO_SUL_20260912T140454Z,rag-country-v3.2,3.0
australia,Q10,"Como pensamento crítico, autonomia e participação social são promovidos no currículo relacionado à Computação e Educação Digital?","O currículo de Computação e Educação Digital na Austrália promove o pensamento crítico, a autonomia e a participação social através do desenvolvimento de soluções digitais, a análise de necessidades, e a comunicação de ideias usando ferramentas digitais. Os alunos são incentivados a criar, modificar e avaliar soluções projetadas, justificando suas decisões com base em critérios de design que incluem a sustentabilidade.",candidate,2,EVID_AUSTRALIA_Q10_OC_AU_01_P0002_001; EVID_AUSTRALIA_Q10_OC_AU_02_P0001_002,OC-AU-01; OC-AU-02,OC-AU-01:p2; OC-AU-02:p1,RESP_AUSTRALIA_Q10_20260912T140702Z,RUN_AUSTRALIA_20260912T140702Z,rag-country-v3.2,3.0
brasil,Q10,"Como pensamento crítico, autonomia e participação social são promovidos no currículo relacionado à Computação e Educação Digital?","O currículo relacionado à Computação e Educação Digital promove pensamento crítico, autonomia e participação social através da educação digital e midiática, ajustada ao projeto de vida dos estudantes e integrada em diferentes disciplinas. A reflexão sobre cidadania digital e a promoção de uma educação digital crítica e criativa são explicitamente mencionadas nas diretrizes curriculares.",candidate,2,EVID_BRASIL_Q10_BR_018_P0011_001; EVID_BRASIL_Q10_BR_018_P0024_002,BR_018,BR_018:p11-12; BR_018:p24-25,RESP_BRASIL_Q10_20260912T140932Z,RUN_BRASIL_20260912T140932Z,rag-country-v3.2,3.0
canada,Q10,"Como pensamento crítico, autonomia e participação social são promovidos no currículo relacionado à Computação e Educação Digital?","O currículo relacionado à Computação e Educação Digital promove o pensamento crítico, autonomia e participação social por meio de metodologias que enfatizam a resolução de problemas, o engajamento do usuário, a experimentação e a aprendizagem ativa.",candidate,3,EVID_CANADA_Q10_CA_001_P0001_001; EVID_CANADA_Q10_CA_003_P0018_002; EVID_CANADA_Q10_CA_003_P0016_003,CA_001; CA_003,CA_001:p1; CA_003:p18; CA_003:p16,RESP_CANADA_Q10_20260912T141201Z,RUN_CANADA_20260912T141201Z,rag-country-v3.2,3.0
chile,Q10,"Como pensamento crítico, autonomia e participação social são promovidos no currículo relacionado à Computação e Educação Digital?","O currículo relacionado à Computação e Educação Digital no Chile promove pensamento crítico, autonomia e participação social por meio de estratégias de aprendizagem e metodologias que incentivam a análise crítica, a resolução de problemas e a colaboração entre os alunos.",candidate,3,EVID_CHILE_Q10_CL_003_P0028_001; EVID_CHILE_Q10_CL_003_P0143_002; EVID_CHILE_Q10_CL_003_P0069_003,CL_003,CL_003:p28; CL_003:p143; CL_003:p69,RESP_CHILE_Q10_20260912T141439Z,RUN_CHILE_20260912T141439Z,rag-country-v3.2,3.0
china,Q10,"Como pensamento crítico, autonomia e participação social são promovidos no currículo relacionado à Computação e Educação Digital?","No evidence directly addresses how critical thinking, autonomy, and social participation are promoted in the curriculum related to Computing and Digital Education.",inconclusive,0,,,,RESP_CHINA_Q10_20260912T141700Z,RUN_CHINA_20260912T141700Z,rag-country-v3.2,3.0
coreia-do-sul,Q10,"Como pensamento crítico, autonomia e participação social são promovidos no currículo relacionado à Computação e Educação Digital?","O currículo relacionado à Computação e Educação Digital na Coreia do Sul visa promover pensamento crítico, autonomia e participação social através do desenvolvimento de um ambiente de aprendizagem personalizado, que inclui a análise de dados de aprendizado dos alunos e o uso de plataformas digitais que favorecem a interação e a colaboração entre alunos e professores.",candidate,2,EVID_COREIA_DO_SUL_Q10_KR_001_P0137_001; EVID_COREIA_DO_SUL_Q10_KR_001_P0075_002,KR_001,KR_001:p137; KR_001:p75,RESP_COREIA_DO_SUL_Q10_20260912T141943Z,RUN_COREIA_DO_SUL_20260912T141943Z,rag-country-v3.2,3.0
estonia,Q10,"Como pensamento crítico, autonomia e participação social são promovidos no currículo relacionado à Computação e Educação Digital?","O currículo de Computação e Educação Digital na Estônia promove pensamento crítico, autonomia e participação social através do uso de tecnologias de informação e comunicação (TIC), que incentivam a análise crítica, a colaboração em equipe e o desenvolvimento de competências digitais.",candidate,2,EVID_ESTONIA_Q10_EU_EE_01_P0002_001; EVID_ESTONIA_Q10_EU_EE_02_P0004_002,EU-EE-01; EU-EE-02,EU-EE-01:p2; EU-EE-02:p4,RESP_ESTONIA_Q10_20260912T135902Z,RUN_ESTONIA_20260912T135902Z,rag-country-v3.2,3.0
eua,Q10,"Como pensamento crítico, autonomia e participação social são promovidos no currículo relacionado à Computação e Educação Digital?","O currículo relacionado à Computação e Educação Digital promove pensamento crítico, autonomia e participação social por meio da integração de ambientes tecnológicos que envolvem atividades práticas e reflexão crítica. Essas práticas contribuem para que os alunos se tornem participantes ativos na sociedade digital.",candidate,2,EVID_EUA_Q10_US_001_P0281_001; EVID_EUA_Q10_US_001_P0207_002,US_001,US_001:p281; US_001:p207,RESP_EUA_Q10_20260912T142218Z,RUN_EUA_20260912T142218Z,rag-country-v3.2,3.0
finlandia,Q10,"Como pensamento crítico, autonomia e participação social são promovidos no currículo relacionado à Computação e Educação Digital?","O currículo promove o pensamento crítico, a autonomia e a participação social através da valorização da aprendizagem ativa, da promoção de interações significativas entre alunos e professores, e da implementação de módulos de aprendizagem multidisciplinares que envolvem a participação dos alunos no planejamento e execução.",candidate,3,EVID_FINLANDIA_Q10_FI_001_P0001_001; EVID_FINLANDIA_Q10_FI_001_P0002_002; EVID_FINLANDIA_Q10_FI_001_P0003_003,FI_001,FI_001:p1-2; FI_001:p2-3; FI_001:p3-4,RESP_FINLANDIA_Q10_20260912T142441Z,RUN_FINLANDIA_20260912T142441Z,rag-country-v3.2,3.0
gana,Q10,"Como pensamento crítico, autonomia e participação social são promovidos no currículo relacionado à Computação e Educação Digital?","O currículo promove pensamento crítico, autonomia e participação social ao incentivar a colaboração, o respeito às opiniões dos outros e o desenvolvimento de habilidades de comunicação.",candidate,2,EVID_GANA_Q10_GH_002_P0008_001; EVID_GANA_Q10_GH_001_P0025_002,GH_001; GH_002,GH_002:p8; GH_001:p25,RESP_GANA_Q10_20260912T142704Z,RUN_GANA_20260912T142704Z,rag-country-v3.2,3.0
hong-kong,Q10,"Como pensamento crítico, autonomia e participação social são promovidos no currículo relacionado à Computação e Educação Digital?","O currículo relacionado à Computação e Educação Digital em Hong Kong promove o pensamento crítico, autonomia e participação social por meio de atividades práticas que envolvem a análise crítica da informação, a colaboração em projetos interdisciplinares e o desenvolvimento de habilidades de participação ativa na sociedade.",candidate,2,EVID_HONG_KONG_Q10_HK_001_P0099_001; EVID_HONG_KONG_Q10_HK_002_P0043_002,HK_001; HK_002,HK_001:p99-100; HK_002:p43-44,RESP_HONG_KONG_Q10_20260912T142926Z,RUN_HONG_KONG_20260912T142926Z,rag-country-v3.2,3.0
irlanda,Q10,"Como pensamento crítico, autonomia e participação social são promovidos no currículo relacionado à Computação e Educação Digital?","O currículo de Computação e Educação Digital promove pensamento crítico, autonomia e participação social através de várias práticas e abordagens educacionais. Os alunos desenvolvem habilidades de pensamento crítico ao analisar padrões e relações, realizando um trabalho colaborativo que incentiva a comunicação e a resolução de problemas. A autonomia é fomentada através do aprendizado autodirigido, onde os alunos têm a capacidade de planejar, monitorar e avaliar seu próprio aprendizado. Além disso, a participação social é incentivada ao criar artefatos computacionais que têm relevância para suas vidas e para a comunidade, promovendo uma conexão entre o aprendizado e a aplicação prática na sociedade.",candidate,3,EVID_IRLANDA_Q10_IE_001_P0007_001; EVID_IRLANDA_Q10_IE_001_P0016_002; EVID_IRLANDA_Q10_IE_001_P0018_003,IE_001,IE_001:p7; IE_001:p16; IE_001:p18,RESP_IRLANDA_Q10_20260912T143215Z,RUN_IRLANDA_20260912T143215Z,rag-country-v3.2,3.0
japao,Q10,"Como pensamento crítico, autonomia e participação social são promovidos no currículo relacionado à Computação e Educação Digital?","O currículo relacionado à Computação e Educação Digital promove pensamento crítico por meio da incorporação de atividades que incentivam a análise e solução criativa de problemas. Os estudantes são incentivados a aprender de forma autônoma e colaborativa, desenvolvendo habilidades para lidar com sistemas complexos e interagir efetivamente com a sociedade.",candidate,3,EVID_JAPAO_Q10_JP_002_P0001_001; EVID_JAPAO_Q10_JP_002_P0001_002; EVID_JAPAO_Q10_JP_001_P0087_003,JP_001; JP_002,JP_002:p1; JP_002:p1; JP_001:p87,RESP_JAPAO_Q10_20260912T143439Z,RUN_JAPAO_20260912T143439Z,rag-country-v3.2,3.0
nova-zelandia,Q10,"Como pensamento crítico, autonomia e participação social são promovidos no currículo relacionado à Computação e Educação Digital?","O currículo de Computação e Educação Digital na Nova Zelândia promove o pensamento crítico, autonomia e participação social através da educação tecnológica integrada, onde os alunos são encorajados a desenvolver soluções digitais que impactem positivamente a sociedade. As experiências de aprendizagem são projetadas para serem autênticas e interdisciplinares, promovendo a colaboração e o pensamento crítico entre os alunos.",candidate,2,EVID_NOVA_ZELANDIA_Q10_NZ_001_P0005_001; EVID_NOVA_ZELANDIA_Q10_NZ_001_P0010_002,NZ_001,NZ_001:p5; NZ_001:p10,RESP_NOVA_ZELANDIA_Q10_20260912T143655Z,RUN_NOVA_ZELANDIA_20260912T143655Z,rag-country-v3.2,3.0
quenia,Q10,"Como pensamento crítico, autonomia e participação social são promovidos no currículo relacionado à Computação e Educação Digital?","O currículo promovido no Quênia enfatiza a importância do pensamento crítico, autonomia e participação social através de metodologias que incorporam aprendizado baseado na comunidade e a integração de habilidades digitais.",candidate,3,EVID_QUENIA_Q10_KE_001_P0132_001; EVID_QUENIA_Q10_KE_001_P0025_002; EVID_QUENIA_Q10_KE_002_P0022_003,KE_001; KE_002,KE_001:p132-135; KE_001:p25; KE_002:p22-23,RESP_QUENIA_Q10_20260912T143913Z,RUN_QUENIA_20260912T143913Z,rag-country-v3.2,3.0
reino-unido,Q10,"Como pensamento crítico, autonomia e participação social são promovidos no currículo relacionado à Computação e Educação Digital?","O currículo de Computação no Reino Unido promove pensamento crítico, autonomia e participação social ao desenvolver habilidades de raciocínio lógico, permitir a criação e depuração de programas, e encorajar o uso de tecnologia de forma responsável e criativa.",candidate,3,EVID_REINO_UNIDO_Q10_UK_001_P0001_001; EVID_REINO_UNIDO_Q10_UK_001_P0002_002; EVID_REINO_UNIDO_Q10_UK_002_P0002_003,UK_001; UK_002,UK_001:p1; UK_001:p2; UK_002:p2,RESP_REINO_UNIDO_Q10_20260912T144124Z,RUN_REINO_UNIDO_20260912T144124Z,rag-country-v3.2,3.0
ruanda,Q10,"Como pensamento crítico, autonomia e participação social são promovidos no currículo relacionado à Computação e Educação Digital?","O currículo de Computação e Educação Digital em Ruanda promove o pensamento crítico, autonomia e participação social pelos seguintes meios: os alunos desenvolvem raciocínio crítico e lógica através do web design, criando soluções para problemas relacionados ao serviço no país; eles trabalham em grupos, o que aumenta a cooperação e a comunicação; e são incentivados a usar as TIC para a pesquisa, o que melhora sua capacidade de atuar de forma independente e crítica em contextos sociais e profissionais.",candidate,3,EVID_RUANDA_Q10_RW_001_P0009_001; EVID_RUANDA_Q10_RW_001_P0010_002; EVID_RUANDA_Q10_RW_001_P0004_003,RW_001,RW_001:p9-10; RW_001:p10; RW_001:p4,RESP_RUANDA_Q10_20260912T144341Z,RUN_RUANDA_20260912T144341Z,rag-country-v3.2,3.0
singapura,Q10,"Como pensamento crítico, autonomia e participação social são promovidos no currículo relacionado à Computação e Educação Digital?","O currículo relacionado à Computação e Educação Digital em Singapura promove pensamento crítico, autonomia e participação social através das competências do século XXI. Os alunos desenvolvem habilidades de pensamento crítico ao formular passos para soluções e aplicar raciocínio formal e pensamento sistêmico na análise de problemas. Eles são encorajados a utilizar evidências e adotar diferentes pontos de vista para explicar seu raciocínio e decisões. Além disso, o currículo enfatiza a colaboração, a produção criativa e a autodireção na aprendizagem, preparando os alunos para um ambiente tecnológico em constante mudança.",candidate,3,EVID_SINGAPURA_Q10_SG_002_P0004_001; EVID_SINGAPURA_Q10_SG_002_P0017_002; EVID_SINGAPURA_Q10_SG_002_P0017_003,SG_002,SG_002:p4; SG_002:p17; SG_002:p17,RESP_SINGAPURA_Q10_20260912T144617Z,RUN_SINGAPURA_20260912T144617Z,rag-country-v3.2,3.0
suica,Q10,"Como pensamento crítico, autonomia e participação social são promovidos no currículo relacionado à Computação e Educação Digital?","O currículo relacionado à Computação e Educação Digital promove o pensamento crítico, a autonomia e a participação social por meio da pesquisa, análise e avaliação da informação e criação de conteúdos mediáticos, de forma cidadã e responsável. Também é enfatizada a navegação e a busca de informações de maneira autônoma, utilizando diversas técnicas, além da utilização de plataformas colaborativas para comunicação e colaboração em projetos coletivos.",candidate,3,EVID_SUICA_Q10_CH_001_P0001_001; EVID_SUICA_Q10_CH_001_P0006_002; EVID_SUICA_Q10_CH_001_P0006_003,CH_001,CH_001:p1; CH_001:p6; CH_001:p6,RESP_SUICA_Q10_20260912T144840Z,RUN_SUICA_20260912T144840Z,rag-country-v3.2,3.0
taiwan,Q10,"Como pensamento crítico, autonomia e participação social são promovidos no currículo relacionado à Computação e Educação Digital?","O currículo relacionado à Computação e Educação Digital em Taiwan promove o pensamento crítico, a autonomia e a participação social através de práticas que incentivam a colaboração e a análise crítica de questões sociais e éticas em tecnologia.",candidate,3,EVID_TAIWAN_Q10_TW_001_P0026_001; EVID_TAIWAN_Q10_TW_001_P0029_002; EVID_TAIWAN_Q10_TW_001_P0042_003,TW_001,TW_001:p26; TW_001:p29; TW_001:p42,RESP_TAIWAN_Q10_20260912T145057Z,RUN_TAIWAN_20260912T145057Z,rag-country-v3.2,3.0
uruguai,Q10,"Como pensamento crítico, autonomia e participação social são promovidos no currículo relacionado à Computação e Educação Digital?","O currículo relacionado à Computação e Educação Digital promove o pensamento crítico, a autonomia e a participação social através de competências que incentivam a resolução de problemas e o desenvolvimento de soluções tecnológicas, tanto individuais quanto em grupo. Além disso, oferece oportunidades para reflexão sobre a cidadania digital e a ética nas interações online.",candidate,2,EVID_URUGUAI_Q10_UY_003_P0009_001; EVID_URUGUAI_Q10_UY_001_P0023_002,UY_001; UY_003,UY_003:p9; UY_001:p23,RESP_URUGUAI_Q10_20260912T145323Z,RUN_URUGUAI_20260912T145323Z,rag-country-v3.2,3.0
africa-do-sul,Q11,Que elementos relacionados à cidadania global aparecem nos documentos curriculares?,Os documentos curriculares mencionam a promoção de cidadãos digitalmente habilitados e a conscientização sobre questões sociais e éticas decorrentes do uso da tecnologia.,candidate,2,EVID_AFRICA_DO_SUL_Q11_AF_ZA_02_P0017_001; EVID_AFRICA_DO_SUL_Q11_AF_ZA_01_P0006_002,AF-ZA-01; AF-ZA-02,AF-ZA-02:p17; AF-ZA-01:p6,RESP_AFRICA_DO_SUL_Q11_20260912T140454Z,RUN_AFRICA_DO_SUL_20260912T140454Z,rag-country-v3.2,3.0
australia,Q11,Que elementos relacionados à cidadania global aparecem nos documentos curriculares?,Os documentos curriculares abordam a cidadania global por meio da consideração de fatores que impactam decisões de design e pela ênfase em práticas sustentáveis e na gestão de dados pessoais.,candidate,2,EVID_AUSTRALIA_Q11_OC_AU_01_P0003_001; EVID_AUSTRALIA_Q11_OC_AU_01_P0003_002,OC-AU-01,OC-AU-01:p3; OC-AU-01:p3,RESP_AUSTRALIA_Q11_20260912T140702Z,RUN_AUSTRALIA_20260912T140702Z,rag-country-v3.2,3.0
brasil,Q11,Que elementos relacionados à cidadania global aparecem nos documentos curriculares?,"Os documentos curriculares abordam a construção da cidadania como um exercício contínuo que exige participação e respeito aos direitos e deveres fundamentais, promovendo o debate público crítico e a análise de experiências políticas.",candidate,1,EVID_BRASIL_Q11_BR_004_P0580_001,BR_004,BR_004:p580-581,RESP_BRASIL_Q11_20260912T140932Z,RUN_BRASIL_20260912T140932Z,rag-country-v3.2,3.0
canada,Q11,Que elementos relacionados à cidadania global aparecem nos documentos curriculares?,"Os documentos curriculares mencionam elementos como a responsabilidade compartilhada por nosso planeta, a exploração do ambiente através de perspectivas diversas e a utilização de métodos científicos.",candidate,2,EVID_CANADA_Q11_CA_002_P0001_001; EVID_CANADA_Q11_CA_001_P0001_002,CA_001; CA_002,CA_002:p1; CA_001:p1,RESP_CANADA_Q11_20260912T141201Z,RUN_CANADA_20260912T141201Z,rag-country-v3.2,3.0
chile,Q11,Que elementos relacionados à cidadania global aparecem nos documentos curriculares?,"Os documentos curriculares incluem elementos relacionados à cidadania global, como a compreensão da diversidade cultural e a importância da participação cívica para enfrentar desafios globais.",candidate,3,EVID_CHILE_Q11_CL_004_P0278_001; EVID_CHILE_Q11_CL_004_P0278_002; EVID_CHILE_Q11_CL_002_P0190_003,CL_002; CL_004,CL_004:p278-279; CL_004:p278-279; CL_002:p190-191,RESP_CHILE_Q11_20260912T141439Z,RUN_CHILE_20260912T141439Z,rag-country-v3.2,3.0
china,Q11,Que elementos relacionados à cidadania global aparecem nos documentos curriculares?,"Os documentos curriculares mencionam a consciência da informação, o pensamento computacional, a aprendizagem digital e inovação, e a responsabilidade social da informação como elementos relacionados à cidadania global.",candidate,4,EVID_CHINA_Q11_AS_CN_01_P0012_001; EVID_CHINA_Q11_AS_CN_01_P0012_002; EVID_CHINA_Q11_AS_CN_01_P0013_003; EVID_CHINA_Q11_AS_CN_01_P0013_004,AS-CN-01,AS-CN-01:p12; AS-CN-01:p12; AS-CN-01:p13; AS-CN-01:p13,RESP_CHINA_Q11_20260912T141700Z,RUN_CHINA_20260912T141700Z,rag-country-v3.2,3.0
coreia-do-sul,Q11,Que elementos relacionados à cidadania global aparecem nos documentos curriculares?,"Os documentos curriculares mencionam a educação em ética da informação e comunicação, que visa cultivar habilidades básicas de pesquisa de informações, comunicação desejável e cidadania global entre os jovens. Esta educação é fundamental para desenvolver valores e comportamentos adequados na sociedade da informação.",candidate,1,EVID_COREIA_DO_SUL_Q11_KR_001_P0285_001,KR_001,KR_001:p285,RESP_COREIA_DO_SUL_Q11_20260912T141943Z,RUN_COREIA_DO_SUL_20260912T141943Z,rag-country-v3.2,3.0
estonia,Q11,Que elementos relacionados à cidadania global aparecem nos documentos curriculares?,"Os elementos relacionados à cidadania global que aparecem nos documentos curriculares incluem a promoção de um aluno ativo e responsável na comunidade, compreensão das culturas diversas, e o incentivo à análise crítica da informação.",candidate,2,EVID_ESTONIA_Q11_EU_EE_01_P0001_001; EVID_ESTONIA_Q11_EU_EE_01_P0001_002,EU-EE-01,EU-EE-01:p1; EU-EE-01:p1,RESP_ESTONIA_Q11_20260912T135902Z,RUN_ESTONIA_20260912T135902Z,rag-country-v3.2,3.0
eua,Q11,Que elementos relacionados à cidadania global aparecem nos documentos curriculares?,"Os documentos curriculares mencionam diversos elementos relacionados à cidadania global, incluindo o cultivo de relacionamentos de trabalho com indivíduos que possuem perspectivas, habilidades e personalidades diversas, o que é vital para promover a colaboração em ambientes tecnológicos. Além disso, destaca-se a importância das interações sociais facilitadas pela tecnologia da computação, que permitem a colaboração local e global e influenciam instituições sociais diversas.",candidate,2,EVID_EUA_Q11_US_001_P0218_001; EVID_EUA_Q11_US_001_P0115_002,US_001,US_001:p218; US_001:p115,RESP_EUA_Q11_20260912T142218Z,RUN_EUA_20260912T142218Z,rag-country-v3.2,3.0
finlandia,Q11,Que elementos relacionados à cidadania global aparecem nos documentos curriculares?,"Os documentos curriculares da Finlândia mencionam a promoção da participação, democracia, equidade e responsabilidade ambiental como elementos relacionados à cidadania global.",candidate,1,EVID_FINLANDIA_Q11_FI_001_P0001_001,FI_001,FI_001:p1-2,RESP_FINLANDIA_Q11_20260912T142441Z,RUN_FINLANDIA_20260912T142441Z,rag-country-v3.2,3.0
gana,Q11,Que elementos relacionados à cidadania global aparecem nos documentos curriculares?,"Os documentos curriculares abordam a cidadania global por meio do desenvolvimento de competências que promovem a identidade cultural e o engajamento cívico, enfatizando a contribuição para o desenvolvimento socioeconômico local e global.",candidate,2,EVID_GANA_Q11_GH_001_P0090_001; EVID_GANA_Q11_GH_002_P0043_002,GH_001; GH_002,GH_001:p90; GH_002:p43,RESP_GANA_Q11_20260912T142704Z,RUN_GANA_20260912T142704Z,rag-country-v3.2,3.0
hong-kong,Q11,Que elementos relacionados à cidadania global aparecem nos documentos curriculares?,"Os documentos curriculares mencionam elementos relacionados à cidadania global, como o reconhecimento e respeito por diferentes grupos culturais, a preocupação com questões internacionais, e a importância da compreensão e apreciação das culturas e vidas de diferentes povos ao redor do mundo.",candidate,2,EVID_HONG_KONG_Q11_HK_001_P0056_001; EVID_HONG_KONG_Q11_HK_001_P0078_002,HK_001,HK_001:p56-58; HK_001:p78-79,RESP_HONG_KONG_Q11_20260912T142926Z,RUN_HONG_KONG_20260912T142926Z,rag-country-v3.2,3.0
irlanda,Q11,Que elementos relacionados à cidadania global aparecem nos documentos curriculares?,"Os documentos curriculares mencionam a promoção da coesão social, a compreensão ética e social do uso das tecnologias, e a responsabilidade social como elementos relacionados à cidadania global.",candidate,2,EVID_IRLANDA_Q11_IE_001_P0007_001; EVID_IRLANDA_Q11_IE_001_P0012_002,IE_001,IE_001:p7; IE_001:p12,RESP_IRLANDA_Q11_20260912T143215Z,RUN_IRLANDA_20260912T143215Z,rag-country-v3.2,3.0
japao,Q11,Que elementos relacionados à cidadania global aparecem nos documentos curriculares?,"Os documentos curriculares japoneses abordam elementos como a discussão de valores humanos, ética social e autoconsciência sobre a cidadania global, enfatizando a importância da comunicação eficaz e do respeito mútuo.",candidate,3,EVID_JAPAO_Q11_JP_001_P0087_001; EVID_JAPAO_Q11_JP_001_P0087_002; EVID_JAPAO_Q11_JP_001_P0087_003,JP_001,JP_001:p87; JP_001:p87; JP_001:p87,RESP_JAPAO_Q11_20260912T143439Z,RUN_JAPAO_20260912T143439Z,rag-country-v3.2,3.0
nova-zelandia,Q11,Que elementos relacionados à cidadania global aparecem nos documentos curriculares?,"Os documentos curriculares abordam a cidadania global ao promover competências como: participação ativa, pensamento crítico, e respeito à diversidade. A integração das tecnologias digitais nos currículos também reflete a importância de preparar os alunos para serem cidadãos globais, engajando-se em questões sociais e ambientais.",candidate,3,EVID_NOVA_ZELANDIA_Q11_NZ_001_P0012_001; EVID_NOVA_ZELANDIA_Q11_NZ_001_P0012_002; EVID_NOVA_ZELANDIA_Q11_NZ_001_P0011_003,NZ_001,NZ_001:p12; NZ_001:p12; NZ_001:p11,RESP_NOVA_ZELANDIA_Q11_20260912T143655Z,RUN_NOVA_ZELANDIA_20260912T143655Z,rag-country-v3.2,3.0
quenia,Q11,Que elementos relacionados à cidadania global aparecem nos documentos curriculares?,"Os documentos curriculares incluem elementos relacionados à cidadania global, como Educação para a Paz, integridade, relação étnica e racial, coesão social, patriotismo e boa governança, direitos da criança, e proteção infantil.",candidate,1,EVID_QUENIA_Q11_KE_002_P0024_001,KE_002,KE_002:p24,RESP_QUENIA_Q11_20260912T143913Z,RUN_QUENIA_20260912T143913Z,rag-country-v3.2,3.0
reino-unido,Q11,Que elementos relacionados à cidadania global aparecem nos documentos curriculares?,"Os documentos curriculares enfatizam a responsabilidade e a cidadania digital, incluindo o uso seguro e respeitoso da tecnologia e a proteção da identidade online dos alunos.",candidate,2,EVID_REINO_UNIDO_Q11_UK_002_P0003_001; EVID_REINO_UNIDO_Q11_UK_001_P0002_002,UK_001; UK_002,UK_002:p3; UK_001:p2,RESP_REINO_UNIDO_Q11_20260912T144124Z,RUN_REINO_UNIDO_20260912T144124Z,rag-country-v3.2,3.0
ruanda,Q11,Que elementos relacionados à cidadania global aparecem nos documentos curriculares?,"Os documentos curriculares mencionam a importância de usar a internet eticamente, envolvendo critérios de avaliação que promovem a ética e a segurança na web, além da consciência sobre questões de direitos autorais.",candidate,1,EVID_RUANDA_Q11_RW_001_P0021_001,RW_001,RW_001:p21,RESP_RUANDA_Q11_20260912T144341Z,RUN_RUANDA_20260912T144341Z,rag-country-v3.2,3.0
singapura,Q11,Que elementos relacionados à cidadania global aparecem nos documentos curriculares?,Os documentos curriculares mencionam a consciência global e a formação cidadã como elementos relacionados à cidadania global.,candidate,2,EVID_SINGAPURA_Q11_SG_002_P0017_001; EVID_SINGAPURA_Q11_SG_015_P0003_002,SG_002; SG_015,SG_002:p17-18; SG_015:p3,RESP_SINGAPURA_Q11_20260912T144617Z,RUN_SINGAPURA_20260912T144617Z,rag-country-v3.2,3.0
suica,Q11,Que elementos relacionados à cidadania global aparecem nos documentos curriculares?,"Os documentos curriculares abordam a utilização responsável dos ambientes digitais, enfatizando a busca e avaliação de informações, bem como a criação de conteúdos de forma cidadã e colaborativa.",candidate,2,EVID_SUICA_Q11_CH_001_P0001_001; EVID_SUICA_Q11_CH_001_P0004_002,CH_001,CH_001:p1; CH_001:p4,RESP_SUICA_Q11_20260912T144840Z,RUN_SUICA_20260912T144840Z,rag-country-v3.2,3.0
taiwan,Q11,Que elementos relacionados à cidadania global aparecem nos documentos curriculares?,"Os documentos curriculares mencionam a importância da cidadania global através da promoção da consciência crítica em relação às questões sociais, éticas e ambientais. Os alunos são incentivados a desenvolver uma responsabilidade social e uma consciência cidadã, particularmente em relação ao impacto da tecnologia na sociedade e no meio ambiente.",candidate,2,EVID_TAIWAN_Q11_TW_001_P0001_001; EVID_TAIWAN_Q11_TW_001_P0001_002,TW_001,TW_001:p1; TW_001:p1,RESP_TAIWAN_Q11_20260912T145057Z,RUN_TAIWAN_20260912T145057Z,rag-country-v3.2,3.0
uruguai,Q11,Que elementos relacionados à cidadania global aparecem nos documentos curriculares?,"Os documentos curriculares mencionam elementos de cidadania global relacionados a competências como a cidadania digital, a construção de relações sociais e a consciência social, além da valorização de direitos e responsabilidades.",candidate,2,EVID_URUGUAI_Q11_UY_003_P0009_001; EVID_URUGUAI_Q11_UY_003_P0010_002,UY_003,UY_003:p9-10; UY_003:p10,RESP_URUGUAI_Q11_20260912T145323Z,RUN_URUGUAI_20260912T145323Z,rag-country-v3.2,3.0
africa-do-sul,Q12,"Como a formação, atuação ou desenvolvimento profissional docente para Computação e Educação Digital são abordados?","A formação, atuação ou desenvolvimento profissional docente para Computação e Educação Digital é abordada através de práticas que incluem o desenvolvimento de soluções, aplicações de princípios de engenharia de software e resolução de problemas computacionais. Os conteúdos incluem teoria, prática e avaliação de conhecimentos no uso de tecnologias digitais e seus impactos sociais.",candidate,2,EVID_AFRICA_DO_SUL_Q12_AF_ZA_01_P0030_001; EVID_AFRICA_DO_SUL_Q12_AF_ZA_02_P0025_002,AF-ZA-01; AF-ZA-02,AF-ZA-01:p30; AF-ZA-02:p25,RESP_AFRICA_DO_SUL_Q12_20260912T140454Z,RUN_AFRICA_DO_SUL_20260912T140454Z,rag-country-v3.2,3.0
australia,Q12,"Como a formação, atuação ou desenvolvimento profissional docente para Computação e Educação Digital são abordados?","A formação, atuação e desenvolvimento profissional docente para Computação e Educação Digital são abordados através de currículos que enfatizam a criação de soluções digitais, o uso de sistemas digitais, a representação de dados e a compreensão de conceitos de design e algoritmos. Os alunos aprendem a identificar e usar tecnologias, a colaborar e comunicar ideias usando ferramentas digitais, além de desenvolverem uma consciência sobre a segurança digital e a gestão de sua presença online.",candidate,2,EVID_AUSTRALIA_Q12_OC_AU_01_P0001_001; EVID_AUSTRALIA_Q12_OC_AU_01_P0001_002,OC-AU-01,OC-AU-01:p1-4; OC-AU-01:p1-4,RESP_AUSTRALIA_Q12_20260912T140702Z,RUN_AUSTRALIA_20260912T140702Z,rag-country-v3.2,3.0
brasil,Q12,"Como a formação, atuação ou desenvolvimento profissional docente para Computação e Educação Digital são abordados?","A formação, atuação e desenvolvimento profissional docente para Computação e Educação Digital são abordados por meio de assessoria técnica especializada, planejamento de programas de formação continuada e desenvolvimento de competências digitais dos professores, além da integração da Educação Digital ao currículo escolar.",candidate,3,EVID_BRASIL_Q12_BR_008_P0050_001; EVID_BRASIL_Q12_BR_018_P0012_002; EVID_BRASIL_Q12_BR_010_P0006_003,BR_008; BR_010; BR_018,BR_008:p50; BR_018:p12; BR_010:p6,RESP_BRASIL_Q12_20260912T140932Z,RUN_BRASIL_20260912T140932Z,rag-country-v3.2,3.0
canada,Q12,"Como a formação, atuação ou desenvolvimento profissional docente para Computação e Educação Digital são abordados?","A formação, atuação e desenvolvimento profissional docente em Computação e Educação Digital são abordados por meio da criação de novos pipelines e parcerias que injetam habilidades digitais no setor público. A equipe da Ontario Digital Service (ODS) aplica métodos de design e técnicas de pesquisa para trazer rapidamente ideias de produtos ou serviços à vida. O ODS também fornece ferramentas, processos e treinamento para apoiar as equipes do Serviço Público de Ontário na adoção de práticas digitais modernas em seu trabalho.",candidate,2,EVID_CANADA_Q12_CA_003_P0028_001; EVID_CANADA_Q12_CA_003_P0028_002,CA_003,CA_003:p28; CA_003:p28,RESP_CANADA_Q12_20260912T141201Z,RUN_CANADA_20260912T141201Z,rag-country-v3.2,3.0
chile,Q12,"Como a formação, atuação ou desenvolvimento profissional docente para Computação e Educação Digital são abordados?","A formação e desenvolvimento profissional docente para Computação e Educação Digital são abordados por meio da incorporação de ferramentas e tecnologias que são significativas para a pesquisa artística e educativa. A ênfase está em promover habilidades de difusão e apresentação que são alinhadas com o mundo juvenil. Os docentes são incentivados a utilizar TIC no ambiente escolar para facilitar a comunicação e a expressão, respeitando as considerações éticas do uso dessa tecnologia.",candidate,2,EVID_CHILE_Q12_CL_002_P0344_001; EVID_CHILE_Q12_CL_002_P0344_002,CL_002,CL_002:p344; CL_002:p344,RESP_CHILE_Q12_20260912T141439Z,RUN_CHILE_20260912T141439Z,rag-country-v3.2,3.0
china,Q12,"Como a formação, atuação ou desenvolvimento profissional docente para Computação e Educação Digital são abordados?","A formação e desenvolvimento profissional docente em Computação e Educação Digital são abordados com foco no ensino fundamentado em habilidades digitais, incentivando a autonomia e a colaboração dos alunos. Há ênfase na aplicação de tecnologias digitais para melhorar a aprendizagem e na importância de preparar os alunos para a sociedade digital.",candidate,2,EVID_CHINA_Q12_AS_CN_01_P0054_001; EVID_CHINA_Q12_AS_CN_01_P0055_002,AS-CN-01,AS-CN-01:p54; AS-CN-01:p55,RESP_CHINA_Q12_20260912T141700Z,RUN_CHINA_20260912T141700Z,rag-country-v3.2,3.0
coreia-do-sul,Q12,"Como a formação, atuação ou desenvolvimento profissional docente para Computação e Educação Digital são abordados?","A atuação e desenvolvimento profissional docente em Computação e Educação Digital abordam a formação de professores por meio do treinamento em capacidade de prática da educação inteligente e na utilização de livros didáticos digitais, que transformam a sala de aula em um ambiente centrado em atividades dos alunos, promovendo aprendizado autodirigido e interação.",candidate,2,EVID_COREIA_DO_SUL_Q12_KR_001_P0078_001; EVID_COREIA_DO_SUL_Q12_KR_001_P0052_002,KR_001,KR_001:p78; KR_001:p52,RESP_COREIA_DO_SUL_Q12_20260912T141943Z,RUN_COREIA_DO_SUL_20260912T141943Z,rag-country-v3.2,3.0
estonia,Q12,"Como a formação, atuação ou desenvolvimento profissional docente para Computação e Educação Digital são abordados?","Na Estônia, a formação e desenvolvimento profissional docente para Computação e Educação Digital são abordados por meio da implementação de diversas temáticas e aprendizagens que capacitam os alunos a utilizar tecnologias digitais de forma eficaz e segura. O currículo educacional enfatiza a importância da utilização de e-ambientes para o aprendizado, habilidades de programação, e a criação de projetos de tecnologia digital.",candidate,2,EVID_ESTONIA_Q12_EU_EE_02_P0001_001; EVID_ESTONIA_Q12_EU_EE_02_P0001_002,EU-EE-02,EU-EE-02:p1-10; EU-EE-02:p1-10,RESP_ESTONIA_Q12_20260912T135902Z,RUN_ESTONIA_20260912T135902Z,rag-country-v3.2,3.0
eua,Q12,"Como a formação, atuação ou desenvolvimento profissional docente para Computação e Educação Digital são abordados?","A formação e desenvolvimento profissional docente para Computação e Educação Digital são abordados através da necessidade de alinhamento entre os padrões de computação e outras disciplinas, bem como a importância de integrar esses conteúdos para maximizar a eficácia do ensino.",candidate,2,EVID_EUA_Q12_US_001_P0151_001; EVID_EUA_Q12_US_001_P0140_002,US_001,US_001:p151; US_001:p140-141,RESP_EUA_Q12_20260912T142218Z,RUN_EUA_20260912T142218Z,rag-country-v3.2,3.0
finlandia,Q12,"Como a formação, atuação ou desenvolvimento profissional docente para Computação e Educação Digital são abordados?","A formação, atuação e desenvolvimento profissional docente para Computação e Educação Digital são abordados através de um currículo nacional que enfoca a integração de conteúdos e a promoção de competências transversais, incluindo competência em TIC. As escolas são obrigadas a organizar módulos de aprendizagem multidisciplinares que envolvem a colaboração entre diferentes disciplinas e a participação dos alunos no planejamento.",candidate,2,EVID_FINLANDIA_Q12_FI_001_P0001_001; EVID_FINLANDIA_Q12_FI_001_P0003_002,FI_001,FI_001:p1; FI_001:p3,RESP_FINLANDIA_Q12_20260912T142441Z,RUN_FINLANDIA_20260912T142441Z,rag-country-v3.2,3.0
gana,Q12,"Como a formação, atuação ou desenvolvimento profissional docente para Computação e Educação Digital são abordados?","A formação e desenvolvimento profissional docente para Computação e Educação Digital em Gana incluem o uso de Tecnologias da Informação e Comunicação (TIC) como ferramentas de ensino e aprendizado. A abordagem didática incentiva a exposição dos alunos a diversas ferramentas TIC, como softwares e dispositivos tecnológicos, para aumentar a confiança e a motivação para o uso das TIC na educação.",candidate,2,EVID_GANA_Q12_GH_001_P0025_001; EVID_GANA_Q12_GH_002_P0005_002,GH_001; GH_002,GH_001:p25; GH_002:p5,RESP_GANA_Q12_20260912T142704Z,RUN_GANA_20260912T142704Z,rag-country-v3.2,3.0
hong-kong,Q12,"Como a formação, atuação ou desenvolvimento profissional docente para Computação e Educação Digital são abordados?","A formação, atuação e desenvolvimento profissional docente para Computação e Educação Digital são abordados através de e-learning e fomento ao aprendizado colaborativo, permitindo que os professores integrem ferramentas digitais em suas práticas pedagógicas. São criadas oportunidades para que os alunos utilizem tecnologias em seus processos de aprendizagem, incentivando a autoaprendizagem e a pesquisa ativa.",candidate,2,EVID_HONG_KONG_Q12_HK_001_P0156_001; EVID_HONG_KONG_Q12_HK_001_P0104_002,HK_001,HK_001:p156; HK_001:p104,RESP_HONG_KONG_Q12_20260912T142926Z,RUN_HONG_KONG_20260912T142926Z,rag-country-v3.2,3.0
irlanda,Q12,"Como a formação, atuação ou desenvolvimento profissional docente para Computação e Educação Digital são abordados?","A formação, atuação e desenvolvimento profissional docente para Computação e Educação Digital são abordados por meio de práticas e princípios fundamentais, onde os estudantes são incentivados a desenvolver habilidades de colaboração e autoeficiência. Há uma integração entre aprendizagem teórica e prática, enfatizando a resolução de problemas, a aplicação de conceitos fundamentais e a criação de artefatos computacionais que refletem suas vidas e interesses.",candidate,3,EVID_IRLANDA_Q12_IE_001_P0012_001; EVID_IRLANDA_Q12_IE_001_P0016_002; EVID_IRLANDA_Q12_IE_001_P0022_003,IE_001,IE_001:p12; IE_001:p16; IE_001:p22,RESP_IRLANDA_Q12_20260912T143215Z,RUN_IRLANDA_20260912T143215Z,rag-country-v3.2,3.0
japao,Q12,"Como a formação, atuação ou desenvolvimento profissional docente para Computação e Educação Digital são abordados?","A formação e atuação docente para Computação e Educação Digital no Japão envolvem práticas de ensino que promovem o aprendizado ativo e colaborativo, enfatizando a criação de conteúdos digitais e a gestão de informações. Os docentes são incentivados a desenvolver uma abordagem prática, integrando competências técnicas e teóricas.",candidate,2,EVID_JAPAO_Q12_JP_002_P0163_001; EVID_JAPAO_Q12_JP_002_P0113_002,JP_002,JP_002:p163; JP_002:p113,RESP_JAPAO_Q12_20260912T143439Z,RUN_JAPAO_20260912T143439Z,rag-country-v3.2,3.0
nova-zelandia,Q12,"Como a formação, atuação ou desenvolvimento profissional docente para Computação e Educação Digital são abordados?","A formação, atuação e desenvolvimento profissional docente para Computação e Educação Digital na Nova Zelândia envolve a implementação de uma abordagem integrada ao currículo, que conecta a tecnologia a outras áreas de aprendizagem. Educadores são incentivados a participar de desenvolvimento profissional contínuo e a aplicar práticas inovadoras em suas aulas.",candidate,3,EVID_NOVA_ZELANDIA_Q12_NZ_001_P0008_001; EVID_NOVA_ZELANDIA_Q12_NZ_001_P0010_002; EVID_NOVA_ZELANDIA_Q12_NZ_001_P0011_003,NZ_001,NZ_001:p8; NZ_001:p10; NZ_001:p11,RESP_NOVA_ZELANDIA_Q12_20260912T143655Z,RUN_NOVA_ZELANDIA_20260912T143655Z,rag-country-v3.2,3.0
quenia,Q12,"Como a formação, atuação ou desenvolvimento profissional docente para Computação e Educação Digital são abordados?",A formação e desenvolvimento profissional docente para Computação e Educação Digital são abordados por meio da integração das competências digitais em todas as áreas de aprendizagem e pela necessidade de reformar o currículo de formação de professores para preparar educadores que possam atender a diversidade de aprendizes.,candidate,2,EVID_QUENIA_Q12_KE_001_P0134_001; EVID_QUENIA_Q12_KE_001_P0132_002,KE_001,KE_001:p134; KE_001:p132,RESP_QUENIA_Q12_20260912T143913Z,RUN_QUENIA_20260912T143913Z,rag-country-v3.2,3.0
reino-unido,Q12,"Como a formação, atuação ou desenvolvimento profissional docente para Computação e Educação Digital são abordados?","A formação, atuação e desenvolvimento profissional docente para Computação e Educação Digital no Reino Unido visam garantir que todos os alunos possam compreender e aplicar os princípios fundamentais da ciência da computação, desenvolver habilidades analíticas e criativas, e utilizar a tecnologia de forma responsável e eficaz.",candidate,2,EVID_REINO_UNIDO_Q12_UK_001_P0001_001; EVID_REINO_UNIDO_Q12_UK_002_P0002_002,UK_001; UK_002,UK_001:p1; UK_002:p2,RESP_REINO_UNIDO_Q12_20260912T144124Z,RUN_REINO_UNIDO_20260912T144124Z,rag-country-v3.2,3.0
ruanda,Q12,"Como a formação, atuação ou desenvolvimento profissional docente para Computação e Educação Digital são abordados?","O desenvolvimento profissional docente em Computação e Educação Digital é abordado através de práticas de ensino que envolvem avaliação contínua e feedback. As atividades incluem formação e prática individual dos alunos, com ênfase em habilidades práticas e conhecimentos aplicados, permitindo que os professores monitorem o progresso e forneçam orientação adequada.",candidate,2,EVID_RUANDA_Q12_RW_001_P0013_001; EVID_RUANDA_Q12_RW_001_P0013_002,RW_001,RW_001:p13; RW_001:p13,RESP_RUANDA_Q12_20260912T144341Z,RUN_RUANDA_20260912T144341Z,rag-country-v3.2,3.0
singapura,Q12,"Como a formação, atuação ou desenvolvimento profissional docente para Computação e Educação Digital são abordados?","A formação, atuação e desenvolvimento profissional docente em Computação e Educação Digital em Singapura são abordados através de um framework que integra competências do século XXI, enfatizando o pensamento computacional e o uso ético da tecnologia. Os professores são incentivados a manter altos padrões profissionais e devem desenvolver suas práticas para alinhar-se com as diretrizes estabelecidas pelo Ministério da Educação (MOE), que promove o uso responsável da Inteligência Artificial na educação.",candidate,2,EVID_SINGAPURA_Q12_SG_003_P0001_001; EVID_SINGAPURA_Q12_SG_001_P0001_002,SG_001; SG_003,SG_003:p1-3; SG_001:p1-4,RESP_SINGAPURA_Q12_20260912T144617Z,RUN_SINGAPURA_20260912T144617Z,rag-country-v3.2,3.0
suica,Q12,"Como a formação, atuação ou desenvolvimento profissional docente para Computação e Educação Digital são abordados?","A formação, atuação e desenvolvimento profissional docente para Computação e Educação Digital são abordados por meio da integração das tecnologias nos percursos pedagógicos e na criação de projetos multidisciplinares que visam o fortalecimento da competência em Tecnologia e Mídia.",candidate,2,EVID_SUICA_Q12_CH_002_P0007_001; EVID_SUICA_Q12_CH_002_P0008_002,CH_002,CH_002:p7; CH_002:p8,RESP_SUICA_Q12_20260912T144840Z,RUN_SUICA_20260912T144840Z,rag-country-v3.2,3.0
taiwan,Q12,"Como a formação, atuação ou desenvolvimento profissional docente para Computação e Educação Digital são abordados?","A formação, atuação e desenvolvimento profissional docente em Computação e Educação Digital incluem o aumento da capacidade para resolver problemas e o entendimento de sistemas de informação. Os docentes devem ser capazes de aplicar essas habilidades para a colaboração em projetos e o uso de tecnologia para soluções práticas.",candidate,2,EVID_TAIWAN_Q12_TW_001_P0011_001; EVID_TAIWAN_Q12_TW_001_P0011_002,TW_001,TW_001:p11; TW_001:p11,RESP_TAIWAN_Q12_20260912T145057Z,RUN_TAIWAN_20260912T145057Z,rag-country-v3.2,3.0
uruguai,Q12,"Como a formação, atuação ou desenvolvimento profissional docente para Computação e Educação Digital são abordados?","A formação, atuação e desenvolvimento profissional docente em Computação e Educação Digital são abordados através de metodologias que integram as Tecnologias da Informação e Comunicação (TIC) nas práticas pedagógicas. A capacitação docente é voltada para a inter e transdisciplinariedade, abordando a validação e análise de informações, conhecimento em realização de projetos, e redução de barreiras de comunicação entre docentes e estudantes.",candidate,1,EVID_URUGUAI_Q12_UY_001_P0023_001,UY_001,UY_001:p23,RESP_URUGUAI_Q12_20260912T145323Z,RUN_URUGUAI_20260912T145323Z,rag-country-v3.2,3.0
africa-do-sul,Q13,"Quais eixos, conceitos e competências aparecem de forma recorrente nos documentos analisados do país?","Os documentos analisados da África do Sul apresentam eixos recorrentes relacionados a tecnologias da informação e comunicação (TIC), gestão de dados e desenvolvimento de soluções através do pensamento computacional.",candidate,2,EVID_AFRICA_DO_SUL_Q13_AF_ZA_01_P0022_001; EVID_AFRICA_DO_SUL_Q13_AF_ZA_02_P0017_002,AF-ZA-01; AF-ZA-02,AF-ZA-01:p22; AF-ZA-02:p17,RESP_AFRICA_DO_SUL_Q13_20260912T140454Z,RUN_AFRICA_DO_SUL_20260912T140454Z,rag-country-v3.2,3.0
australia,Q13,"Quais eixos, conceitos e competências aparecem de forma recorrente nos documentos analisados do país?","Os eixos, conceitos e competências recorrentes nos documentos analisados incluem a identificação de sistemas digitais, o processamento e representação de dados, a criação de soluções projetadas e a consideração da sustentabilidade.",candidate,3,EVID_AUSTRALIA_Q13_OC_AU_01_P0001_001; EVID_AUSTRALIA_Q13_OC_AU_01_P0001_002; EVID_AUSTRALIA_Q13_OC_AU_02_P0001_003,OC-AU-01; OC-AU-02,OC-AU-01:p1; OC-AU-01:p1; OC-AU-02:p1,RESP_AUSTRALIA_Q13_20260912T140702Z,RUN_AUSTRALIA_20260912T140702Z,rag-country-v3.2,3.0
brasil,Q13,"Quais eixos, conceitos e competências aparecem de forma recorrente nos documentos analisados do país?","Os documentos analisados mencionam recorrentemente eixos relacionados a: língua portuguesa, matemática, conhecimento do mundo físico e natural, realidade social e política do Brasil, arte, educação física, história, sociologia, filosofia e línguas estrangeiras. Também são abordadas as competências de aplicar conhecimentos em contextos sociais e de trabalho, desenvolvimento do pensamento crítico e científico, e a compreensão das dinâmicas socioespaciais.",candidate,2,EVID_BRASIL_Q13_BR_004_P0477_001; EVID_BRASIL_Q13_BR_003_P0550_002,BR_003; BR_004,BR_004:p477-479; BR_003:p550-551,RESP_BRASIL_Q13_20260912T140932Z,RUN_BRASIL_20260912T140932Z,rag-country-v3.2,3.0
canada,Q13,"Quais eixos, conceitos e competências aparecem de forma recorrente nos documentos analisados do país?","Os eixos e conceitos recorrentes nos documentos analisados do Canadá incluem: a centralidade nas pessoas no design de serviços, a importância da inclusão, equidade e acesso, e a utilização de abordagens ágeis e centradas no usuário na entrega de serviços digitais.",candidate,3,EVID_CANADA_Q13_CA_003_P0001_001; EVID_CANADA_Q13_CA_003_P0004_002; EVID_CANADA_Q13_CA_003_P0037_003,CA_003,CA_003:p1; CA_003:p4; CA_003:p37,RESP_CANADA_Q13_20260912T141201Z,RUN_CANADA_20260912T141201Z,rag-country-v3.2,3.0
chile,Q13,"Quais eixos, conceitos e competências aparecem de forma recorrente nos documentos analisados do país?","Os eixos recorrentes nos documentos analisados incluem a comunicação, apreciação e análise musical, bem como a valorização crítica da música. Além disso, as competências incluem a identificação de elementos do linguagem musical e a capacidade de argumentar e formular hipóteses com base em evidências.",candidate,3,EVID_CHILE_Q13_CL_002_P0310_001; EVID_CHILE_Q13_CL_002_P0310_002; EVID_CHILE_Q13_CL_002_P0310_003,CL_002,CL_002:p310-312; CL_002:p310-312; CL_002:p310-312,RESP_CHILE_Q13_20260912T141439Z,RUN_CHILE_20260912T141439Z,rag-country-v3.2,3.0
china,Q13,"Quais eixos, conceitos e competências aparecem de forma recorrente nos documentos analisados do país?","Os documentos analisados na China abordam temas recorrentes como o uso de tecnologias digitais na educação, competências em gerenciamento de informações e a importância da ética no uso da tecnologia.",candidate,3,EVID_CHINA_Q13_AS_CN_01_P0034_001; EVID_CHINA_Q13_AS_CN_01_P0010_002; EVID_CHINA_Q13_AS_CN_01_P0054_003,AS-CN-01,AS-CN-01:p34; AS-CN-01:p10; AS-CN-01:p54,RESP_CHINA_Q13_20260912T141700Z,RUN_CHINA_20260912T141700Z,rag-country-v3.2,3.0
coreia-do-sul,Q13,"Quais eixos, conceitos e competências aparecem de forma recorrente nos documentos analisados do país?","Os documentos analisados mencionam a criação de um ambiente educacional digital inteligente, a realização de serviços educacionais personalizados com o uso de TIC, e o desenvolvimento e disseminação de materiais didáticos digitais como eixos estratégicos recorrentes.",candidate,3,EVID_COREIA_DO_SUL_Q13_KR_001_P0038_001; EVID_COREIA_DO_SUL_Q13_KR_001_P0052_002; EVID_COREIA_DO_SUL_Q13_KR_001_P0050_003,KR_001,KR_001:p38; KR_001:p52; KR_001:p50,RESP_COREIA_DO_SUL_Q13_20260912T141943Z,RUN_COREIA_DO_SUL_20260912T141943Z,rag-country-v3.2,3.0
estonia,Q13,"Quais eixos, conceitos e competências aparecem de forma recorrente nos documentos analisados do país?","Os eixos, conceitos e competências recorrentes nos documentos analisados da Estônia incluem: capacidade de aprender, empatia e responsabilidade social, habilidades de comunicação e expressão em múltiplas línguas, competências para resolução de problemas matemáticos e entendimento de questões ambientais, além do uso responsável da tecnologia e apreciação da arte.",candidate,4,EVID_ESTONIA_Q13_EU_EE_01_PNA_001; EVID_ESTONIA_Q13_EU_EE_01_PNA_002; EVID_ESTONIA_Q13_EU_EE_01_PNA_003; EVID_ESTONIA_Q13_EU_EE_02_P0005_004,EU-EE-01; EU-EE-02,EU-EE-01:p7; EU-EE-01:p7; EU-EE-01:p7; EU-EE-02:p5,RESP_ESTONIA_Q13_20260912T135902Z,RUN_ESTONIA_20260912T135902Z,rag-country-v3.2,3.0
eua,Q13,"Quais eixos, conceitos e competências aparecem de forma recorrente nos documentos analisados do país?","Os documentos analisados frequentemente mencionam a importância da inclusão, equidade e diversidade no contexto da educação em ciência da computação. Também destaca a necessidade de considerar as diversas necessidades dos usuários durante o processo de design de artefatos computacionais.",candidate,3,EVID_EUA_Q13_US_001_P0039_001; EVID_EUA_Q13_US_001_P0046_002; EVID_EUA_Q13_US_001_P0039_003,US_001,US_001:p39; US_001:p46; US_001:p39,RESP_EUA_Q13_20260912T142218Z,RUN_EUA_20260912T142218Z,rag-country-v3.2,3.0
finlandia,Q13,"Quais eixos, conceitos e competências aparecem de forma recorrente nos documentos analisados do país?","Os documentos analisados da Finlândia apresentam eixos recorrentes nas competências, destacando a importância da educação integrada e transversal. As competências transversais incluem: pensamento e aprendizagem, competência cultural, interação e expressão, gestão da vida diária, multiliteracia, competência em TIC, e capacidades de vida profissional e empreendedorismo. Os documentos também enfatizam a promoção da participação, envolvimento e construção de um futuro sustentável.",candidate,2,EVID_FINLANDIA_Q13_FI_001_P0001_001; EVID_FINLANDIA_Q13_FI_001_P0002_002,FI_001,FI_001:p1; FI_001:p2,RESP_FINLANDIA_Q13_20260912T142441Z,RUN_FINLANDIA_20260912T142441Z,rag-country-v3.2,3.0
gana,Q13,"Quais eixos, conceitos e competências aparecem de forma recorrente nos documentos analisados do país?","Os documentos analisados do Gana mencionam de forma recorrente os seguintes eixos, conceitos e competências: Comunicação e Colaboração, Criatividade e Inovação, Identidade Cultural e Cidadania Global, Desenvolvimento Pessoal e Liderança, e Alfabetização Digital.",candidate,2,EVID_GANA_Q13_GH_001_P0025_001; EVID_GANA_Q13_GH_001_P0088_002,GH_001,GH_001:p25; GH_001:p88-89,RESP_GANA_Q13_20260912T142704Z,RUN_GANA_20260912T142704Z,rag-country-v3.2,3.0
hong-kong,Q13,"Quais eixos, conceitos e competências aparecem de forma recorrente nos documentos analisados do país?","Os documentos analisados de Hong Kong enfatizam a importância do respeito às culturas diversas, a consciência cívica e a responsabilidade individual. A educação também se concentra em habilidades de pensamento crítico e na adaptação às mudanças sociais.",candidate,3,EVID_HONG_KONG_Q13_HK_001_P0046_001; EVID_HONG_KONG_Q13_HK_001_P0047_002; EVID_HONG_KONG_Q13_HK_001_P0048_003,HK_001,HK_001:p46; HK_001:p47; HK_001:p48,RESP_HONG_KONG_Q13_20260912T142926Z,RUN_HONG_KONG_20260912T142926Z,rag-country-v3.2,3.0
irlanda,Q13,"Quais eixos, conceitos e competências aparecem de forma recorrente nos documentos analisados do país?","Os eixos, conceitos e competências recorrentes nos documentos analisados incluem a aplicação de princípios e práticas da ciência da computação, como abstração, algoritmos e sistemas computacionais. Também há foco no desenvolvimento de habilidades de pensamento computacional e na aplicação ética do conhecimento.",candidate,2,EVID_IRLANDA_Q13_IE_001_P0001_001; EVID_IRLANDA_Q13_IE_001_P0001_002,IE_001,IE_001:p1-36; IE_001:p1-36,RESP_IRLANDA_Q13_20260912T143215Z,RUN_IRLANDA_20260912T143215Z,rag-country-v3.2,3.0
japao,Q13,"Quais eixos, conceitos e competências aparecem de forma recorrente nos documentos analisados do país?","Os documentos analisados do Japão mencionam a importância da coleta, organização, análise e apresentação de dados, bem como o desenvolvimento de habilidades em comunicação e resolução de problemas. A ética em tecnologia e a compreensão do impacto da digitalização são também temas recorrentes.",candidate,2,EVID_JAPAO_Q13_JP_001_P0001_001; EVID_JAPAO_Q13_JP_001_P0002_002,JP_001,JP_001:p1; JP_001:p2,RESP_JAPAO_Q13_20260912T143439Z,RUN_JAPAO_20260912T143439Z,rag-country-v3.2,3.0
nova-zelandia,Q13,"Quais eixos, conceitos e competências aparecem de forma recorrente nos documentos analisados do país?","Os documentos analisados destacam conceitos e competências relacionadas ao pensamento computacional, práticas digitais e aprendizagem integrada. Os eixos incluem a prática tecnológica, conhecimento tecnológico e a natureza da tecnologia, que devem ser inter-relacionados na implementação do currículo.",candidate,3,EVID_NOVA_ZELANDIA_Q13_NZ_001_P0001_001; EVID_NOVA_ZELANDIA_Q13_NZ_001_P0001_002; EVID_NOVA_ZELANDIA_Q13_NZ_001_P0001_003,NZ_001,NZ_001:p1; NZ_001:p1; NZ_001:p1,RESP_NOVA_ZELANDIA_Q13_20260912T143655Z,RUN_NOVA_ZELANDIA_20260912T143655Z,rag-country-v3.2,3.0
quenia,Q13,"Quais eixos, conceitos e competências aparecem de forma recorrente nos documentos analisados do país?","Os eixos, conceitos e competências recorrentes nos documentos analisados incluem: Comunicação e Colaboração, Pensamento Crítico e Resolução de Problemas, Imaginação e Criatividade, Cidadania, Alfabetização Digital, Aprender a Aprender e Autoeficácia.",candidate,1,EVID_QUENIA_Q13_KE_002_P0022_001,KE_002,KE_002:p22,RESP_QUENIA_Q13_20260912T143913Z,RUN_QUENIA_20260912T143913Z,rag-country-v3.2,3.0
reino-unido,Q13,"Quais eixos, conceitos e competências aparecem de forma recorrente nos documentos analisados do país?","Os documentos analisados destacam a importância de conceitos como algoritmos, pensamento computacional, e habilidades digitais. Os eixos centrais incluem a criação, avaliação e uso de tecnologias digitais, além do desenvolvimento de habilidades de programação e resolução de problemas.",candidate,2,EVID_REINO_UNIDO_Q13_UK_001_P0001_001; EVID_REINO_UNIDO_Q13_UK_002_P0002_002,UK_001; UK_002,UK_001:p1-2; UK_002:p2-3,RESP_REINO_UNIDO_Q13_20260912T144124Z,RUN_REINO_UNIDO_20260912T144124Z,rag-country-v3.2,3.0
ruanda,Q13,"Quais eixos, conceitos e competências aparecem de forma recorrente nos documentos analisados do país?","Os eixos, conceitos e competências que aparecem de forma recorrente nos documentos analisados de Ruanda incluem: a utilização de Tecnologias da Informação e Comunicação (TIC) para o desenvolvimento de competências em ambiente educativo, a promoção do pensamento crítico e da resolução de problemas, e o foco em competências básicas e genéricas que visam o desenvolvimento de habilidades superiores de pensamento.",candidate,3,EVID_RUANDA_Q13_RW_001_P0008_001; EVID_RUANDA_Q13_RW_001_P0009_002; EVID_RUANDA_Q13_RW_001_P0010_003,RW_001,RW_001:p8-9; RW_001:p9; RW_001:p10,RESP_RUANDA_Q13_20260912T144341Z,RUN_RUANDA_20260912T144341Z,rag-country-v3.2,3.0
singapura,Q13,"Quais eixos, conceitos e competências aparecem de forma recorrente nos documentos analisados do país?","['Os documentos analisados destacam a importância do pensamento crítico e inventivo na solução de problemas, além da aplicação de raciocínio formal e pensamento sistêmico na análise e implementação de soluções computacionais. Também enfatizam a habilidade de comunicação efetiva e a compreensão de questões cívicas e globais, incluindo proteção de dados e direitos autorais.']",candidate,2,EVID_SINGAPURA_Q13_SG_002_P0017_001; EVID_SINGAPURA_Q13_SG_002_P0018_002,SG_002,SG_002:p17-18; SG_002:p18,RESP_SINGAPURA_Q13_20260912T144617Z,RUN_SINGAPURA_20260912T144617Z,rag-country-v3.2,3.0
suica,Q13,"Quais eixos, conceitos e competências aparecem de forma recorrente nos documentos analisados do país?","['Os principais eixos, conceitos e competências recorrentes nos documentos analisados da Suíça incluem: a responsabilidade na utilização de dispositivos digitais, a gestão eficaz da informação e a colaboração em ambientes digitais.']",candidate,2,EVID_SUICA_Q13_CH_001_P0001_001; EVID_SUICA_Q13_CH_003_P0001_002,CH_001; CH_003,CH_001:p1; CH_003:p1,RESP_SUICA_Q13_20260912T144840Z,RUN_SUICA_20260912T144840Z,rag-country-v3.2,3.0
taiwan,Q13,"Quais eixos, conceitos e competências aparecem de forma recorrente nos documentos analisados do país?","Os eixos, conceitos e competências recorrentes nos documentos de Taiwan incluem: ""Pensamento Computacional e Resolução de Problemas"", ""Tecnologia da Informação e Colaboração Criativa"", ""Tecnologia da Informação e Expressão"", ""Atitude em Relação ao Uso de Tecnologia da Informação"", ""Expressão e Algoritmo Computacional"" e ""Criação em Tecnologia da Informação"".",candidate,1,EVID_TAIWAN_Q13_TW_001_P0010_001,TW_001,TW_001:p10,RESP_TAIWAN_Q13_20260912T145057Z,RUN_TAIWAN_20260912T145057Z,rag-country-v3.2,3.0
uruguai,Q13,"Quais eixos, conceitos e competências aparecem de forma recorrente nos documentos analisados do país?","Os documentos analisados do Uruguai destacam a importância de metodologias que promovem a inclusão e a diversidade, bem como a integração de competências digitais e sociais no contexto educativo.",candidate,2,EVID_URUGUAI_Q13_UY_001_P0200_001; EVID_URUGUAI_Q13_UY_003_P0004_002,UY_001; UY_003,UY_001:p200-201; UY_003:p4,RESP_URUGUAI_Q13_20260912T145323Z,RUN_URUGUAI_20260912T145323Z,rag-country-v3.2,3.0
